3475.16,5218,258,980,125,470
3483.02,5186,258,980,126,480
3489.64,5378,258,980,127,490
3497.61,5506,259,980,126,490
3505.12,5826,259,980,127,500
3512.75,6050,260,980,127,500
3520.34,6290,261,981,127,500
3527.28,6498,262,981,127,500
3534.88,8371,263,981,127,500
3541.95,8900,264,981,127,500
3549.6,9284,266,982,127,500
3559.16,9556,267,982,128,500
3563.93,9828,269,982,128,500
3572.02,10036,270,983,129,500
3579.68,10436,272,983,129,500
3586.49,10788,273,983,129,500
3594.18,11157,274,984,129,500
3601.93,11525,276,984,129,500
3608.69,11893,277,985,129,500
3616.97,12181,278,986,129,500
3623.25,12501,280,987,129,500
3630.77,12837,281,987,129,500
3638.71,13142,282,989,130,510
3646.38,13430,283,990,130,510
3653.28,13686,285,991,130,510
3660.76,13894,286,993,130,510
3668.82,14006,288,994,130,510
3675.12,14198,289,996,130,510
3683.28,14374,291,998,132,510
3690.98,14598,293,1000,132,510
3698.64,14694,294,1002,132,510
3705.37,14742,296,1004,133,510
3713.94,14790,297,1005,133,510
3720.09,14918,299,1007,133,510
3727.43,14966,300,1009,133,510
3735.46,15046,301,1010,133,510
3742.24,15094,303,1012,134,500
3749.97,15222,304,1013,134,500
3757.74,15270,305,1015,134,500
3764.62,15447,306,1017,135,510
3772.31,15559,308,1019,135,510
3779.99,15639,309,1020,135,510
3786.85,15671,310,1023,135,510
3794.84,15799,311,1025,136,500
3802.4,15783,312,1027,136,500
3809.37,15799,313,1029,136,500
3816.92,15863,314,1031,137,510
3824.22,15863,315,1034,137,510
3832.23,15895,316,1036,138,500
3839.09,15879,317,1038,138,500
3847.09,15943,317,1040,138,500
3854.24,15991,318,1042,138,500
3861.35,15991,318,1043,140,500
3868.98,16071,319,1045,140,500
3876.38,16103,319,1047,140,500
3883.68,16183,320,1049,141,490
3891.82,16183,320,1051,141,490
3898.12,16263,320,1053,141,490
3905.55,16359,320,1054,142,480
3913.56,16391,320,1056,142,480
3921,16407,320,1058,142,480
3927.98,16503,320,1060,143,480
3935.79,16583,321,1061,143,480
3943.33,16615,321,1063,143,480
3950,16759,321,1064,143,480
3957.81,16807,321,1066,143,480
3965.13,16855,321,1067,144,470
3972.74,16919,321,1069,144,470
3980.55,16999,321,1070,144,470
3988.24,17047,321,1071,144,470
3994.58,17095,321,1072,144,470
4002.05,17143,321,1074,144,470
4010,17223,321,1075,144,470
4016.67,17239,321,1076,144,470
4024.56,17287,321,1078,144,470
4032.27,17319,321,1079,144,470
4039.1,17319,321,1080,145,460
4046.4,17335,321,1081,145,460
4054.56,17351,320,1083,145,460
4061.3,17431,320,1084,145,460
4069.91,17415,320,1085,145,460
4076.67,17351,320,1086,145,460
4083.72,17223,320,1088,145,460
4091.28,17367,320,1089,145,460
4099.04,17431,319,1090,145,460
4113.02,17431,319,1091,146,460
4121.09,17431,319,1092,146,460
4127.71,17383,319,1093,145,450
4135.81,17496,319,1093,145,450
4143.11,17512,319,1094,145,450
4149.77,17592,318,1094,145,450
4157.76,17640,318,1095,145,450
4165.71,17672,318,1096,145,450
4171.92,17640,318,1096,145,440
4180.47,17672,318,1097,145,440
4187.75,17688,318,1097,145,440
4195.04,17720,317,1098,145,440
4202.27,17768,317,1098,145,440
4209.56,17784,317,1098,145,440
4216.5,17784,317,1099,145,440
4225.45,17752,316,1099,145,440
4232.23,17704,316,1099,145,440
4239.8,17736,316,1100,145,440
4246.66,17768,316,1100,145,440
4254.36,17768,315,1100,145,440
4262.15,17784,315,1101,145,440
4268.99,17816,315,1101,145,440
4277.25,17704,314,1101,144,440
4284.29,17672,314,1101,144,440
4290.89,17688,314,1101,144,440
4305.2,17720,313,1101,144,440
4313.19,17736,313,1102,144,440
4321,17768,312,1102,144,440
4328.61,17736,312,1102,144,440
4335.14,17800,312,1102,144,440
4343.23,17816,311,1102,144,440
4350.84,17832,311,1102,144,440
4358.21,17864,310,1102,144,440
4365.46,17880,310,1102,143,440
4373.82,17832,310,1102,143,440
4379.84,17880,309,1102,143,440
4401.77,17864,309,1102,143,440
4409.63,17864,308,1102,143,440
4417.19,17816,308,1102,143,440
4424.2,17768,308,1102,143,440
4431.87,17752,308,1102,143,440
4439.54,17736,307,1102,143,440
4446.24,17704,307,1102,143,440
4454.92,17656,307,1102,143,440
4461.85,17624,307,1102,143,440
4468.49,17656,306,1102,143,440
4476.35,17592,306,1102,143,440
4484.13,17592,306,1101,143,440
4491.06,17624,305,1101,143,440
4498.29,17592,305,1101,143,440
4506.28,17624,305,1100,143,440
4513.88,17640,305,1100,143,440
4528.93,17640,304,1100,143,440
4529.8,17624,304,1099,142,440
4535.85,17640,304,1099,142,440
4543.17,17640,304,1098,142,440
4551.64,17624,303,1098,142,440
4557.9,17624,303,1097,142,440
4567.4,17624,303,1096,142,440
4573.4,17592,303,1096,142,440
4579.84,17624,302,1095,142,440
4587.96,17624,302,1094,142,440
4595.19,17592,302,1094,142,440
4603.27,17592,302,1093,142,440
4610.02,17576,301,1092,141,450
4617.89,17576,301,1091,141,450
4625.5,17624,301,1091,141,450
4632.76,17656,300,1090,141,450
4639.92,17656,300,1089,141,450
4647.28,17624,300,1089,141,450
4654.59,17624,300,1088,141,450
4662.17,17624,299,1087,140,450
4670.09,17656,299,1086,140,450
4676.75,17640,299,1085,140,450
4684.57,17624,299,1084,140,450
4691.31,17656,298,1084,139,450
4700.26,17640,298,1083,139,450
4706.63,17624,298,1082,139,450
4714.58,17592,298,1081,139,450
4721.37,17656,298,1081,139,450
4729.74,17640,298,1080,139,450
4736.62,17592,298,1079,139,450
4743.78,17640,297,1079,139,450
4751.11,17624,297,1078,139,450
4758.7,17592,297,1077,138,460
4765.82,17576,297,1076,138,460
4773.42,17560,297,1075,138,460
4780.94,17528,297,1074,138,460
4787.92,17431,297,1073,138,460
4795.52,17415,297,1073,138,460
4803.32,17415,297,1072,138,460
4810.18,17431,297,1071,138,460
4817.89,17383,297,1069,138,460
4825.97,17383,297,1068,138,460
4833.28,17399,297,1067,138,460
4840.33,17399,297,1066,138,460
4847.84,17399,297,1064,138,460
4854.62,17399,297,1063,138,460
4862.58,17415,298,1062,138,460
4869.94,17383,298,1061,138,460
4876.5,17399,298,1060,138,460
4884.36,17431,298,1059,138,460
4892.35,17431,298,1058,138,460
4900.08,17431,298,1057,137,460
4906.82,17431,299,1056,137,460
4914.57,17383,299,1055,137,460
4922.76,17399,299,1054,138,470
4936.88,17415,299,1053,138,470
4943.47,17415,300,1052,137,470
4950.85,17447,300,1051,137,470
4959.03,17447,300,1050,137,470
4966.81,17463,300,1049,137,470
4973.63,17480,301,1049,137,470
4981.06,17480,301,1048,137,470
4989,17496,301,1047,137,470
5003.47,17512,302,1047,137,470
5010.25,17528,302,1046,137,470
5018.79,17528,302,1046,136,480
5025.72,17560,303,1045,136,480
5034.03,17640,303,1045,136,480
5040.3,17640,304,1044,136,480
5048.03,17656,304,1043,136,480
5062.43,17672,305,1042,136,480
5070.31,17736,305,1041,135,490
5077.51,17768,306,1041,135,490
5084.67,17784,306,1040,135,490
5092.34,17816,307,1039,135,490
5100.1,17896,307,1039,135,490
5106.87,17928,307,1038,135,490
5115.35,17928,308,1037,135,490
5122.2,18024,308,1037,135,500
5128.92,18040,308,1036,135,500
5136.68,18056,308,1036,135,500
5144.23,18120,309,1035,135,500
5152.39,18184,309,1035,135,500
5159.04,18200,309,1034,135,500
5166.75,18264,310,1033,135,500
5173.52,18296,310,1033,134,500
5181.19,18376,310,1032,134,500
5189.01,18408,311,1031,134,500
5196.87,18552,311,1031,134,500
5203.42,18584,311,1030,134,500
5211.99,18616,312,1029,134,500
5218.11,18744,312,1029,134,500
5225.58,18776,312,1028,133,510
5233.41,18888,313,1027,133,510
5239.98,18936,313,1027,134,510
5248,18968,313,1026,134,510
5255.5,19064,314,1025,134,510
5262.53,19128,314,1025,133,520
5269.77,19176,314,1024,133,520
5277.8,19256,315,1024,133,520
5284.68,19448,315,1023,133,520
5292.7,19544,315,1023,133,520
5299.97,19624,316,1022,133,520
5308.5,19689,316,1021,133,520
5314.5,19785,316,1021,133,520
5322.27,19865,317,1020,133,520
5329.31,19993,317,1020,133,520
5336.62,20089,317,1019,133,520
5344.64,20121,317,1019,133,520
5352.21,20233,318,1018,134,520
5359.3,20313,318,1018,134,520
5366.62,20393,318,1018,134,520
5373.66,20441,319,1017,134,520
5381.3,20537,319,1017,134,520
5389.45,20505,319,1016,133,530
5395.76,20601,320,1016,133,530
5403.31,20633,320,1015,133,530
5411.13,20697,320,1015,133,530
5418.75,20681,321,1014,133,530
5425.73,20745,321,1013,133,530
5433.18,20793,322,1013,133,530
5441.15,20857,322,1012,133,530
5447.79,20937,323,1011,133,530
5455.8,20921,323,1011,133,530
5462.99,21033,324,1010,133,530
5470.32,21097,324,1009,133,530
5477.91,21097,325,1009,133,530
5485.94,21161,325,1008,133,530
5500.72,21289,326,1008,130,530
5502.2,21321,326,1007,130,530
5507.88,21337,326,1007,130,530
5514.69,21385,327,1006,130,530
5522.73,21481,327,1006,130,530
5529.89,21545,328,1006,130,530
5537.93,21609,328,1005,130,530
5544.28,21593,328,1005,130,530
5552.27,21625,329,1005,130,530
5559.19,21657,329,1004,130,530
5567.17,21705,330,1004,130,530
5574.61,21753,330,1003,130,530
5582.33,21785,330,1003,130,530
5589.1,21801,331,1003,130,530
5597.16,21753,331,1002,130,530
5604.56,21801,332,1002,130,530
5611.49,21833,332,1001,130,530
5619.22,21882,333,1001,130,530
5626.22,21930,333,1001,130,530
5633.65,21994,334,1000,129,530
5641.05,22026,334,1000,129,530
5648.09,22106,335,1000,129,530
5655.91,22090,335,999,130,540
5663.7,22154,335,999,130,540
5670.36,22234,336,999,130,540
5678.65,22298,336,999,130,540
5685.63,22346,337,998,130,540
5693.67,22426,338,998,130,540
5700.55,22474,338,998,129,530
5708.03,22522,339,998,129,530
5715.93,22586,340,998,128,540
5723.11,22666,341,997,128,540
5730.42,22682,341,997,128,540
5738.04,22762,342,997,129,550
5744.91,22826,343,997,129,550
5752.46,22794,344,997,129,550
5760.62,22906,344,997,129,550
5768.08,22858,345,997,129,550
5775.74,22938,346,997,129,550
5782.68,22922,347,997,129,550
5789.19,22970,348,997,129,550
5797.14,23066,349,997,129,550
5804.82,23050,350,997,129,550
5811.67,23162,351,997,129,550
5819.19,23210,352,997,129,550
5827.29,23258,353,998,129,550
5833.79,23290,354,998,129,550
5841.68,23338,356,999,130,550
5849.38,23402,357,1000,130,550
5857.15,23434,358,1000,130,550
5863.66,23498,359,1001,130,550
5872.11,23546,361,1002,130,550
5878.23,23658,362,1003,130,550
5885.92,23674,363,1003,130,550
5893.7,23770,365,1004,130,550
5901.42,23802,366,1005,130,550
5908.33,23802,367,1006,130,550
5915.79,23882,368,1006,130,550
5923.82,23914,369,1007,130,550
5930.45,23898,369,1008,131,550
5938.28,23994,370,1008,132,550
5944.95,24026,371,1009,132,550
5953.62,24043,372,1010,132,550
5960.41,24123,373,1011,132,550
5967.12,24107,373,1012,132,550
5974.59,24187,374,1013,132,550
5982.42,24171,375,1014,132,550
5990.44,24251,375,1015,132,550
5996.95,24219,376,1016,132,550
6004.72,24219,376,1017,132,550
6011.37,24219,377,1018,134,560
6019.18,24219,378,1019,134,560
6026.66,24219,378,1020,134,560
6033.89,24219,379,1021,134,560
6041.31,24219,379,1022,135,550
6049.3,24283,380,1024,135,550
6056.5,24299,380,1025,135,550
6063.43,24251,381,1027,135,550
6071.3,24219,382,1029,135,550
6079.23,24155,382,1030,135,550
6085.93,24123,383,1032,136,550
6093.84,24075,383,1034,136,550
6101.55,24107,384,1035,136,550
6107.86,24026,384,1036,136,550
6115.97,24043,384,1038,139,550
6123.66,23994,385,1039,139,550
6131,24043,385,1040,139,550
6138.17,24026,385,1042,139,550
6146.16,24043,385,1043,140,540
6152.7,23978,386,1045,140,540
6160.14,23978,386,1046,140,540
6168.16,23978,386,1047,141,530
6174.88,23930,387,1049,141,530
6182.63,23978,387,1050,141,530
6190.4,23962,387,1051,141,530
6197.1,23914,387,1053,141,530
6204.93,23914,388,1054,142,530
6212.7,23930,388,1055,142,530
6219.38,23946,388,1056,142,530
6227.57,23978,388,1058,142,530
6234.93,23978,388,1059,142,530
6241.96,23994,388,1060,143,520
6249.32,23946,388,1061,143,520
6257.08,23930,389,1062,143,520
6263.97,24026,389,1063,143,520
6272.63,23962,389,1064,143,520
6279.56,23962,389,1065,144,510
6286.25,23898,389,1066,144,510
6293.98,23946,389,1067,144,510
6301.55,23930,389,1068,144,510
6316.13,23962,389,1069,144,510
6324.37,23962,389,1070,144,510
6330.48,24043,389,1071,144,510
6338.44,24043,389,1072,144,510
6346.06,24043,389,1073,145,510
6352.78,24059,389,1073,145,510
6360.67,24043,389,1074,145,510
6368.15,24107,389,1075,145,510
6376.03,24139,388,1075,145,510
6382.46,24123,388,1076,145,510
6397.71,24107,388,1077,145,510
6404.95,24187,388,1078,145,510
6412.66,24171,387,1078,145,510
6420.6,24171,387,1079,145,510
6426.96,24235,387,1079,144,500
6435.18,24203,387,1080,144,500
6441.53,24251,387,1081,144,500
6449.27,24251,386,1081,144,500
6461.57,24235,386,1082,144,500
6471.24,24203,386,1083,144,500
6478.76,24171,386,1083,144,500
6486.63,24155,385,1084,144,500
6493.58,24171,385,1084,144,500
6501.26,24171,385,1085,144,500
6508.9,24155,385,1085,144,500
6516.11,24187,384,1086,144,500
6531.32,24203,384,1087,144,500
6538.06,24139,384,1088,144,500
6545.68,24155,384,1088,144,500
6553.57,24123,383,1089,144,500
6560.11,24155,383,1089,144,500
6568.04,24139,383,1090,144,500
6575.6,24171,383,1090,144,500
6582.42,24187,382,1091,145,500
6590.12,24155,382,1091,145,500
6597.94,24187,382,1092,145,500
6604.67,24107,381,1092,145,500
6612.83,24091,381,1093,145,500
6626.57,24091,381,1094,145,500
6634.45,24107,380,1094,145,500
6642.32,24107,380,1095,145,500
6656.77,24075,380,1095,145,500
6664.55,24091,379,1096,145,500
6671.3,24091,379,1096,144,490
6679.02,24059,379,1096,144,490
6686.61,24059,379,1097,144,490
6693.88,24123,379,1097,144,490
6701.14,24139,378,1097,144,490
6709.2,24107,378,1098,144,490
6716.65,24043,378,1098,144,490
6723.32,24075,378,1098,145,480
6731.09,24075,377,1098,145,480
6737.84,24026,377,1099,145,480
6745.87,23962,377,1099,145,480
6752.94,24026,377,1099,145,480
6767.6,23946,376,1099,145,480
6775.29,23930,376,1100,145,480
6790.57,23898,376,1100,145,480
6797.59,23914,376,1100,144,480
6806.2,23930,375,1100,144,480
6819.64,23898,375,1100,144,480
6834.23,23882,375,1100,144,480
6841.98,23786,375,1100,144,480
6849.72,23786,374,1100,144,480
6856.45,23818,374,1100,144,480
6864.1,23770,374,1100,144,480
6878.51,23786,373,1100,144,480
6893.85,23786,373,1100,143,480
6900.71,23802,373,1100,143,480
6908.8,23818,372,1100,143,480
6916.29,23802,372,1100,143,480
6922.96,23722,372,1100,143,480
6931.71,23722,371,1100,143,480
6945.19,23690,371,1099,143,480
6953.03,23722,370,1099,143,480
6960.72,23706,370,1099,143,480
6967.57,23690,370,1099,143,480
6975.18,23706,369,1098,143,480
6983.65,23690,369,1098,143,480
6989.54,23674,368,1097,143,480
6999.34,23610,368,1097,143,480
7005.24,23594,368,1096,142,470
7011.75,23530,367,1095,142,470
7019.64,23418,367,1094,140,480
7027.51,23450,366,1093,140,480
7035.3,23482,366,1092,140,480
7041.94,23482,366,1091,140,480
7049.65,23482,365,1090,140,480
7057.47,23482,365,1089,140,480
7064.33,23466,365,1088,139,480
7071.97,23466,365,1087,139,480
7078.96,23466,364,1085,139,480
7086.44,23530,364,1084,139,480
7094.1,23514,364,1083,139,480
7101.14,23562,364,1082,138,490
7108.91,23562,363,1081,138,490
7116.94,23562,363,1080,138,490
7124.83,23594,363,1079,138,490
7132.39,23562,363,1078,138,490
7138.98,23514,363,1077,138,490
7145.58,23498,362,1076,138,490
7153.28,23498,362,1075,138,490
7161.16,23482,362,1074,138,490
7168.85,23402,361,1073,137,500
7176.25,23402,361,1072,137,500
7183.51,23418,361,1071,137,500
7191.12,23418,360,1070,137,500
7197.83,23450,360,1069,137,500
7205.63,23402,360,1068,137,500
7213.3,23434,360,1067,137,500
7220.27,23450,360,1066,136,500
7227.93,23418,360,1065,136,500
7235.64,23418,360,1064,136,500
7242.41,23450,360,1064,136,500
7249.99,23450,360,1063,136,500
7257.86,23402,360,1062,136,500
7264.84,23434,360,1061,136,500
7273.29,23450,360,1060,136,500
7280.21,23466,360,1059,136,500
7287.87,23466,360,1058,135,510
7294.69,23434,360,1057,135,510
7302.13,23450,360,1056,135,510
7309.27,23434,360,1054,135,510
7317.09,23466,360,1053,135,510
7324.84,23466,361,1052,136,510
7331.15,23482,361,1051,136,510
7339.22,23498,361,1050,135,520
7346.85,23482,361,1049,135,520
7354.65,23514,362,1048,135,520
7361.38,23546,362,1048,135,520
7369.58,23530,362,1047,135,520
7376.02,23514,362,1046,135,520
7383.62,23594,363,1045,134,520
7391.45,23610,363,1044,134,520
7405.81,23594,364,1043,134,520
7413.39,23610,364,1042,134,520
7427.32,23594,365,1041,134,520
7427.91,23690,365,1040,133,530
7435.86,23690,366,1039,133,530
7442.54,23706,366,1038,133,530
7450.48,23690,367,1037,133,530
7457.99,23690,367,1036,134,540
7464.67,23754,368,1036,134,540
7472.62,23802,369,1035,134,540
7480.33,23818,369,1034,133,540
7488.07,23786,370,1034,133,540
7494.68,23818,370,1033,133,540
7502.56,23834,371,1033,133,540
7510.22,23882,371,1032,133,540
7517.13,23866,371,1031,133,540
7524.84,23882,372,1031,133,540
7532.27,23930,372,1030,131,550
7539.23,23930,373,1030,131,550
7547.82,23914,373,1029,131,550
7554.59,23978,374,1028,131,550
7561.35,23946,374,1028,132,550
7569.27,23946,374,1027,132,550
7577.07,23946,375,1027,132,550
7584.93,24026,375,1026,131,560
7591.4,23994,376,1025,131,560
7599.4,24075,376,1025,131,560
7606.03,23994,377,1024,131,560
7613.75,24010,377,1024,131,560
7621.19,23994,377,1023,132,570
7628.44,23962,378,1023,132,570
7635.89,23962,378,1022,132,570
7644.05,23946,378,1022,132,570
7651.33,23962,379,1021,132,570
7658,23978,379,1021,132,570
7665.95,23946,379,1020,132,570
7672.71,23962,379,1020,132,570
7680.55,23898,380,1020,132,570
7687.83,23930,380,1019,132,570
7695,23962,380,1019,132,570
7702.6,23978,381,1018,132,570
7710.42,23930,381,1018,132,570
7717.03,24026,382,1017,132,570
7725.26,24059,382,1017,132,570
7732.79,24026,382,1017,132,570
7740.9,24091,383,1016,132,570
7747.07,24155,383,1016,132,570
7754.57,24219,383,1015,132,570
7761.74,24187,384,1015,132,570
7769.33,24251,384,1015,132,570
7776.99,24283,384,1014,131,570
7783.61,24347,384,1014,131,570
7791.53,24315,385,1014,131,570
7799.1,24363,385,1014,131,570
7806.03,24395,385,1013,131,570
7813.63,24427,386,1013,132,580
7821.71,24475,386,1013,134,570
7828.08,24491,387,1012,134,570
7843.55,24523,388,1011,134,570
7851,24587,388,1011,134,570
7858.39,24635,389,1011,134,570
7865.96,24651,390,1010,132,580
7873.67,24619,390,1010,132,580
7880.27,24699,391,1009,132,580
7888.07,24731,392,1009,132,580
7894.98,24795,392,1009,132,580
7902.51,24843,393,1008,132,580
7910.38,24843,394,1008,132,580
7918.67,24891,395,1008,132,580
7924.85,24939,395,1007,132,580
7933.1,25003,396,1007,132,580
7940.46,25035,397,1007,132,580
7947.23,25067,398,1007,132,580
7954.82,25019,399,1007,132,580
7962.66,25067,400,1006,132,580
7969.37,25115,401,1006,132,580
7977.33,25131,401,1006,132,580
7984.84,25131,402,1006,132,580
7991.61,25195,403,1006,132,580
7999.24,25227,403,1006,132,580
8007.06,25275,404,1006,132,580
8014.91,25211,404,1006,132,580
8021.86,25227,405,1006,132,580
8030.12,25243,406,1006,134,580
8036.19,25243,406,1005,134,580
8043.66,25355,407,1005,134,580
8051.32,25307,407,1005,134,580
8058.42,25323,408,1005,134,580
8073.7,25387,409,1005,134,580
8080.74,25403,410,1005,134,580
8088.29,25451,411,1005,134,580
8095.86,25483,411,1005,135,590
8102.59,25499,412,1005,135,590
8111.17,25531,413,1005,135,590
8117.97,25563,414,1005,135,590
8126.3,25579,415,1005,135,590
8132.7,25643,416,1005,135,590
8140.23,25723,416,1005,135,590
8147.43,25691,417,1005,135,590
8156.05,25787,418,1005,135,590
8162.81,25803,418,1005,135,590
8169.49,25835,419,1005,135,590
8177.39,25883,419,1006,135,590
8185.11,25867,420,1006,136,600
8192.25,25947,421,1006,136,600
8199.49,25931,421,1006,136,600
8208.15,25979,422,1006,136,600
8214.16,25979,423,1006,136,600
8221.81,26075,424,1007,136,600
8229.45,26075,425,1007,138,590
8236.07,26091,426,1007,138,590
8243.94,26107,427,1008,138,590
8251.72,26091,428,1008,138,590
8259.46,26203,429,1008,139,600
8266.24,26203,430,1009,139,600
8273.84,26171,430,1009,139,600
8281.68,26171,431,1009,139,600
8288.95,26252,431,1010,139,600
8295.95,26236,432,1010,139,600
8302.96,26252,433,1010,139,600
8310.71,26252,433,1011,139,600
8318.41,26252,434,1012,141,600
8326.08,26316,435,1012,141,600
8332.87,26348,437,1013,141,600
8340.6,26428,438,1014,141,600
8348.42,26444,439,1015,141,600
8355.25,26492,440,1016,142,610
8362.87,26412,441,1016,142,610
8370.65,26396,442,1017,142,610
8377.44,26380,443,1017,142,610
8385.68,26444,443,1018,144,610
8396.4,26412,444,1018,145,600
8399.83,26492,444,1019,145,600
8407.78,26476,444,1020,145,600
8415.47,26492,444,1020,145,600
8422.03,26476,445,1021,145,600
8429.59,26492,445,1022,145,600
8437.87,26492,446,1022,145,600
8445.25,26508,446,1023,145,600
8452.17,26508,447,1024,145,600
8460.07,26540,447,1025,145,600
8466.97,26556,448,1026,145,600
8474.25,26540,448,1027,145,600
8482.71,26316,449,1028,145,600
8488.82,26444,450,1029,145,600
8496.85,26412,450,1030,145,600
8504.41,26380,451,1030,146,600
8511.35,26412,451,1031,146,600
8519,26428,451,1032,146,600
8526.74,26380,452,1033,146,600
8533.65,26380,452,1034,146,600
8541.48,26396,453,1035,146,600
8549,26332,453,1036,146,600
8555.74,26364,453,1037,146,600
8563.28,26364,454,1038,147,590
8571.05,26284,454,1039,147,590
8579.36,26332,455,1039,147,590
8585.68,26348,455,1040,147,590
8593.75,26284,455,1041,147,590
8601.06,26316,456,1042,149,580
8607.82,26252,456,1043,149,580
8615.72,26284,456,1044,149,580
8622.39,26300,457,1045,149,580
8630.33,26316,457,1046,149,580
8638.15,26252,457,1047,149,580
8646.04,26252,458,1048,149,580
8652.68,26284,458,1049,149,580
8660.25,26316,458,1050,149,580
8667.95,26332,459,1051,150,570
8675.3,26348,459,1052,150,570
8682.42,26300,459,1052,150,570
8690.41,26300,459,1053,150,570
8696.92,26300,459,1054,150,570
8704.72,26284,460,1055,151,580
8712.5,26348,460,1056,151,580
8719.16,26316,460,1057,152,570
8726.86,26268,460,1058,152,570
8734.56,26348,461,1059,152,570
8741.43,26316,461,1061,152,570
8749.19,26364,461,1062,152,570
8756.79,26300,461,1063,152,570
8764.54,26348,461,1064,151,560
8771.92,26348,461,1065,152,560
8778.98,26332,461,1066,152,560
8785.87,26332,461,1067,152,560
8793.65,26364,461,1067,152,560
8801.35,26348,461,1068,152,560
8808.25,26332,461,1069,152,560
8815.55,26332,461,1070,152,560
8823.72,26348,461,1071,152,560
8830.08,26316,462,1072,152,560
8838.02,26380,462,1073,152,560
8845.84,26380,462,1074,152,560
8853.31,26316,462,1075,152,560
8860.36,26332,462,1076,152,560
8868.23,26332,462,1077,152,560
8874.65,26396,462,1078,152,560
8882.51,26348,463,1079,153,550
8890.36,26380,463,1079,153,550
8897.96,26380,463,1080,153,550
8905.07,26332,463,1081,153,550
8912.36,26396,463,1082,153,550
8919.42,26380,463,1082,153,550
8926.73,26380,463,1083,153,550
8934.67,26268,464,1085,153,550
8941.41,26252,464,1086,153,550
8949.85,26203,464,1087,153,550
8956.84,26187,464,1088,153,540
8963.63,26123,464,1089,153,540
8971.44,26171,464,1089,153,540
8978.92,26107,464,1090,153,540
8986.73,26139,464,1091,153,540
8993.68,26059,464,1092,153,540
9001.42,26059,464,1093,153,540
9008.79,26043,464,1093,153,540
9015.95,26059,464,1094,153,540
9023.55,26059,464,1095,153,540
9031.25,26059,464,1096,153,540
9038.15,25963,464,1096,154,530
9045.93,25995,463,1097,154,530
9053.5,26027,463,1097,154,530
9060.26,25979,463,1098,154,530
9075.62,25995,463,1099,154,530
9083.53,26027,463,1099,154,530
9090.33,26027,463,1100,154,530
9098.07,26027,462,1101,154,530
9104.45,25931,462,1101,154,530
9112.52,25979,462,1102,154,530
9120.12,25947,462,1102,154,530
9127.11,25963,462,1103,155,520
9134.81,25979,462,1103,155,520
9143.17,25963,461,1104,155,520
9150.16,25931,461,1104,155,520
9164.63,25899,461,1105,155,520
9171.36,25819,461,1105,155,520
9179.11,25851,460,1106,155,520
9187.04,25819,460,1106,155,520
9201.3,25803,460,1107,155,520
9209.68,25771,460,1107,155,520
9215.66,25739,459,1107,155,520
9223.93,25611,459,1108,154,520
9231.4,25595,459,1108,154,520
9238.52,25563,458,1108,155,510
9245.84,25499,458,1108,155,510
9253.07,25467,458,1109,155,510
9261.12,25451,457,1109,155,510
9267.72,25419,457,1109,155,510
9275.67,25371,457,1109,155,510
9283.51,25339,456,1109,155,510
9290.28,25307,456,1110,155,510
9297.7,25211,456,1110,155,510
9304.63,25179,455,1110,155,510
9312.46,25115,455,1110,155,510
9320.5,25051,454,1110,155,510
9327.11,25019,454,1110,155,510
9335.58,25003,453,1110,155,510
9342.93,25019,453,1110,155,510
9350.53,25003,452,1110,155,510
9364.52,25003,451,1110,155,510
9372.42,25003,450,1109,153,510
9379.4,24971,450,1109,153,510
9387.18,24971,449,1109,153,510
9394.91,24939,449,1109,153,510
9401.68,24923,448,1108,153,510
9417.32,24971,447,1108,153,510
9423.86,24955,447,1107,153,510
9432.12,24939,446,1107,153,510
9439.25,24907,446,1107,153,510
9445.94,24907,445,1106,153,510
9453.76,24971,445,1106,153,520
9468.08,24955,444,1105,153,520
9475.83,24923,444,1105,153,520
9483.54,24923,444,1104,153,520
9490.29,24923,443,1104,153,520
9498.11,24971,443,1103,153,520
9505.77,24971,442,1103,153,520
9513.43,24971,442,1102,153,520
9520.47,24955,441,1102,151,510
9528.52,24955,441,1101,151,510
9534.9,24971,441,1100,151,510
9543.74,24939,440,1100,151,510
9550.4,24923,440,1099,150,520
9556.8,24907,440,1098,150,520
9564.78,24875,439,1097,150,520
9572.65,24907,439,1096,150,520
9580.34,24891,439,1095,150,520
9586.8,24939,438,1095,148,530
9594.77,24939,438,1094,148,530
9602.52,24939,438,1093,148,530
9609.98,24939,437,1092,148,530
9616.98,24923,437,1091,148,530
9623.72,24923,437,1090,148,530
9631.41,24891,437,1090,148,530
9639.34,24907,437,1089,148,530
9646.98,24891,437,1089,148,530
9653.84,24939,436,1088,148,530
9661.69,24939,436,1088,147,530
9668.24,24923,436,1088,147,530
9675.9,24907,436,1087,147,530
9683.84,24891,436,1087,147,530
9691.03,24939,436,1087,147,530
9698.08,24971,436,1086,147,530
9706.69,24955,436,1086,147,530
9713.79,24939,436,1085,147,530
9720.31,24955,436,1084,147,530
9735.61,25003,436,1083,147,530
9742.28,25003,436,1082,147,530
9750.11,25019,436,1082,147,530
9758.11,25003,436,1081,147,530
9764.73,24987,436,1080,147,530
9780.13,25019,436,1079,147,530
9787.52,24987,436,1079,147,530
9794.66,25003,436,1078,147,530
9802.98,24987,436,1078,147,530
9809.35,25003,436,1077,146,540
9817.01,25003,436,1076,147,550
9824.84,25019,436,1076,147,550
9831.54,25019,436,1075,147,550
9839.55,24971,436,1074,147,550
9847.1,24987,436,1074,147,550
9854.72,25003,436,1073,147,550
9861.62,25035,436,1072,147,550
9869.18,25035,436,1071,147,550
9876.2,24987,435,1071,147,550
9884.23,25019,435,1070,147,550
9891.19,25051,435,1069,147,550
9898.74,25067,435,1069,146,550
9905.9,25067,435,1068,146,550
9913.56,25083,435,1067,146,550
9921.4,25019,435,1067,146,550
9928.07,25083,435,1066,146,550
9935.92,25083,435,1065,146,550
9943.67,25115,435,1064,146,550
9950.64,25147,435,1064,146,550
9958.06,25099,435,1063,146,550
9965.86,25131,436,1062,146,550
9972.93,25131,436,1061,146,550
9981.04,25179,436,1060,148,560
9988.04,25227,436,1060,148,560
9995.01,25275,436,1059,148,560
10002.6,25355,436,1058,147,560
10009.3,25435,437,1058,147,560
10017.2,25531,437,1057,147,560
10024.6,25627,438,1056,147,560
10031.7,25739,439,1056,147,560
10039.2,25819,439,1055,147,560
10047.2,25963,440,1055,147,560
10053.5,26027,441,1054,147,560
10061.8,25995,441,1053,147,560
10069.3,26059,442,1053,146,570
10077.2,26075,442,1053,146,570
10083.8,26075,443,1052,146,570
10092,26027,443,1052,146,570
10099.3,26027,444,1051,146,570
10105.9,26123,444,1051,146,570
10113.9,26107,444,1050,146,570
10121.6,26123,445,1050,146,570
10128.4,26155,445,1049,146,570
10136.1,26171,445,1049,146,570
10143.8,26220,446,1048,146,570
10150.5,26236,446,1048,146,570
10158.2,26236,446,1048,144,580
10165.9,26268,446,1048,144,580
10173.7,26284,446,1048,146,580
10180.4,26300,446,1047,146,580
10188.2,26316,446,1047,146,580
10194.9,26268,447,1047,146,580
10202.6,26300,447,1047,146,580
10210.4,26300,447,1046,146,580
10217.2,26332,448,1046,146,580
10224.9,26396,448,1045,146,580
10232.3,26396,449,1045,146,580
10239.3,26428,449,1044,146,580
10247.1,26460,450,1043,145,590
10261.4,26492,451,1042,145,590
10270.1,26524,452,1041,145,590
10277,26572,452,1041,145,590
10285.1,26620,453,1040,145,590
10298.7,26652,454,1039,145,590
10306.9,26716,454,1039,145,590
10313.6,26764,454,1038,145,590
10323.2,26828,455,1038,144,600
10330.4,26924,455,1037,144,600
10336.2,26892,456,1037,144,600
10343.8,26956,456,1036,144,600
10351,26988,457,1036,144,600
10358.3,27068,458,1035,144,600
10366.6,27228,459,1034,144,600
10373.9,27276,460,1034,145,600
10380.5,27356,461,1033,145,600
10388.3,27356,462,1033,145,600
10395.8,27404,463,1032,144,610
10402.8,27420,464,1032,144,610
10410.4,27452,465,1031,144,610
10418.4,27484,466,1031,144,610
10425.2,27532,467,1030,144,610
10432.8,27628,468,1030,144,610
10440.6,27580,468,1029,144,610
10447.9,27644,469,1029,144,610
10455.1,27676,469,1029,144,610
10463.5,27692,470,1029,144,610
10469.6,27724,470,1029,144,610
10477.5,27708,471,1028,143,620
10485.1,27756,471,1028,144,620
10499.7,27772,472,1028,144,620
10507.2,27772,472,1027,144,620
10514,27900,473,1027,144,620
10521.8,27932,473,1027,144,620
10529.5,27980,474,1026,144,620
10536.1,27996,474,1026,144,620
10544.5,27980,474,1026,144,620
10551.6,27980,475,1026,144,620
10558.3,27980,475,1025,144,620
10566.2,27996,475,1025,144,620
10573.8,28044,476,1025,144,620
10580.7,28060,476,1025,144,620
10588.4,28012,476,1025,146,630
10596.2,28012,476,1024,146,630
10602.8,28060,477,1024,146,630
10610.8,28076,477,1024,146,630
10626.1,28108,477,1024,147,620
10632.6,28108,478,1024,147,620
10648.1,28124,479,1024,147,620
10662.6,28108,480,1024,147,620
10670.4,28172,481,1024,147,620
10677.1,28188,482,1024,147,620
10684.6,28188,483,1024,147,620
10691.7,28204,483,1024,147,620
10699.3,28220,484,1024,149,630
10707.1,28188,484,1024,149,630
10714.8,28220,485,1023,149,630
10721.8,28204,486,1023,148,630
10729.3,28220,486,1023,148,630
10736.8,28204,487,1023,148,630
10743.8,28236,487,1023,148,630
10751.6,28236,488,1023,148,630
10759.5,28220,488,1023,148,630
10766.2,28300,489,1023,148,630
10781.2,28316,490,1023,150,640
10788.4,28332,490,1023,150,640
10796.1,28332,491,1024,150,640
10810.3,28316,492,1024,151,630
10818,28348,492,1024,151,630
10825.8,28364,493,1024,151,630
10833.2,28413,493,1024,151,630
10840.3,28413,494,1025,151,630
10847.8,28429,494,1025,151,630
10855,28396,495,1025,151,630
10862.6,28396,495,1025,153,630
10870.1,28396,496,1025,153,630
10876.9,28477,496,1026,153,630
10884.8,28477,497,1026,153,630
10892.4,28445,497,1026,151,640
10899.3,28445,497,1027,151,640
10907,28445,498,1027,151,640
10914.8,28380,498,1027,151,640
10921.5,28445,499,1027,151,640
10930,28461,499,1028,151,640
10943.4,28445,500,1028,151,640
10951.3,28445,500,1028,153,650
10966.6,28445,501,1029,153,650
10981,28461,501,1029,153,650
10987.8,28461,502,1030,153,650
10995.5,28445,502,1030,154,640
11003.1,28461,502,1030,154,640
11010.9,28477,503,1031,154,640
11017.7,28445,503,1031,154,640
11025.7,28413,503,1031,154,640
11033.1,28413,504,1032,154,640
11039.9,28445,504,1032,154,640
11047.8,28429,504,1032,154,640
11054.6,28429,504,1033,154,640
11062.1,28445,505,1033,154,640
11069.8,28445,505,1034,154,640
11076.6,28445,505,1034,156,640
11084.3,28364,505,1035,157,630
11092,28364,506,1035,157,630
11099.7,28364,506,1036,157,630
11114.1,28348,507,1036,157,630
11120.9,28396,507,1037,157,630
11128.8,28316,507,1037,157,630
11136.2,28332,507,1038,157,630
11143.1,28332,508,1038,157,630
11150.8,28348,508,1039,157,630
11166.4,28316,508,1040,157,630
11173.2,28300,509,1040,158,620
11180.7,28300,509,1041,158,620
11188.7,28300,510,1042,158,620
11195.6,28316,510,1042,158,620
11203.8,28252,511,1043,158,620
11211.2,28252,511,1044,158,620
11225.7,28284,512,1045,158,620
11233.2,28284,512,1045,159,610
11240.2,28220,512,1046,159,610
11255.8,28236,513,1047,159,610
11262.2,28268,513,1047,159,610
11270.1,28268,513,1048,159,610
11277.9,28204,513,1048,159,610
11285.7,28220,514,1049,159,610
11298.1,28188,514,1049,159,610
11302.8,28204,514,1050,159,610
11307.6,28204,515,1050,159,610
11315.3,28172,515,1051,159,610
11323.2,28188,515,1051,160,600
11329.7,28188,515,1052,160,600
11337.6,28188,516,1052,160,600
11345.5,28172,516,1053,160,600
11352.5,28188,516,1053,160,600
11360,28188,517,1054,160,600
11368.2,28204,517,1055,160,600
11374.9,28188,518,1056,160,600
11383.1,28188,518,1057,160,600
11390.4,28188,519,1057,160,600
11398.8,28124,520,1058,160,600
11405.2,28188,520,1059,161,600
11412.9,28140,520,1060,161,600
11421.1,28140,521,1061,161,600
11427.8,28156,521,1061,161,600
11435.8,28140,522,1062,161,600
11443.5,28156,522,1063,161,600
11451.4,28140,523,1064,161,600
11458,28172,523,1065,161,600
11465.1,28140,524,1067,161,600
11473,28140,524,1068,161,600
11481.2,28124,525,1069,161,590
11487.7,28124,526,1070,161,590
11495.8,28124,526,1071,161,590
11503.4,28188,527,1072,161,590
11510.9,28172,527,1073,161,590
11518.1,28172,528,1074,161,590
11525.8,28172,528,1075,161,590
11533.8,28156,528,1076,161,590
11540.6,28156,529,1077,161,590
11549.5,28220,529,1078,161,590
11556.3,28204,530,1079,161,590
11563.3,28188,530,1080,161,590
11579.2,28220,530,1081,162,580
11585.5,28236,531,1082,162,580
11594.2,28188,531,1083,162,580
11608,28236,531,1084,162,580
11615.8,28188,531,1085,162,580
11623.5,28156,531,1085,162,580
11630.3,28156,531,1086,162,580
11638.3,28124,531,1087,162,580
11646,28108,531,1087,162,580
11652.9,28028,531,1088,162,580
11661.1,27980,531,1089,162,580
11668.9,28012,531,1090,161,570
11677.3,27964,531,1091,161,570
11683.6,27964,531,1092,161,570
11692,27868,531,1093,161,570
11698.6,27852,531,1093,161,570
11706,27932,531,1094,161,570
11713.7,27788,531,1095,161,570
11720.8,27772,531,1096,161,570
11728.8,27804,531,1096,161,570
11736,27788,531,1096,162,560
11742.8,27740,531,1097,162,560
11750.6,27708,531,1097,162,560
11758.4,27740,531,1098,162,560
11765.1,27804,531,1098,162,560
11773.5,27772,531,1098,162,560
11781.7,27740,531,1099,162,560
11788.9,27708,531,1100,162,560
11795.2,27692,531,1100,162,560
11803,27692,531,1101,162,560
11810.8,27676,531,1101,162,560
11817.6,27692,531,1102,162,560
11833,27708,530,1103,162,560
11840,27676,530,1103,162,560
11847.8,27612,530,1104,162,560
11856,27596,530,1104,162,560
11862.7,27564,530,1105,163,550
11871.4,27548,530,1105,163,550
11878.3,27484,529,1105,163,550
11885,27484,529,1106,163,550
11893,27452,529,1106,163,550
11907.4,27420,528,1107,161,550
11915.2,27404,528,1107,161,550
11929.6,27404,528,1108,161,550
11937.5,27404,527,1108,161,550
11945.2,27420,527,1109,161,550
11952.8,27388,527,1109,161,550
11968.5,27372,526,1109,161,550
11974.6,27356,526,1110,161,550
11982.4,27340,526,1110,161,550
11990.1,27324,525,1110,161,550
11996.8,27340,525,1111,161,550
12004.6,27324,525,1111,161,550
12012.3,27308,524,1111,161,550
12019.1,27324,524,1111,161,550
12026.9,27324,524,1112,161,550
12034.9,27324,523,1112,161,550
12049.6,27276,523,1112,161,550
12056.9,27292,522,1112,161,550
12064,27244,522,1113,161,550
12071.9,27228,522,1113,161,550
12079.2,27196,521,1113,161,550
12086.4,27212,521,1113,161,550
12094.2,27180,521,1113,160,530
12101.8,27164,520,1113,160,530
12108.8,27148,520,1113,160,530
12116.3,27132,519,1113,160,530
12123.9,27116,519,1113,160,530
12131.9,27180,518,1113,160,530
12146.9,27164,517,1113,160,530
12154.1,27116,517,1113,160,530
12160.9,27164,516,1113,160,530
12168.8,27148,516,1113,160,530
12176.2,27116,515,1113,160,530
12183.3,27132,515,1113,160,530
12191.3,27132,514,1113,160,530
12198.9,27116,514,1113,160,530
12205.7,27084,513,1113,160,530
12213.6,27068,513,1113,160,530
12221.3,27084,513,1113,160,530
12228.2,27116,512,1113,160,530
12244.1,27068,511,1113,160,530
12250.4,27084,511,1113,160,530
12258.1,27052,510,1113,160,530
12269.8,27052,510,1112,160,530
12274.7,27036,509,1112,160,530
12281.8,27004,509,1112,160,530
12288.5,27004,508,1111,160,530
12295.3,27068,508,1111,160,540
12302.9,27036,508,1111,158,540
12310.7,27020,507,1110,158,540
12317.2,27004,507,1110,158,540
12325.4,26988,507,1109,158,540
12332.8,26972,506,1109,158,540
12340.4,26956,506,1108,158,540
12347.4,27036,505,1107,158,540
12355.1,27036,505,1106,158,540
12362,27020,504,1106,158,540
12370.6,27004,504,1105,158,540
12377.1,26988,504,1104,158,540
12384.3,27020,503,1103,156,550
12392,26940,503,1103,156,550
12399.5,26988,503,1102,156,550
12407.2,26972,502,1101,156,550
12414,26956,502,1100,156,550
12421.8,26972,502,1099,155,550
12429.6,26956,502,1098,155,550
12437.3,26972,502,1097,155,550
12444,26972,501,1097,155,550
12450.8,26956,501,1096,155,550
12458.7,27020,501,1095,154,550
12466.2,27004,501,1094,154,550
12473,27020,501,1092,153,560
12480.8,27004,501,1091,153,560
12488.5,27020,500,1090,153,560
12496.1,27084,500,1089,153,560
12502.8,27068,500,1087,154,560
12510.7,27084,500,1086,154,570
12517.9,27084,500,1085,154,570
12525,27148,500,1084,154,570
12533.8,27164,500,1083,154,570
12540.5,27132,499,1082,154,570
12547.4,27180,499,1081,151,580
12555.2,27148,499,1080,153,580
12561.9,27116,499,1079,153,580
12570.6,27084,499,1079,153,580
12577.4,27084,499,1078,153,580
12585.2,27068,499,1077,153,580
12591.7,27068,499,1076,153,580
12599.7,27084,499,1075,153,580
12607.3,27052,499,1075,153,580
12614.7,27020,499,1074,153,580
12621.9,27068,499,1073,152,590
12630.2,27052,499,1073,152,590
12637.4,27084,499,1072,152,590
12644,27036,499,1072,152,590
12651.9,27116,499,1071,152,590
12658.5,27052,499,1071,152,590
12667.4,27084,499,1071,152,590
12680.8,27100,499,1071,152,590
12688.6,27132,499,1071,152,590
12696.1,27100,499,1071,152,590
12702.8,27116,499,1070,152,590
12711.6,27148,499,1070,152,590
12718.4,27132,499,1070,152,590
12732.9,27148,499,1070,152,590
12740.6,27084,499,1070,153,580
12747.4,27100,499,1070,153,580
12754.6,27068,499,1070,153,580
12762.6,27052,499,1069,154,580
12769.5,27068,499,1069,154,580
12784.7,27084,499,1069,154,580
12791.6,27036,499,1069,154,580
12799.3,27068,499,1069,154,580
12829,27116,499,1069,154,580
12843.3,27084,499,1069,154,580
12851.1,27052,499,1068,154,580
12858.7,27084,499,1068,154,580
12865.5,27132,499,1068,154,580
12873.5,27084,499,1068,154,580
12880.3,27100,499,1068,154,580
12889,27148,499,1068,154,580
12895.8,27132,499,1068,154,580
12903.1,27164,499,1068,154,580
12910.3,27148,499,1068,154,580
12917.8,27180,499,1068,154,580
12925.6,27164,499,1068,154,580
12932.4,27196,499,1068,154,580
12940.1,27164,499,1068,154,580
12947.7,27212,499,1068,154,580
12954.6,27180,499,1068,154,580
12962.1,27196,499,1068,154,580
12970.1,27180,499,1068,154,580
12984.7,27164,499,1068,154,580
12992.1,27196,499,1068,154,580
12999.2,27212,499,1068,154,580
13006.7,27180,499,1068,154,580
13014.4,27148,499,1068,154,580
13021.1,27164,499,1068,154,580
13028.8,27180,499,1067,154,580
13036.6,27196,499,1067,154,580
13043.6,27148,499,1067,154,580
13051.1,27164,499,1067,153,590
13058.8,27180,499,1067,153,590
13065.9,27180,500,1066,155,600
13073.4,27148,500,1066,155,600
13081.4,27180,500,1066,155,600
13087.9,27180,500,1065,155,600
13095.9,27180,500,1065,156,590
13110.8,27180,500,1064,156,590
13117.8,27180,500,1064,155,600
13125.5,27196,501,1064,155,600
13132.3,27212,501,1063,155,600
13139.9,27180,501,1063,155,600
13147.7,27196,501,1063,155,600
13154.6,27212,501,1062,155,600
13162.5,27196,501,1062,155,600
13177.8,27212,502,1061,155,600
13184.1,27244,502,1061,155,600
13193.2,27228,502,1061,155,600
13199,27212,502,1061,155,600
13207.5,27212,502,1060,155,600
13214.3,27196,502,1060,155,600
13221,27212,502,1060,155,600
13237.9,27212,503,1059,155,600
13244.2,27228,503,1059,155,600
13251,27212,503,1058,155,600
13258.8,27196,503,1058,155,600
13265.6,27228,504,1058,155,600
13274.3,27212,504,1057,157,600
13289,27196,505,1057,157,600
13295.5,27228,505,1056,157,600
13311,27260,505,1056,157,600
13317.8,27244,506,1055,157,600
13325.3,27228,506,1055,157,600
13332.7,27260,506,1055,157,600
13339.8,27228,507,1055,157,600
13347.5,27276,507,1054,157,600
13355.4,27180,507,1054,157,600
13362.3,27196,507,1054,158,600
13370.4,27180,508,1054,158,600
13377.5,27196,508,1053,158,600
13384.1,27212,508,1053,158,600
13406.3,27228,509,1052,158,600
13414.3,27212,509,1052,158,600
13422.1,27228,509,1052,158,600
13436.3,27244,509,1051,158,600
13443.9,27260,509,1051,158,600
13451.3,27276,510,1051,158,600
13458.8,27196,510,1051,158,600
13466.8,27276,510,1051,158,600
13474.3,27228,510,1050,158,600
13481.2,27212,510,1050,157,610
13488.9,27244,510,1050,157,610
13495.8,27244,510,1049,157,610
13503.6,27244,511,1049,157,610
13511.2,27260,511,1049,157,610
13518.3,27244,511,1049,157,610
13525.8,27292,511,1048,157,610
13533.8,27276,511,1048,157,610
13540.2,27292,512,1048,157,610
13548.6,27292,512,1047,157,610
13556.3,27276,512,1047,157,610
13562.9,27308,512,1047,157,610
13570.6,27308,512,1046,157,610
13578.5,27308,513,1046,157,610
13585.5,27356,513,1046,157,610
13593.2,27356,513,1045,157,610
13601.3,27324,513,1045,157,610
13609.1,27372,514,1045,157,610
13616,27340,514,1044,157,610
13623.5,27356,514,1044,157,610
13631.4,27372,515,1044,157,610
13638.3,27356,515,1043,157,610
13646.7,27388,515,1043,156,620
13653.2,27404,516,1043,156,620
13661.2,27420,516,1042,156,620
13668.7,27420,517,1042,156,620
13683.3,27420,518,1042,156,620
13690.8,27468,518,1041,156,620
13699.1,27452,519,1041,156,620
13705.8,27468,519,1041,156,620
13713.6,27436,519,1040,156,620
13721,27452,520,1040,156,620
13728.2,27500,520,1040,156,620
13735.9,27484,520,1040,156,620
13744,27484,521,1039,156,620
13750.6,27500,521,1039,156,620
13758.4,27484,521,1039,156,620
13765.9,27500,522,1038,156,620
13780.9,27516,522,1038,156,620
13787.9,27532,523,1037,156,620
13795,27516,523,1037,156,620
13802.9,27500,523,1037,156,620
13810.6,27532,524,1036,156,620
13817.1,27516,524,1036,156,620
13825.1,27532,524,1035,155,630
13832.9,27548,525,1035,155,630
13840.3,27612,525,1034,157,630
13847.6,27628,526,1034,157,630
13855.7,27628,526,1033,157,630
13862.2,27628,527,1033,157,630
13870,27660,527,1032,157,630
13884.6,27660,528,1031,157,630
13892.4,27676,528,1031,157,630
13900.2,27660,528,1030,156,640
13907,27660,529,1030,156,640
13915.2,27724,529,1029,156,640
13930,27740,530,1028,156,640
13938.5,27756,530,1028,154,640
13945.5,27724,530,1027,154,640
13952.2,27724,531,1027,153,650
13967.8,27788,531,1026,153,650
13974.7,27788,532,1026,153,650
13982.4,27772,532,1026,153,650
13990.1,27788,532,1026,153,650
13996.7,27756,533,1025,153,650
14012.1,27772,533,1025,153,650
14019.5,27820,534,1025,153,650
14026.7,27740,534,1024,153,650
14035.3,27756,535,1024,153,650
14041.5,27772,535,1024,154,640
14049,27772,535,1024,156,640
14057.1,27788,536,1023,156,640
14071.7,27740,536,1023,156,640
14079.1,27804,537,1022,155,650
14094.1,27788,538,1022,155,650
14101.8,27804,538,1022,155,650
14109.4,27804,539,1021,155,650
14116.8,27740,539,1021,155,650
14124.2,27756,540,1021,155,650
14132.6,27772,540,1020,155,650
14138.9,27772,541,1020,155,650
14146.7,27788,541,1020,155,650
14154.3,27820,542,1019,155,650
14161.3,27804,543,1019,155,650
14176.4,27820,544,1018,155,650
14183.7,27836,545,1018,155,650
14191.2,27852,545,1018,155,650
14199.2,27820,546,1017,155,650
14209.5,27852,546,1017,155,650
14215.9,27852,547,1017,155,650
14221.9,27868,548,1017,155,650
14228.6,27804,548,1016,155,650
14236.7,27868,549,1016,155,650
14244.3,27884,550,1016,154,660
14251.4,27900,551,1016,154,660
14259.2,27932,551,1016,154,660
14266.7,27932,552,1016,154,660
14273.8,27964,553,1016,154,660
14281.6,27980,554,1016,154,660
14289.1,27996,555,1016,154,660
14296.4,27980,556,1016,154,660
14304.1,27980,557,1016,154,660
14312.3,27980,558,1016,154,660
14319.7,28044,559,1016,154,660
14326.5,28044,560,1016,154,660
14334.5,28060,560,1016,154,660
14342.2,28060,561,1016,154,660
14349.1,28044,562,1016,156,660
14356.8,28028,563,1016,156,660
14364.3,28044,563,1016,156,660
14371.8,28108,564,1016,156,660
14379.8,28092,565,1016,156,660
14387.5,28092,566,1016,156,660
14394.4,28156,567,1016,156,660
14402.3,28156,568,1016,159,670
14410.3,28124,568,1016,159,670
14416.6,28108,569,1017,159,670
14424.3,28092,570,1017,159,670
14432.4,28092,571,1017,159,670
14439.2,28076,572,1017,159,670
14447.3,28076,573,1018,159,670
14454.8,28060,574,1018,160,660
14462,28076,575,1018,162,660
14469.5,27996,576,1019,162,660
14477.7,28012,577,1019,162,660
14484.6,28012,578,1019,162,660
14492.5,28028,579,1020,162,660
14500.1,28028,580,1020,162,660
14507.4,28044,581,1021,162,660
14514.8,28060,582,1021,162,660
14522.8,28076,583,1022,162,660
14529.6,28092,584,1022,162,660
14537.2,28076,585,1023,162,660
14545.4,28108,586,1024,162,660
14553.1,28092,587,1025,162,660
14560.1,28108,588,1025,162,660
14567.6,28124,589,1026,162,660
14576.2,28076,590,1027,162,660
14583.1,28044,591,1027,162,660
14591,28060,592,1028,162,660
14597.9,28012,592,1029,162,660
14606.3,28044,593,1030,162,660
14613.1,27964,594,1031,162,660
14619.6,27980,595,1031,162,660
14627.6,27948,595,1032,162,650
14635.5,27948,596,1033,162,650
14642.5,27900,597,1034,162,650
14650.3,27932,597,1035,162,650
14658.3,27932,598,1036,162,650
14672.8,27852,599,1037,162,650
14680.3,27868,599,1038,163,640
14688,27884,600,1039,163,640
14695.2,27868,601,1040,163,640
14703.8,27820,601,1040,163,640
14711.3,27804,602,1041,163,640
14717.8,27820,603,1042,163,640
14725.6,27804,604,1043,163,640
14733.5,27756,604,1044,163,640
14740.5,27804,605,1044,164,630
14748,27724,605,1045,164,630
14755.9,27756,606,1046,164,630
14762.9,27756,606,1047,164,630
14770.8,27756,607,1047,164,630
14778.6,27756,607,1048,164,630
14785.8,27692,607,1049,164,630
14793.3,27692,608,1050,164,630
14802,27724,608,1050,165,620
14808.1,27724,608,1051,165,620
14816.1,27692,609,1052,165,620
14824.1,27612,609,1053,165,620
14831.6,27628,609,1054,165,620
14838.6,27612,610,1055,165,620
14846.3,27564,610,1056,165,620
14853.7,27516,610,1057,165,620
14861.2,27484,611,1059,165,620
14869.1,27468,611,1060,165,610
14876,27452,611,1061,165,610
14884.4,27404,611,1062,165,610
14891.6,27420,612,1063,165,610
14900.3,27404,612,1064,165,610
14906.2,27356,612,1065,165,610
14914.2,27340,613,1066,166,600
14921,27324,613,1066,166,600
14929.8,27308,613,1067,166,600
14936.8,27324,613,1068,166,600
14943.4,27292,613,1069,166,600
14951.3,27292,613,1070,166,600
14959.1,27388,613,1071,166,600
14967.3,27356,613,1072,166,600
14974,27340,613,1073,166,600
14982.4,27324,613,1074,166,600
14989.4,27308,613,1076,166,590
14996.3,27356,612,1077,166,590
15004.4,27356,612,1078,166,590
15011.4,27324,612,1079,166,590
15019,27340,612,1080,166,590
15026.6,27388,612,1081,166,590
15033.8,27372,612,1082,166,590
15041.5,27356,612,1083,166,590
15049.6,27420,612,1084,166,590
15057.2,27372,612,1085,166,590
15064.7,27324,612,1086,166,590
15071.9,27292,612,1087,166,590
15080.4,27244,612,1088,167,580
15086.7,27228,612,1088,167,580
15094.2,27228,612,1089,167,580
15101.3,27212,611,1090,167,580
15108.8,27132,611,1090,167,580
15116.9,27132,611,1091,167,580
15124.4,27116,610,1091,167,580
15131.8,27148,610,1092,167,580
15139.3,27132,610,1092,167,580
15147.4,27084,609,1092,167,580
15154.3,27100,609,1093,167,570
15169.4,27084,608,1094,167,570
15176.6,27116,608,1094,167,570
15187.8,27052,608,1094,167,570
15194.3,27052,607,1095,167,570
15201.2,27036,606,1095,167,570
15206.6,27036,606,1096,167,570
15214.5,27052,605,1096,167,570
15221,26988,604,1096,167,570
15229.1,26988,603,1097,167,570
15236.9,26956,602,1097,167,570
15243.7,27004,601,1098,167,570
15251.3,26988,600,1098,167,570
15260,27004,599,1099,168,560
15266.2,26908,598,1099,168,560
15274.4,26924,597,1099,168,560
15281.9,26924,596,1099,168,560
15289.6,26940,596,1100,168,560
15296.5,26940,595,1100,168,560
15304.4,26956,594,1100,168,560
15318.9,26940,593,1100,168,560
15326.9,26924,592,1100,168,560
15333.7,26924,591,1100,168,560
15341.5,26908,590,1099,168,560
15349.4,26892,590,1099,168,560
15357.1,26908,589,1099,168,560
15364.2,26876,588,1098,168,560
15372.6,26876,587,1098,168,560
15378.9,26892,586,1097,168,560
15386.8,26860,585,1097,168,560
15394.7,26940,584,1096,168,560
15401.7,26940,584,1096,166,560
15409.2,26924,583,1095,166,560
15416.7,26908,582,1095,166,560
15424.8,26940,581,1094,166,560
15431.7,26972,581,1094,166,560
15439.5,26972,580,1094,166,570
15447.1,26940,579,1093,166,570
15454.7,26956,579,1093,166,570
15461.8,26988,578,1092,166,570
15468.8,26988,577,1092,166,570
15476.7,26972,576,1091,166,570
15492,26972,575,1090,166,570
15498.9,27020,574,1089,166,570
15506.7,27004,573,1089,166,570
15514.3,27068,572,1088,166,570
15521.5,27068,572,1087,166,570
15529.4,27100,571,1087,165,580
15537,27100,570,1086,165,580
15543.8,27068,570,1086,165,580
15552.1,27068,569,1085,164,580
15559.4,27100,569,1084,164,580
15566.3,27084,568,1084,164,580
15574.2,27132,568,1083,164,580
15581.9,27116,567,1082,164,580
15588.9,27052,567,1081,164,580
15596.5,27020,566,1081,163,590
15604.5,27020,566,1080,163,590
15611.7,26972,566,1079,163,590
15619.5,26924,565,1078,163,590
15627.3,26908,565,1078,161,590
15635,26876,565,1077,161,590
15642.3,26892,565,1076,161,590
15650.5,26876,565,1075,161,590
15656.5,26796,565,1075,161,590
15664.3,26796,565,1074,161,590
15672.1,26812,565,1073,161,590
15679.7,26828,565,1073,161,590
15686.9,26828,565,1072,161,590
15694.7,26844,565,1071,161,590
15701.6,26796,565,1071,161,590
15710,26796,565,1070,161,590
15717.1,26812,565,1069,161,590
15723.9,26844,565,1068,161,590
15732,26844,566,1067,161,590
15739.6,26876,566,1067,162,600
15748.3,26876,566,1066,162,600
15754.1,26892,567,1065,162,600
15761.8,26860,567,1065,162,600
15768.8,26876,567,1064,162,600
15776.3,26876,568,1063,162,600
15784.8,26892,568,1063,162,600
15791.3,26908,569,1062,162,600
15799.3,26924,569,1062,162,600
15806.9,26940,569,1061,162,600
15814.6,26940,570,1061,162,600
15821.5,26908,570,1060,162,600
15829.8,26924,570,1059,162,600
15836.9,26940,571,1059,162,600
15843.9,26972,571,1058,164,600
15852.4,26988,571,1058,164,600
15858.7,27004,572,1057,164,600
15866.8,27020,572,1057,164,600
15874.5,26988,572,1056,164,600
15882.4,26988,573,1056,164,600
15889.3,27004,573,1055,163,610
15897.3,27020,573,1055,163,610
15904.9,27036,574,1054,163,610
15919.3,27052,574,1053,163,610
15927.8,27068,575,1053,163,610
15934.1,27036,575,1052,163,610
15942.3,27036,575,1051,163,610
15949.9,27052,575,1051,163,610
15956.4,27068,576,1050,163,620
15971.9,27100,576,1049,163,620
15978.8,27084,577,1049,163,620
15986.3,27100,577,1048,163,620
15994.5,27148,577,1048,163,620
16002.3,27116,577,1047,163,620
16009.2,27148,578,1047,163,620
16024.3,27164,578,1046,163,620
16031.5,27196,578,1046,165,620
16039,27180,578,1046,165,620
16046.1,27196,578,1045,165,620
16053.8,27196,579,1045,165,620
16061.5,27212,579,1045,165,620
16068.2,27244,579,1044,165,620
16076.3,27212,579,1044,165,620
16084,27212,579,1044,164,630
16091.9,27228,579,1043,162,630
16098.6,27228,580,1043,162,630
16106.4,27244,580,1042,162,630
16113.2,27260,580,1042,162,630
16121.7,27244,581,1042,162,630
16128.7,27260,581,1041,162,630
16136.4,27276,581,1040,162,630
16143.5,27260,582,1040,162,630
16151.1,27340,582,1039,162,630
16160.8,27356,582,1039,164,630
16167.3,27292,583,1038,164,630
16174.8,27372,583,1038,164,630
16180.6,27356,583,1037,164,630
16188.8,27372,583,1037,164,630
16196.8,27372,584,1037,163,640
16204.2,27388,584,1036,163,640
16219.5,27404,585,1035,163,640
16233.3,27436,585,1035,163,640
16241.1,27436,586,1034,163,640
16248.8,27452,586,1034,163,640
16255.7,27532,586,1034,163,640
16263.2,27532,587,1033,163,640
16271.2,27548,587,1033,163,640
16277.8,27548,588,1032,163,640
16293.2,27564,588,1032,162,650
16300.4,27564,589,1031,162,650
16307.8,27612,589,1031,162,650
16316.1,27580,590,1030,162,650
16330.3,27596,591,1030,162,650
16338.2,27612,591,1029,162,650
16345,27692,592,1029,162,650
16352.8,27708,592,1028,162,650
16360.2,27692,593,1028,162,660
16374.9,27708,594,1027,162,660
16382.8,27692,594,1027,162,660
16389.6,27676,595,1027,162,660
16398.5,27708,595,1027,162,660
16405.5,27724,595,1026,162,660
16411.8,27692,596,1026,162,660
16419.9,27772,596,1026,162,660
16427.4,27756,596,1026,162,660
16434.5,27772,597,1025,162,660
16449.9,27772,598,1025,162,660
16457.6,27740,598,1024,162,660
16472.6,27756,599,1024,162,660
16487,27740,600,1023,164,660
16495.5,27756,600,1023,164,660
16501.8,27772,600,1023,164,660
16509.4,27772,601,1023,164,660
16517.4,27724,601,1022,164,660
16524.1,27708,602,1022,164,660
16532.1,27740,602,1022,164,660
16547.1,27724,603,1021,164,660
16553.8,27740,604,1021,164,660
16562,27756,604,1021,164,660
16569.6,27772,605,1021,164,660
16576.7,27804,606,1020,164,660
16584.5,27820,607,1020,164,660
16593,27820,608,1020,164,660
16599.2,27852,609,1019,164,660
16606.8,27820,610,1019,164,660
16615,27900,611,1019,164,660
16622,27916,611,1019,163,670
16629.8,27884,612,1018,163,670
16637.4,27948,613,1018,163,670
16644.4,27996,614,1018,163,670
16659.9,28012,615,1017,163,670
16666.8,28012,616,1017,163,670
16674.8,28044,617,1017,163,670
16682.4,28044,618,1017,163,670
16690,28060,619,1016,163,670
16697.3,28060,620,1016,163,670
16704.9,28076,621,1016,163,670
16712,28060,622,1015,163,670
16719.5,28076,623,1015,163,670
16727.7,28108,623,1015,163,670
16734.2,28092,624,1014,163,670
16742.2,28172,625,1014,163,670
16749.7,28188,626,1014,163,670
16756.8,28204,627,1014,163,670
16764.7,28220,628,1014,165,670
16772.8,28236,629,1013,165,670
16779.3,28252,629,1013,165,670
16787.3,28332,630,1013,165,670
16794.9,28348,631,1013,165,670
16802.1,28332,632,1013,165,670
16810.1,28332,633,1013,165,670
16818.3,28332,634,1012,168,680
16824.9,28300,635,1012,168,680
16832.5,28332,636,1012,168,680
16840.4,28316,637,1012,168,680
16848.3,28332,638,1012,168,680
16855.5,28268,639,1012,168,680
16863.2,28252,640,1012,168,680
16871.5,28300,641,1012,168,680
16877.9,28316,642,1012,168,680
16886.4,28252,643,1012,168,680
16892.7,28332,644,1012,168,680
16900.4,28284,645,1012,168,680
16908.4,28316,647,1012,168,680
16915.1,28316,648,1012,170,680
16923.1,28348,649,1012,170,680
16930.6,28284,651,1012,170,680
16937.7,28316,653,1012,170,680
16945.6,28316,655,1012,170,680
16953.4,28316,657,1012,170,680
16961.2,28364,660,1012,170,680
16968.7,28364,663,1012,170,680
16975.7,28316,665,1012,170,680
16983.8,28364,668,1012,170,680
16990.7,28380,671,1012,170,680
16998.5,28396,673,1012,170,680
17006.3,28493,675,1013,170,680
17013.4,28509,677,1013,173,680
17021.2,28525,679,1014,173,680
17028.9,28541,680,1014,173,680
17036.1,28557,682,1014,173,680
17043.7,28541,683,1015,173,680
17051.7,28621,685,1015,173,680
17058.5,28621,686,1016,173,680
17066.8,28669,687,1016,173,680
17073.6,28605,688,1017,173,680
17080.3,28669,689,1017,173,680
17088.3,28653,690,1018,173,680
17096.1,28717,691,1018,173,680
17103.3,28685,692,1019,175,680
17111,28733,693,1020,175,680
17119.1,28717,694,1020,175,680
17126.2,28669,694,1021,175,680
17142.1,28637,695,1021,175,680
17143.1,28669,696,1022,175,680
17149.4,28669,696,1023,178,680
17156.9,28621,697,1024,178,680
17165.6,28637,698,1025,178,670
17172.3,28589,699,1026,178,670
17179.4,28541,700,1027,178,670
17187.5,28509,701,1028,178,670
17195.2,28429,703,1029,180,670
17202.1,28348,704,1031,180,670
17209.7,28300,705,1033,180,660
17216.9,28172,707,1034,180,660
17224.9,28092,708,1036,180,660
17232.5,27948,709,1038,180,660
17240.5,27900,710,1040,180,650
17247.9,27724,711,1041,180,650
17254.8,27708,712,1043,180,650
17261.8,27676,713,1044,180,640
17269.4,27724,714,1046,180,640
17277.4,27660,714,1047,180,640
17285.3,27708,715,1049,180,630
17292,27660,716,1050,182,630
17300.1,27708,717,1052,182,630
17307.5,27660,718,1053,182,630
17314.9,27692,718,1054,182,620
17322.4,27724,719,1056,182,620
17329.5,27660,719,1057,182,620
17337.2,27660,720,1059,182,620
17345.5,27708,720,1060,184,620
17352.9,27692,721,1061,184,610
17359.7,27740,721,1063,184,610
17367.6,27692,721,1064,184,610
17375.4,27724,721,1065,184,610
17382.2,27756,722,1066,184,610
17390.2,27740,722,1068,184,610
17398.5,27740,722,1069,183,600
17405.1,27740,722,1070,183,600
17413.1,27724,722,1071,183,600
17427.7,27788,722,1072,183,600
17435.8,27708,722,1073,183,600
17443.8,27724,722,1074,183,600
17450.4,27692,722,1075,183,600
17458.7,27644,721,1076,183,600
17466,27596,721,1076,183,600
17472.8,27644,720,1077,183,600
17480.2,27596,719,1078,183,600
17487.8,27580,719,1079,183,600
17495.3,27596,718,1079,183,600
17502.8,27580,717,1080,183,600
17510.9,27532,716,1081,183,600
17517.7,27484,715,1081,183,590
17525.3,27452,714,1082,183,590
17533.1,27500,714,1083,183,590
17540.6,27452,713,1083,183,590
17547.9,27516,712,1084,183,590
17555.4,27484,711,1084,183,590
17562.4,27420,710,1085,183,590
17569.9,27340,710,1085,183,590
17578,27324,709,1086,182,590
17585.8,27276,708,1086,182,590
17592.8,27244,707,1086,182,590
17600.3,27196,706,1087,182,590
17607.8,27164,705,1087,182,590
17616.3,27164,704,1088,182,590
17623,27148,704,1088,182,590
17630.8,27132,703,1088,182,590
17638,27132,702,1089,182,590
17645.6,27116,702,1089,182,590
17653.5,27116,701,1089,182,590
17660.1,27068,700,1090,182,590
17667.6,27084,700,1090,182,580
17675.5,27068,700,1090,182,580
17682.3,27052,699,1090,182,580
17690.2,27036,699,1090,182,580
17697.9,27068,698,1090,182,580
17712.4,27004,698,1090,182,580
17720.1,27036,697,1090,182,580
17726.9,27052,696,1090,182,580
17735.6,27052,696,1090,180,580
17742.4,27004,695,1090,180,580
17756.9,26988,694,1090,180,580
17764.4,27004,693,1090,180,580
17771.9,27020,693,1089,180,580
17779.4,27036,692,1089,180,580
17787.7,27004,691,1089,180,580
17794.4,27004,691,1088,180,580
17802.5,26972,690,1088,180,580
17817.5,26956,689,1087,180,580
17824.6,26972,689,1087,180,580
17833.2,26956,688,1087,180,580
17839.5,26972,688,1087,180,580
17847.2,26956,687,1087,178,580
17855,26956,687,1086,178,580
17861.7,26940,686,1086,178,580
17869.6,26956,685,1086,178,590
17877.4,26940,685,1086,178,590
17884.1,26940,684,1085,178,590
17892,26924,684,1085,178,590
17899.6,26956,683,1084,178,590
17914.1,26924,682,1083,178,590
17921.4,26940,681,1083,178,590
17930.2,26908,680,1082,178,590
17936.5,26892,680,1081,178,590
17944.5,26828,679,1080,178,590
17951.7,26812,678,1080,177,590
17959.3,26796,677,1079,177,590
17967.1,26764,677,1078,178,590
17974.9,26748,676,1077,178,590
17981.7,26764,675,1077,178,590
17989.2,26732,675,1076,178,590
17996.8,26732,674,1075,178,590
18003.8,26748,674,1074,178,590
18012.5,26732,673,1074,178,590
18019.6,26764,673,1073,178,590
18026.4,26716,672,1072,178,590
18034.4,26732,672,1071,178,590
18041.9,26732,671,1070,178,590
18049.2,26684,671,1069,178,590
18064.8,26716,670,1068,178,590
18071.6,26716,670,1067,178,590
18079.4,26732,670,1066,178,590
18087.1,26668,669,1065,178,600
18094.6,26716,669,1064,178,600
18102.3,26732,669,1063,178,600
18110.6,26748,668,1062,178,600
18121,26716,668,1062,178,600
18127.3,26732,668,1061,178,600
18134.2,26732,667,1060,178,600
18139.3,26764,667,1059,178,600
18147.3,26780,667,1058,178,600
18162.7,26796,667,1057,178,600
18169.4,26812,667,1056,178,600
18177.3,26828,666,1056,178,610
18184,26764,666,1055,178,610
18192.1,26844,666,1054,178,610
18199.4,26780,666,1054,178,610
18207,26780,666,1053,178,610
18214.5,26812,666,1053,178,610
18221.9,26796,666,1052,178,610
18236.7,26876,666,1051,178,610
18244.4,26812,666,1051,178,610
18251.3,26828,666,1050,178,610
18259.1,26828,666,1050,178,620
18266.8,26844,666,1049,178,620
18281.1,26860,666,1048,178,620
18295.7,26940,666,1048,178,620
18303.9,26876,666,1047,178,620
18311.5,26956,666,1047,178,620
18318.8,26972,666,1046,178,620
18326,26988,666,1046,178,620
18333.7,26988,666,1045,178,620
18340.6,27020,666,1045,178,620
18347.9,27036,666,1044,178,620
18356.3,27004,666,1044,178,620
18363.9,27020,666,1043,178,620
18371,27036,666,1043,178,620
18378.4,27052,666,1043,178,620
18386.1,27052,666,1042,178,620
18392.9,27084,666,1042,178,620
18401.2,27084,666,1041,178,620
18415.3,27148,666,1040,178,630
18423.3,27164,666,1040,178,630
18430.7,27116,666,1040,178,630
18437.7,27196,666,1039,178,630
18453.6,27228,667,1038,178,630
18460.1,27244,667,1038,178,630
18468.1,27244,667,1037,178,630
18475.7,27340,667,1037,178,630
18483.3,27340,667,1036,178,630
18490.3,27356,668,1035,178,630
18498.9,27324,668,1035,178,630
18504.9,27340,668,1035,178,640
18512.5,27340,668,1034,178,640
18520.6,27420,668,1034,178,640
18527.3,27436,668,1034,178,640
18535.1,27436,668,1033,178,640
18549.7,27436,669,1032,178,640
18557.4,27452,669,1032,178,640
18565,27532,669,1031,178,640
18571.9,27484,669,1031,178,640
18580.4,27548,669,1031,178,640
18587.2,27548,669,1030,178,650
18594.1,27564,669,1030,180,650
18602.2,27564,669,1029,180,650
18609.5,27564,670,1029,180,650
18616.9,27644,670,1029,180,650
18624.4,27660,670,1028,180,650
18639,27676,670,1028,180,650
18646.7,27660,670,1028,180,650
18654.4,27692,670,1027,180,650
18668.7,27772,670,1027,180,650
18677.1,27788,670,1027,180,660
18683.6,27740,670,1027,180,660
18690.8,27772,670,1027,180,660
18698.8,27836,670,1027,180,660
18705.2,27868,670,1026,180,660
18713.7,27884,670,1026,180,660
18727.6,27900,670,1026,180,660
18743.1,27948,670,1026,180,660
18751,27980,670,1026,180,660
18758.2,27996,670,1026,180,660
18765.6,27996,670,1026,180,650
18780,28028,670,1026,180,650
18795.1,28044,670,1026,180,650
18801.7,28044,670,1026,178,640
18809.6,28076,670,1026,180,650
18817.2,28060,670,1026,180,650
18824,28076,670,1025,180,650
18831.7,28092,670,1025,180,650
18839.4,28076,670,1025,180,650
18846.2,28092,670,1025,180,650
18854.5,28108,670,1024,180,650
18861.6,28124,671,1024,180,650
18869,28140,671,1024,180,650
18876.5,28140,671,1023,180,650
18883.9,28092,671,1023,180,650
18891.2,28076,671,1022,180,650
18898.8,28108,671,1022,180,650
18906.6,28124,671,1022,180,660
18913.2,28124,672,1021,180,660
18921.1,28172,672,1021,180,660
18928.9,28188,672,1020,180,660
18943.5,28220,673,1019,180,660
18952,28236,673,1019,180,660
18958.2,28252,673,1019,180,660
18965.9,28204,673,1018,180,660
18973.6,28188,674,1018,180,660
18980.4,28220,674,1018,180,660
18988.2,28220,674,1017,180,660
18995.6,28252,674,1017,180,660
19002.9,28268,674,1017,180,660
19010.4,28252,675,1017,180,660
19018.3,28284,675,1016,180,660
19040.6,28300,675,1016,180,660
19047.5,28316,676,1015,180,660
19055,28300,676,1015,180,660
19062.8,28316,676,1015,180,660
19069.6,28252,676,1014,180,660
19077.2,28332,676,1014,180,660
19093.2,28332,677,1013,180,660
19107.4,28284,677,1013,180,660
19114.1,28348,677,1012,180,660
19121.9,28284,678,1012,180,660
19129.9,28364,678,1011,180,660
19137.9,28300,678,1011,180,660
19144.8,28300,679,1010,180,660
19152.1,28316,679,1010,180,670
19160.1,28332,679,1010,180,670
19166.6,28364,680,1009,180,670
19174.2,28396,680,1009,180,670
19182.4,28380,680,1009,180,670
19189,28380,681,1008,180,670
19197,28364,681,1008,180,670
19205.2,28413,681,1008,180,670
19211.8,28413,682,1007,180,670
19233.9,28413,683,1006,180,670
19249.1,28493,684,1005,180,670
19256,28429,684,1005,180,680
19271.4,28429,685,1004,180,680
19278.6,28461,685,1004,180,680
19285.8,28525,685,1004,180,680
19293.9,28493,686,1004,180,680
19300.5,28541,686,1003,180,680
19308.6,28477,686,1003,180,680
19316.1,28541,687,1003,180,680
19323.4,28573,687,1002,180,680
19330.6,28589,688,1002,180,680
19339.6,28605,688,1002,180,680
19345.4,28621,689,1001,180,680
19353.6,28637,690,1001,180,680
19361.4,28621,690,1001,180,680
19367.9,28653,691,1000,180,680
19376.1,28653,692,1000,180,680
19383.4,28685,692,1000,180,680
19390.5,28749,693,999,180,680
19397.8,28749,694,999,180,680
19406.4,28717,694,999,182,680
19413,28701,695,999,183,690
19421.7,28717,695,999,183,690
19428.6,28685,695,998,183,690
19437.2,28701,696,998,183,690
19451.2,28685,696,998,185,690
19459,28701,697,998,185,690
19465.7,28717,697,998,185,690
19473.5,28717,698,997,185,690
19480.2,28733,698,997,185,690
19487.8,28717,699,997,185,690
19503.2,28701,700,996,188,690
19509.8,28637,700,996,188,690
19518.3,28653,701,996,188,690
19525.4,28653,702,995,188,690
19532.4,28637,702,995,188,690
19540.6,28653,703,995,188,690
19547.8,28685,704,994,188,690
19555.3,28701,705,994,188,700
19563,28701,706,994,191,700
19570.8,28669,708,993,191,700
19577.3,28653,710,993,191,700
19585.4,28701,712,992,191,700
19593.1,28653,715,992,191,700
19600.1,28701,718,992,191,700
19607.8,28701,720,991,191,700
19616.2,28637,723,991,191,700
19622.5,28733,725,991,191,700
19630.5,28701,727,990,191,700
19638.2,28733,729,990,191,710
19645.2,28733,731,990,194,700
19653,28781,733,990,194,700
19660.7,28861,735,990,194,700
19667.7,28845,737,990,194,700
19675.6,28925,738,990,194,700
19683.6,28909,739,990,191,710
19690.1,28957,740,990,191,710
19698.7,28925,741,990,191,710
19706.4,28973,742,991,191,710
19713.9,28989,742,991,191,710
19721.2,28989,743,991,191,710
19730.5,28973,743,991,191,710
19735.6,29069,744,992,191,710
19750.9,29037,745,992,191,710
19765.5,29053,746,992,194,700
19773,29037,746,992,194,700
19780.1,29021,746,993,194,700
19788,29037,747,993,194,700
19802.5,29037,748,993,194,700
19810.8,29021,749,993,194,700
19825.8,29101,750,993,194,700
19832.6,29101,751,994,194,700
19840.3,29069,752,994,194,700
19847.2,29085,752,994,194,700
19862.8,29085,754,994,194,700
19870.1,29085,754,994,197,700
19877.2,29053,755,994,197,700
19884.8,29117,756,995,197,700
19892.9,29117,757,995,197,700
19899.6,29101,758,995,197,700
19908.2,29117,758,996,197,700
19915.5,29037,759,996,197,700
19922.3,29053,760,996,197,700
19930.3,29005,761,997,200,700
19937.9,29005,762,997,200,700
19952.2,29005,763,998,200,700
19960.6,29005,764,998,200,700
19967.4,29021,765,999,200,700
19975.2,29005,766,999,202,700
19982.9,29005,766,1000,201,690
19989.7,28941,767,1000,201,690
19997.5,28925,768,1000,201,690
20006.1,28925,769,1001,201,690
20012.2,28941,770,1001,201,690
20019.9,28893,771,1001,204,680
20028,28925,772,1002,204,680
20034.7,28941,773,1002,204,680
20042.6,28925,774,1002,204,680
20050.2,28909,774,1003,204,680
20057.2,28925,775,1003,204,680
20067.7,28925,776,1003,204,680
20074.7,28909,776,1004,204,680
20080.1,28909,777,1004,204,680
20088.1,28845,777,1004,204,680
20095.7,28861,778,1005,204,680
20102.3,28877,778,1005,204,680
20110.3,28877,779,1006,204,680
20117.8,28893,779,1006,204,680
20125.1,28877,780,1007,204,680
20132.5,28829,780,1008,204,680
20140.7,28829,781,1008,204,680
20147.9,28813,781,1009,204,680
20155.5,28813,782,1009,206,680
20163.5,28813,782,1010,206,680
20171.3,28765,783,1010,206,680
20177.9,28749,783,1011,206,680
20186.3,28717,784,1011,205,670
20193.4,28733,784,1012,205,670
20200.3,28717,785,1012,205,670
20208.4,28717,785,1013,205,670
20216.3,28669,786,1013,205,670
20223,28685,786,1014,205,670
20230.6,28669,787,1014,205,670
20238.9,28653,787,1015,205,670
20245.7,28701,788,1016,205,670
20253.4,28669,788,1016,205,670
20261.2,28589,789,1017,205,670
20268,28637,789,1017,205,670
20275.6,28621,790,1018,205,670
20283.8,28589,790,1019,205,670
20290.2,28573,791,1019,205,670
20297.9,28557,791,1020,205,670
20305.9,28525,792,1020,205,670
20312.8,28573,793,1021,207,670
20320.8,28477,793,1022,207,670
20328.1,28509,794,1022,206,660
20335.4,28509,795,1023,206,660
20343.5,28445,795,1023,206,660
20350.9,28396,796,1024,206,660
20357.7,28316,796,1025,206,660
20366.2,28268,797,1025,206,660
20373.3,28220,798,1026,206,660
20381.1,28156,798,1027,206,660
20388.2,28108,799,1028,205,650
20395.9,28028,800,1029,205,650
20402.9,27980,801,1030,205,650
20410.7,27996,801,1032,205,650
20418.7,27964,802,1033,205,650
20425.6,27932,803,1034,205,650
20433.8,27916,803,1035,207,650
20441,27900,804,1036,207,650
20448.1,27820,805,1037,206,640
20455.9,27820,805,1038,206,640
20464.1,27804,806,1038,204,640
20471.6,27820,806,1039,204,640
20478.9,27820,807,1040,204,640
20486.3,27836,808,1041,203,630
20493.2,27756,808,1042,203,630
20501,27772,809,1043,203,630
20508.9,27740,809,1044,203,630
20515.7,27740,810,1045,203,630
20523.3,27708,810,1046,203,630
20531.5,27708,810,1047,202,620
20539.1,27660,811,1048,202,620
20546.1,27644,811,1050,202,620
20553.8,27660,811,1051,202,620
20562.2,27596,811,1052,202,620
20568.6,27596,811,1053,202,620
20576.7,27580,811,1054,201,610
20584.2,27564,811,1055,201,610
20591.2,27548,811,1056,201,610
20599,27548,811,1057,201,610
20606.8,27532,811,1058,201,610
20614.6,27500,811,1059,202,600
20621.7,27484,811,1060,202,600
20629.9,27452,811,1061,202,600
20636.6,27420,811,1062,202,600
20644.6,27388,811,1063,202,600
20652.3,27372,811,1063,202,600
20659.6,27324,811,1064,202,600
20666.6,27340,810,1065,201,590
20675.1,27324,810,1066,201,590
20681.4,27276,809,1067,201,590
20689.1,27260,809,1067,201,590
20697,27244,808,1068,201,590
20703.8,27196,808,1069,201,590
20711.6,27180,807,1070,201,590
20719.1,27228,806,1070,199,600
20726.3,27164,805,1071,199,600
20734.1,27148,805,1072,199,590
20741.9,27116,804,1072,199,590
20748.8,27132,803,1073,199,590
20757.2,27164,803,1073,199,590
20764.4,27116,802,1074,199,590
20771.3,27100,801,1074,199,590
20779.6,27084,801,1074,199,590
20786.8,27132,800,1074,199,590
20795,27052,800,1075,199,590
20801.6,27020,800,1075,199,590
20809.7,27052,799,1075,199,590
20816.5,26988,799,1075,199,590
20824.1,27036,798,1075,199,590
20832.1,26956,798,1075,199,590
20839.1,27004,797,1075,199,590
20854.9,26924,797,1075,199,590
20861.9,26972,796,1075,199,590
20868.7,26908,796,1075,197,590
20876.6,26892,795,1075,197,590
20891.2,26908,794,1075,197,590
20898.6,26892,794,1075,197,590
20905.6,26908,793,1075,197,590
20913.1,26908,793,1074,197,590
20921.2,26908,792,1074,197,590
20928.2,26892,792,1074,197,590
20936.5,26892,791,1074,197,590
20951.8,26908,790,1074,197,590
20958.1,26892,790,1073,197,590
20973.4,26908,789,1073,197,590
20988.1,26844,788,1073,197,590
20995.6,26908,788,1073,197,590
21002.5,26860,788,1073,197,590
21010.2,26860,787,1073,197,590
21018.5,26844,787,1072,197,590
21024.8,26844,786,1072,197,590
21033.3,26860,786,1072,197,590
21041.4,26844,785,1072,197,590
21050,26844,784,1071,197,590
21062.5,26844,783,1070,195,590
21069.7,26844,782,1069,195,590
21077.4,26828,781,1069,195,590
21085.4,26844,780,1068,195,590
21092.2,26828,779,1068,195,590
21100.2,26844,778,1067,195,590
21108,26828,777,1066,195,590
21115,26860,776,1065,195,590
21130.4,26860,775,1064,195,590
21137,26844,774,1063,195,590
21146.5,26844,773,1062,195,590
21152.7,26812,773,1061,195,590
21159.6,26844,772,1060,195,590
21167.5,26812,771,1060,195,590
21175.5,26796,771,1059,195,590
21183.2,26876,771,1058,195,590
21190,26876,770,1057,195,590
21197.9,26876,770,1056,195,590
21205.4,26876,769,1056,195,590
21212.6,26860,769,1055,195,590
21220.4,26860,769,1055,196,600
21228.2,26860,768,1054,196,600
21234.9,26860,768,1053,196,600
21242.7,26876,768,1052,196,600
21250.6,26860,767,1052,196,600
21257.5,26860,767,1051,196,600
21265.8,26860,767,1050,197,610
21273.4,26844,766,1049,197,610
21280.5,26924,766,1048,197,610
21288.2,26956,766,1048,197,610
21295.3,26956,765,1047,197,610
21302.9,26924,765,1046,197,610
21310.9,26940,765,1045,197,610
21318.6,26940,765,1044,197,610
21325.9,27020,765,1043,197,620
21333.1,27004,765,1043,197,620
21341.9,27020,765,1042,197,620
21348.1,27004,765,1041,197,620
21355.6,27036,765,1040,197,620
21363.6,27036,765,1039,197,620
21370.5,27116,766,1038,198,630
21378.6,27132,766,1037,198,630
21386.2,27132,766,1036,198,630
21393.1,27164,767,1034,198,630
21400.8,27164,767,1033,198,630
21408.6,27180,768,1032,198,630
21415.2,27228,768,1031,199,640
21424.2,27228,769,1030,199,640
21430.9,27260,769,1029,199,640
21437.9,27260,770,1028,199,640
21445.9,27356,771,1027,200,650
21453.9,27340,771,1026,200,650
21460.7,27356,772,1025,200,650
21468.7,27308,773,1024,200,650
21476.7,27276,774,1023,200,650
21483.3,27292,774,1022,200,650
21491.4,27276,775,1021,200,660
21499.1,27276,776,1020,200,660
21513.9,27292,777,1019,200,660
21522.2,27292,778,1018,200,660
21528.2,27228,778,1017,200,660
21536.1,27276,779,1017,200,660
21543.9,27292,779,1016,200,660
21551,27244,780,1015,204,660
21559,27276,780,1015,204,660
21566.6,27292,781,1014,204,660
21573.4,27308,781,1014,204,660
21581.3,27276,782,1013,204,660
21589.4,27308,782,1012,204,660
21596.9,27292,782,1012,204,660
21604,27276,783,1011,204,660
21611.3,27324,783,1011,204,660
21617.8,27324,783,1010,204,660
21625.9,27324,784,1010,204,660
21633.5,27276,784,1009,204,660
21640.8,27292,784,1009,204,660
21648.2,27292,785,1008,204,660
21656.3,27308,785,1007,204,660
21664.1,27324,785,1007,204,660
21670.9,27356,786,1006,204,660
21678.7,27372,786,1005,205,670
21686.5,27372,787,1005,205,670
21693.6,27388,787,1004,205,670
21702,27324,788,1004,205,670
21709.3,27340,788,1003,207,670
21715.9,27356,789,1002,207,670
21724,27340,790,1002,207,670
21731.5,27372,790,1001,207,670
21738.8,27388,791,1001,207,670
21746.6,27404,791,1000,207,670
21754.6,27420,792,1000,207,670
21761.6,27404,792,1000,208,680
21769.1,27420,793,999,208,680
21783.6,27452,794,999,208,680
21791.1,27452,794,998,208,680
21805.8,27420,795,997,208,680
21813.1,27436,795,997,208,680
21821.5,27468,796,996,208,680
21828,27484,797,996,209,680
21836.2,27468,797,995,209,680
21843.5,27468,798,995,209,680
21850.9,27500,798,994,209,680
21858.3,27484,799,994,209,680
21866.5,27484,800,994,209,680
21873.1,27468,800,993,209,680
21881.1,27500,801,993,209,680
21888.7,27484,801,993,209,680
21896.1,27548,802,992,209,680
21903.9,27484,803,992,209,680
21911.4,27548,803,992,209,680
21919.3,27548,804,991,209,680
21926.1,27564,805,991,209,680
21934.1,27548,805,991,209,680
21942,27548,806,990,211,690
21956,27564,807,990,211,690
21963.1,27564,807,989,211,690
21970.8,27612,808,989,211,690
21985.3,27580,809,989,211,690
21993.7,27564,809,988,211,690
22007.8,27548,810,988,211,690
22022.2,27580,810,988,211,690
22025.2,27564,810,988,211,690
22030.5,27628,811,988,211,690
22037.8,27596,811,988,211,690
22046.2,27628,811,988,211,690
22053.6,27628,811,987,211,690
22060.7,27596,812,987,211,690
22068.5,27628,812,987,211,690
22076.7,27596,812,987,211,690
22083.1,27596,813,987,211,690
22091.3,27580,813,987,211,690
22098.7,27596,814,987,211,690
22105.4,27660,814,986,211,690
22113.7,27596,814,986,211,690
22120.9,27660,815,986,211,690
22128,27660,815,986,212,700
22135.8,27660,816,986,212,700
22157.9,27644,816,986,212,700
22165.6,27628,816,986,212,700
22173.1,27660,817,986,212,700
22180.1,27644,817,986,215,700
22194.8,27692,817,986,215,700
22202.4,27628,818,986,215,700
22210.2,27708,818,986,215,700
22216.7,27724,818,986,215,700
22224.7,27724,819,986,215,700
22246.8,27708,820,986,215,700
22269.7,27660,821,986,215,700
22276.9,27708,821,985,215,700
22283.4,27660,821,985,215,700
22291.8,27708,821,985,217,690
22299.2,27708,822,985,217,690
22313.6,27692,822,985,217,690
22328.8,27660,822,985,217,690
22335.7,27628,823,985,217,690
22343.6,27692,823,985,217,690
22357.9,27628,823,985,217,690
22366.3,27596,823,985,217,690
22372.4,27564,823,985,217,690
22395.7,27516,823,985,217,690
22402.5,27500,823,985,219,680
22409.7,27420,823,985,219,680
22418,27260,823,985,219,680
22424.8,27084,823,985,219,680
22432.1,26876,823,986,219,680
22439.9,26540,823,986,219,680
22447.1,25995,822,986,217,690
22454.5,25019,821,987,217,690
22463.1,23306,820,987,217,690
22469.2,20185,819,988,217,690
22476.7,15943,817,988,217,690
22485.4,7251,816,989,215,700
