30581.6,14182,245,1452,97,390
32586.1,3233,245,1453,96,470
46605,6691,51,1160,166,440
46612.6,6482,51,1160,166,450
46620.7,6514,51,1160,164,450
46626.9,6579,51,1160,164,460
46634.8,6611,47,1160,164,460
46642.6,6595,46,1160,164,460
46649.4,6707,46,1160,163,460
46656.7,6707,45,1160,163,460
46664.7,6739,44,1160,163,460
46671.5,6723,44,1160,163,460
46679.1,6835,43,1160,163,460
46686.9,7315,43,1160,163,460
46694.8,7155,43,1160,163,460
46701.7,7267,43,1160,163,460
46710.1,9956,43,1160,163,460
46716.5,10324,43,1160,163,460
46723.8,10564,43,1160,163,460
46731.9,10724,43,1160,163,460
46738.9,11141,43,1160,163,460
46746.8,11701,43,1160,163,460
46754.3,12181,43,1160,163,460
46761.1,12517,43,1160,163,460
46768.7,12885,43,1160,163,460
46776.3,13190,43,1160,163,460
46782.7,13430,43,1160,163,460
46791.5,13654,43,1160,163,450
46798.6,13782,43,1160,163,450
46805.4,13894,43,1160,163,450
46812.9,14038,43,1160,163,450
46820.5,14086,43,1160,163,450
46827.5,14134,43,1160,163,450
46835.1,14198,43,1159,163,450
46842.6,14422,43,1159,163,450
46849.5,14662,43,1159,163,450
46857.2,14950,43,1159,162,450
46865,15238,43,1158,162,450
46872.6,15511,43,1158,162,450
46879.3,15783,43,1158,162,450
46887.6,16023,43,1158,162,450
46893.8,16231,43,1158,162,450
46901.8,16487,43,1157,162,450
46909.3,16743,43,1157,162,450
46917.1,16935,43,1157,162,450
46923.9,17079,43,1157,162,450
46931.5,17255,43,1156,162,460
46938.6,17415,43,1155,162,460
46946.2,17720,43,1154,162,460
46953.8,17976,43,1153,162,460
46960.7,18248,43,1152,162,460
46969,18472,43,1151,162,460
46976,18648,43,1150,161,460
46984.4,18824,43,1149,161,460
46990.6,18856,43,1148,160,460
46998.1,18920,43,1147,160,460
47006.1,18952,43,1146,160,460
47012.5,18952,43,1146,160,470
47020.4,19048,43,1145,160,470
47028.2,19272,43,1144,160,470
47035,19496,43,1143,160,470
47042.7,19640,43,1143,160,470
47050.4,19689,43,1142,159,480
47057.2,19721,43,1141,159,480
47065.2,19785,43,1140,159,480
47072.7,19865,42,1139,159,480
47079.7,19897,42,1138,159,480
47087.2,19961,42,1137,159,480
47095,20137,42,1136,158,480
47101.8,20489,41,1135,158,480
47109.1,20681,41,1133,158,480
47117.3,20953,40,1131,158,480
47123.7,21161,39,1130,158,480
47131.8,21289,38,1128,159,480
47139.3,21353,38,1126,159,480
47146.2,21417,37,1125,159,480
47153.6,21417,36,1123,160,470
47162.3,21481,36,1122,160,470
47168.3,21449,36,1121,160,470
47176.1,21497,35,1119,160,470
47183.9,21465,35,1118,160,470
47190.6,21529,34,1116,160,470
47198.4,21481,33,1114,159,480
47205.6,21545,33,1111,158,480
47212.6,21497,32,1109,158,480
47220.4,21545,31,1106,157,480
47228,21545,30,1103,156,480
47234.7,21529,29,1101,154,490
47242.5,21593,28,1099,154,490
47254.5,21529,28,1097,152,490
47258.7,21577,27,1096,152,490
47265.2,21529,27,1095,150,500
47272.9,21529,27,1093,150,500
47279.8,21513,27,1092,149,510
47287.4,21497,27,1091,148,500
47295.3,21545,27,1090,147,510
47302.9,21545,27,1089,147,510
47309.7,21529,27,1088,147,510
47317.5,21545,27,1087,147,510
47325.4,21529,27,1086,145,510
47332,21577,27,1085,146,520
47339.8,21561,27,1084,146,520
47347.6,21561,27,1083,146,520
47354.8,21593,27,1082,146,520
47361.8,21641,27,1081,146,520
47369.7,21593,27,1080,146,520
47376.4,21561,27,1079,144,510
47384.2,21561,27,1078,146,520
47398.4,21545,27,1077,146,520
47410.1,21545,27,1076,146,520
47414.3,21545,27,1075,148,510
47428.7,21561,27,1074,148,510
47436.5,21561,27,1073,149,520
47443.3,21497,27,1073,149,520
47451.8,21481,27,1072,150,510
47458.9,21513,27,1071,150,510
47465.6,21513,27,1070,150,510
47473.5,21529,27,1070,150,510
47481.1,21465,27,1069,150,510
47487.5,21497,27,1068,151,500
47495.2,21513,27,1067,151,500
47502.9,21465,27,1067,151,500
47510,21481,27,1066,152,510
47517.7,21497,27,1065,152,510
47532.3,21513,27,1064,152,510
47539.8,21465,27,1064,152,510
47548.4,21465,27,1063,153,500
47554.4,21481,27,1063,153,500
47562.3,21497,27,1062,153,500
47569.9,21513,27,1061,152,490
47576.6,21449,27,1061,152,490
47584.2,21465,27,1060,152,490
47592,21481,27,1059,152,490
47599.9,21481,27,1058,151,500
47606.5,21497,27,1057,151,500
47614.3,21497,28,1056,151,500
47621.9,21497,28,1055,151,500
47629.5,21449,28,1054,151,500
47636.6,21465,28,1053,150,500
47643.1,21465,28,1052,150,500
47658.6,21465,28,1051,149,510
47666.5,21481,28,1050,149,510
47672.8,21481,28,1049,149,510
47688.5,21497,28,1048,149,510
47695.3,21481,28,1047,149,510
47703,21465,28,1046,149,510
47710.1,21465,28,1045,149,510
47717.5,21449,28,1044,147,510
47725.7,21465,28,1043,147,510
47732.9,21465,28,1042,147,510
47739.7,21465,28,1041,147,510
47747.5,21513,28,1040,147,510
47755,21529,29,1040,147,510
47762.7,21513,29,1039,145,510
47769.8,21497,29,1038,145,510
47777.5,21513,29,1037,144,510
47783.9,21497,29,1036,144,510
47791.9,21545,29,1035,144,510
47799.8,21545,29,1034,144,510
47806.8,21529,29,1033,144,510
47814.3,21577,29,1032,144,510
47822.3,21561,29,1031,144,510
47828.8,21577,29,1030,143,520
47836.4,21593,29,1030,143,520
47844.3,21609,29,1029,143,520
47850.6,21561,30,1029,143,520
47858.8,21561,30,1028,143,520
47866.4,21625,30,1028,143,520
47873.2,21593,30,1027,143,520
47880.5,21561,30,1027,143,520
47895.1,21593,30,1027,143,520
47903.4,21577,30,1027,143,520
47910.6,21513,30,1026,143,520
47918.2,21129,30,1026,142,530
47925.1,20697,30,1025,142,530
47932.8,19961,31,1025,142,530
47939.8,18728,31,1024,142,530
47947.5,16343,33,1024,142,530
47955.2,12693,34,1026,143,530
50388.7,9220,117,1161,112,460
50396.5,9252,117,1161,111,460
50403.6,9540,117,1161,111,460
50412.1,9604,117,1161,110,450
50418.8,9636,117,1161,110,450
50426.3,9652,117,1161,109,450
50433.8,9732,117,1161,109,450
50440.8,9860,117,1160,109,450
50448.8,10020,117,1160,109,450
50455.4,10100,117,1159,109,450
50463.2,10132,117,1158,109,450
50470.2,10804,118,1157,109,440
50477.4,11477,118,1156,109,440
50485.5,11605,118,1155,109,450
50493.1,11781,118,1154,109,450
50499.7,12229,118,1153,108,460
50507.4,12805,118,1152,108,460
50515.5,13238,118,1151,108,460
50522.2,13638,118,1150,108,460
50531,13990,118,1149,108,460
50537.6,14278,118,1148,108,460
50544.5,14534,119,1147,108,460
50552.3,14902,119,1146,108,460
50559.6,15270,119,1145,108,460
50566.7,15815,119,1143,107,460
50574.4,16359,119,1142,107,460
50582.1,16807,119,1140,108,470
50588.9,17159,119,1139,108,470
50596.4,17431,119,1137,108,470
50604.3,17656,119,1136,108,470
50611.5,17672,119,1134,108,470
50618.7,17720,119,1133,108,470
50627.5,17752,119,1132,108,470
50633.4,17816,119,1130,107,470
50641.4,17992,119,1129,107,470
50648.6,18328,119,1127,107,470
50656.8,18824,119,1126,107,480
50663.6,19096,119,1124,107,480
50670.8,19320,119,1123,106,480
50678.9,19416,119,1122,106,480
50685.6,19496,119,1120,106,480
50693.4,19512,119,1119,106,480
50700.7,19576,120,1118,106,480
50708.4,19656,120,1116,106,480
50715.5,19721,120,1115,106,480
50722,19769,120,1114,106,480
50730.1,19897,120,1112,105,480
50737.7,20009,120,1111,104,470
50745.4,20121,120,1109,104,470
50752.2,20313,120,1108,104,470
50760,20393,120,1106,104,470
50766.4,20521,120,1105,103,470
50774.6,20713,120,1103,103,470
50782.2,20809,120,1102,103,470
50789.2,20841,120,1101,103,470
50796.6,20985,120,1099,103,470
50805.3,21017,120,1098,102,470
50812.1,21097,120,1097,102,470
50819,21177,120,1096,102,470
50826.6,21273,120,1094,102,470
50833.9,21321,120,1093,102,460
50841.1,21417,120,1092,102,460
50849,21513,120,1090,102,460
50856.3,21561,120,1089,101,460
50863.3,21641,120,1088,101,460
50870.8,21689,120,1087,101,460
50878.5,21705,120,1086,101,460
50885.8,21785,120,1085,101,460
50893.2,21801,120,1084,101,460
50901.5,21850,120,1084,101,460
50907.8,21850,120,1083,101,460
50915.2,21914,120,1082,101,460
50923.3,21930,120,1081,100,470
50929.8,22026,120,1080,100,470
50937.6,22042,120,1079,100,470
50945.1,22058,120,1078,100,470
50953,22074,120,1077,100,470
50959.9,22106,120,1075,100,480
50967.8,22154,120,1074,100,480
50974.3,22186,120,1073,100,480
50982.2,22218,120,1072,100,480
50989.7,22314,120,1071,100,480
50998.1,22410,120,1070,100,480
51004.3,22458,120,1069,100,480
51012.1,22506,120,1068,100,480
51018.6,22490,120,1068,100,480
51026.5,22490,120,1067,100,480
51034.3,22538,119,1066,100,480
51041.2,22554,119,1065,100,480
51048.9,22570,119,1064,100,480
51056.2,22602,119,1063,100,480
51063.3,22634,119,1062,100,480
51071.1,22586,119,1061,100,480
51078.8,22586,119,1060,100,480
51085.6,22618,119,1059,100,480
51094.5,22634,119,1058,100,470
51101.1,22634,119,1057,100,470
51107.8,22634,119,1055,100,470
51115.5,22682,119,1054,100,470
51123.2,22682,119,1053,100,470
51131,22682,119,1052,100,470
51137.8,22682,119,1050,100,470
51145.4,22602,119,1049,100,470
51153.1,22634,119,1048,100,470
51160.1,22634,119,1047,100,470
51167.7,22666,119,1045,100,470
51175.6,22682,119,1044,100,470
51182.1,22666,119,1043,100,470
51190.9,22682,119,1042,100,470
51197.8,22714,119,1041,100,470
51204.6,22730,119,1039,99,460
51212.3,22762,119,1038,99,470
51219.2,22826,119,1037,99,470
51227,22778,119,1036,99,470
51234,22826,119,1035,99,470
51242.2,22842,119,1033,99,470
51248.8,22874,119,1032,99,470
51259.9,22906,119,1031,99,470
51264.9,22922,119,1030,98,470
51272.6,22906,119,1029,98,470
51287.2,22954,119,1028,98,470
51293.7,22922,119,1028,98,470
51301.6,22906,119,1027,98,470
51309.3,22890,119,1027,98,470
51331.1,22938,119,1027,96,470
51338,22938,119,1026,96,470
51346,22922,119,1026,96,470
51353.2,22906,119,1026,96,470
51360.3,22874,119,1026,96,470
51368.8,22810,119,1026,96,470
51375.7,22730,119,1026,96,470
51382,22554,119,1026,96,470
51390.3,21833,119,1026,96,470
51398,20537,119,1026,96,470
51405.7,18120,119,1027,96,470
51412.1,13894,119,1028,96,470
51420.2,7155,119,1029,96,470
52086.1,8836,30,1104,107,440
52094.1,9044,30,1104,107,440
52101.7,10468,30,1104,106,440
52109.3,11413,27,1104,106,440
52116.1,12901,27,1103,105,430
52125,14374,26,1103,105,430
52130.6,15254,26,1103,105,430
52138.5,15703,26,1103,105,430
52146.1,16087,26,1103,105,430
52153.6,16263,26,1103,105,430
52160.7,16439,26,1103,105,430
52168.4,16951,27,1103,105,430
52175,17672,27,1103,105,430
52182.6,18280,28,1103,105,430
52190.6,18760,29,1103,106,430
52197.9,19240,30,1103,106,430
52205.6,19721,31,1103,106,430
52212.5,20025,32,1103,106,430
52220,20409,33,1103,106,430
52230.1,20713,34,1103,106,430
52235.3,20985,35,1103,106,430
52243.1,21193,36,1103,106,430
52249.7,21417,37,1103,106,430
52257.6,21673,38,1103,106,430
52265.3,21833,39,1103,106,430
52271.8,21962,40,1103,106,430
52279.7,22090,42,1103,106,430
52287.6,22218,43,1103,107,430
52294.3,22330,44,1103,106,430
52302.9,22442,46,1103,106,430
52309.6,22570,47,1103,106,430
52316.6,22666,48,1103,106,430
52324.1,22778,50,1103,106,430
52331.5,22826,52,1102,106,430
52338.4,22906,53,1102,107,440
52346.2,23002,55,1102,107,440
52354.1,23034,57,1102,107,440
52362,23050,58,1102,107,440
52368.8,23114,60,1102,107,440
52376.6,23162,62,1101,108,450
52383.2,23130,63,1101,108,450
52390.7,23194,65,1101,108,450
52399.4,23242,66,1101,108,450
52405.3,23210,68,1100,108,450
52413,23274,69,1100,108,450
52420.9,23402,71,1099,108,450
52427.2,23370,72,1099,108,450
52435.3,23402,74,1098,107,440
52442.7,23434,75,1098,107,440
52449.7,23370,77,1098,107,440
52458.5,23418,78,1097,107,440
52465.3,23450,80,1097,107,440
52472.1,23402,82,1096,107,440
52479.8,23418,83,1096,106,430
52487.7,23450,85,1095,106,430
52494.7,23466,87,1095,106,430
52502,23482,89,1095,106,430
52509.3,23514,90,1094,106,430
52517.4,23562,92,1094,106,430
52524.2,23578,94,1094,106,430
52532,23610,95,1093,106,430
52538.3,23594,96,1093,106,430
52547.4,23674,98,1093,106,430
52554.2,23658,99,1092,107,440
52560.9,23674,100,1092,107,440
52568.6,23674,101,1092,107,440
52576.4,23722,102,1091,107,440
52583.1,23722,103,1091,107,440
52591.7,23770,105,1091,107,440
52598.7,23818,106,1090,107,440
52605.2,23898,107,1090,107,440
52613.3,23946,108,1090,107,440
52620.9,23978,110,1089,107,440
52627.8,24091,111,1089,107,440
52635.3,24283,112,1089,107,440
52643.2,24315,114,1088,107,440
52650.9,24443,115,1088,107,440
52657.8,24491,117,1088,108,450
52665.5,24523,118,1087,108,450
52673.4,24683,120,1087,108,450
52680.7,24731,121,1086,108,450
52688.6,24715,122,1086,108,460
52695.5,24699,123,1086,108,460
52702.2,24683,124,1085,108,460
52710,24699,124,1085,109,450
52717.6,24699,124,1085,110,460
52724.5,24731,125,1085,110,460
52731.9,24763,125,1085,110,460
52747.5,24859,125,1085,110,460
52762,24891,125,1085,110,460
52769.2,24939,125,1085,109,460
52777.2,24923,125,1085,109,460
52784.8,24955,125,1085,109,460
52798.4,24987,126,1085,109,460
52806.4,24971,126,1085,109,460
52813,24987,126,1085,109,460
52820.7,25003,126,1085,109,460
52835.9,24987,126,1085,110,460
52842.8,25003,126,1085,110,460
52850.4,25035,126,1085,110,460
52858,25051,126,1085,110,460
52865.6,24987,126,1084,110,460
52872.5,23850,126,1084,109,460
52879.3,20569,126,1083,109,470
52886.9,14566,125,1083,109,470
53509.3,10660,179,1105,117,460
53517.3,11445,179,1105,117,460
53525,13126,178,1105,115,450
53531.8,14326,178,1105,115,450
53539.8,14710,178,1105,114,450
53547.1,14790,178,1105,114,450
53555.5,14726,178,1104,113,450
53561.8,14598,179,1104,113,450
53569.4,14934,179,1104,113,450
53576.4,15719,180,1104,113,450
53584.1,16663,181,1104,113,450
53591.7,17544,183,1103,113,450
53598.1,18344,185,1103,113,450
53606.2,18952,188,1103,114,440
53613.8,19256,191,1103,114,440
53621.4,19624,194,1103,114,440
53628.4,20105,198,1104,115,450
53636.5,20729,202,1104,115,450
53642.9,21225,205,1105,115,450
53650.4,21433,209,1106,116,450
53658.5,21513,213,1107,117,460
53664.9,21641,216,1108,117,460
53673,21801,219,1109,117,460
53680.5,21962,222,1111,117,460
53687.5,22122,225,1112,118,460
53694.6,22282,227,1114,118,460
53702.6,22522,229,1116,118,460
53710.4,22778,231,1117,119,470
53717.4,22970,233,1119,119,470
53725,23210,234,1120,119,470
53732.4,23402,235,1122,120,480
53740.4,23658,235,1123,121,480
53746.9,24026,236,1125,121,480
53754.9,24267,236,1126,121,480
53761.3,24667,236,1128,121,480
53769.4,25019,236,1130,121,480
53777.2,25243,235,1131,121,480
53784,25339,234,1133,121,480
53791.1,25339,234,1135,121,480
53799.3,25467,233,1136,121,480
53806.2,25467,231,1137,121,480
53814.2,25435,230,1138,122,470
53821.6,25531,228,1139,122,470
53828.9,25611,226,1140,122,470
53836,25675,224,1140,122,470
53843.6,25691,222,1141,122,470
53850.6,25659,220,1141,122,470
53858.3,25707,218,1141,121,470
53866,25755,215,1141,121,470
53872.9,25723,213,1141,121,470
53880.4,25755,210,1140,121,470
53887.9,25787,207,1139,121,470
53895,25819,204,1139,120,460
53902.7,25819,202,1138,120,460
53910.8,25819,199,1137,120,460
53917,25931,197,1136,120,460
53925.6,25931,194,1135,119,450
53932.7,25915,192,1133,119,450
53939.4,25899,190,1132,119,450
53947.2,25883,188,1130,119,450
53955,25915,186,1128,119,450
53961.8,25899,184,1126,117,450
53969.4,25867,182,1124,117,450
53977.1,25867,181,1121,117,450
53984.7,25883,179,1118,117,450
53991.8,25787,177,1114,116,450
53999.6,25707,176,1111,116,450
54007.1,25643,175,1108,116,450
54013.9,25691,174,1105,115,450
54022,25643,173,1102,115,450
54028.4,25691,173,1099,114,440
54036.3,25643,173,1097,113,450
54043.8,25723,173,1094,113,450
54050.5,25723,173,1091,112,450
54058.4,25771,173,1088,111,450
54066.1,25803,173,1084,111,450
54073.9,25835,173,1081,110,440
54080.6,25931,174,1077,110,440
54088.4,26011,175,1073,109,440
54096.1,26011,175,1070,109,440
54103.6,25963,176,1066,108,450
54110.5,25963,178,1062,108,450
54119.4,25979,179,1059,107,450
54125.2,25995,180,1055,107,450
54132.9,26011,182,1052,106,450
54140.1,25995,184,1050,106,450
54155.6,25931,185,1047,104,450
54156.3,25899,187,1045,104,450
54167,25883,189,1043,103,450
54173,25835,192,1042,103,450
54177.6,25835,194,1040,103,450
54185.7,25803,197,1039,103,460
54192.5,25803,199,1038,103,460
54200.8,25755,202,1037,103,460
54207.9,25771,205,1037,103,460
54214.6,25691,208,1037,102,460
54222.4,25739,211,1037,102,460
54230.1,25723,215,1037,102,460
54236.9,25707,218,1037,102,470
54244.6,25803,221,1037,102,470
54252.4,25835,225,1038,102,470
54259.3,25883,228,1039,102,470
54266.9,25883,232,1040,103,480
54274.7,25883,235,1041,103,480
54282.2,25915,238,1042,103,490
54288.9,26027,242,1044,104,490
54297.7,26107,245,1046,104,490
54304.5,26155,247,1048,105,500
54311,26107,250,1050,105,500
54319.1,26059,252,1052,106,510
54325.9,26043,254,1054,106,510
54333.5,26043,256,1055,106,510
54341.5,25963,257,1057,108,510
54348.2,25979,259,1058,108,510
54355.9,26011,260,1060,108,510
54363.5,25931,261,1061,108,510
54371.2,25643,262,1063,109,500
54379,24219,264,1066,109,500
54385.5,22218,265,1069,109,500
54393.9,16519,266,1073,109,500
54668,11221,270,1180,128,470
54675.4,10084,270,1180,129,460
54682.2,10324,270,1180,129,460
54689.1,10484,270,1180,129,460
54696.6,10516,269,1179,128,450
54704.5,10356,269,1178,128,450
54710.9,10372,269,1178,128,450
54719.7,10356,269,1177,128,450
54726.5,10436,269,1177,128,450
54734.4,10660,269,1176,128,450
54741.2,11013,269,1175,128,450
54749,11477,269,1174,128,450
54755.6,12133,269,1173,128,450
54763.8,12613,269,1171,128,450
54771,13029,269,1170,126,460
54777.8,13686,269,1168,126,460
54785.6,14166,269,1167,126,460
54793.3,14470,269,1165,126,460
54801.1,14630,269,1164,126,460
54808.1,14806,269,1162,125,460
54815.6,14966,269,1161,125,460
54822,15286,270,1159,125,460
54831.1,15655,270,1157,125,460
54837.9,16087,271,1155,124,470
54845.1,16455,271,1153,124,470
54852,16791,271,1151,125,470
54861.3,17079,272,1149,124,480
54867.8,17319,272,1146,124,480
54874.7,17512,273,1144,124,480
54882.4,17800,274,1141,123,480
54889.7,18072,274,1139,123,480
54897.9,18424,275,1136,123,480
54904.7,19016,276,1134,122,480
54912.4,19352,276,1131,122,480
54919.8,19576,277,1129,122,480
54926.8,19801,277,1127,122,480
54934.9,19977,277,1124,121,490
54941.8,20233,278,1122,121,490
54949.2,20425,278,1119,121,490
54956.1,20521,279,1117,121,490
54963.7,20649,279,1114,122,500
54971.5,20761,280,1111,120,500
54979.2,20889,280,1109,120,500
54986,21001,281,1106,120,500
54993.7,21001,282,1104,120,500
55001.3,21129,282,1101,119,500
55008.9,21161,283,1099,119,500
55015.6,21177,283,1097,119,500
55023.6,21273,284,1094,118,510
55030.2,21385,284,1091,118,510
55038.8,21465,285,1089,118,510
55045.7,21561,285,1086,117,510
55054.4,21801,285,1083,117,510
55060.2,22058,285,1081,117,510
55067.9,22250,286,1079,115,510
55074.8,22346,286,1076,115,510
55082.6,22378,286,1074,115,510
55090.5,22410,286,1072,115,510
55096.7,22442,287,1070,114,510
55104.7,22522,287,1069,114,510
55112.4,22570,287,1067,114,510
55123.7,22602,287,1065,114,510
55127.1,22634,288,1063,114,510
55135.5,22634,288,1060,114,510
55142.7,22714,288,1058,114,510
55149.4,22762,289,1056,113,520
55157.3,22810,289,1054,113,520
55164.1,22778,289,1052,113,520
55171.9,22810,290,1050,113,520
55179.3,22874,290,1049,113,520
55186.2,22938,290,1047,113,520
55194,22954,291,1046,112,520
55201.6,22954,291,1045,112,520
55209,23002,291,1044,112,520
55216.5,23018,291,1043,112,520
55223.9,23002,291,1043,112,520
55232.1,22986,291,1043,112,520
55238.5,23002,291,1043,112,520
55245.9,23066,291,1042,112,520
55268.2,23018,291,1042,112,520
55274.7,22586,291,1042,112,520
55282.5,21657,292,1041,112,520
55290.4,20265,292,1041,112,520
55297.8,17736,292,1041,112,520
55304.7,14022,292,1041,112,520
55312.7,5090,292,1042,112,520
56002,18152,328,1181,119,390
56009,18200,328,1181,119,400
56016.3,18232,328,1181,121,420
56024.4,18616,326,1182,121,430
56032.1,18632,326,1182,122,430
56038.8,18584,326,1182,121,440
56046.6,18536,326,1181,122,450
56053.3,18600,326,1179,123,460
56061.9,18680,326,1177,123,460
56069.3,18968,326,1174,123,460
56075.5,19272,326,1172,123,460
56083.4,19705,326,1169,122,460
56093.3,20153,326,1166,122,460
56099.1,20681,326,1163,123,470
56106,21097,326,1160,123,470
56113.4,21529,326,1157,122,470
56120.4,21914,326,1154,122,470
56128.2,22378,326,1150,121,480
56136,22842,326,1147,121,480
56142.7,23098,326,1144,121,480
56150.5,23386,326,1140,120,480
56158.3,23658,325,1137,120,480
56165.9,23946,325,1134,119,480
56172.7,24107,325,1131,119,480
56180.7,24315,324,1128,119,480
56187,24443,324,1125,117,490
56195.6,24619,323,1122,117,490
56202.8,24699,323,1119,117,490
56209.5,24827,323,1115,116,490
56217.1,24955,322,1112,116,490
56225.9,25051,322,1109,116,490
56231.7,25179,322,1106,115,490
56239.5,25307,321,1102,115,490
56247.2,25435,321,1099,115,490
56254.9,25531,321,1096,115,500
56262.1,25627,321,1093,115,500
56269.3,25675,321,1090,115,500
56275.9,25723,321,1087,113,510
56283.9,25835,321,1084,113,510
56291.7,25947,321,1081,112,510
56299.4,26075,321,1078,112,510
56306.2,26107,321,1075,111,510
56313.9,26091,321,1072,111,510
56321.6,26059,321,1069,111,510
56328.5,26059,321,1066,110,510
56336.2,26043,321,1063,110,510
56343.6,26027,322,1060,109,500
56351.7,26027,322,1057,109,500
56358.9,26027,322,1055,108,510
56366.2,26059,323,1052,108,510
56373.2,26107,323,1049,108,510
56380.7,26091,323,1047,106,510
56388.5,26123,324,1045,106,510
56395.3,26171,324,1042,106,510
56403.1,26187,324,1040,106,510
56410.8,26203,324,1038,105,510
56418.5,26284,325,1036,105,510
56425.2,26300,325,1034,105,510
56432.9,26364,325,1032,105,510
56440.1,26380,325,1030,105,510
56447.5,26428,325,1028,104,510
56455.8,26508,326,1026,104,510
56462,26556,326,1024,104,510
56469.9,26636,326,1022,104,510
56477.5,26620,326,1020,103,510
56485.1,26572,326,1019,103,510
56492.1,26572,326,1017,103,510
56499.3,26556,326,1015,103,510
56507.3,26540,326,1014,103,510
56514,26540,326,1012,103,510
56521.8,26540,327,1011,101,510
56528.6,26508,327,1009,101,500
56537.3,26524,327,1008,101,500
56544.1,26540,327,1007,101,500
56550.4,26508,327,1006,101,500
56558.4,26524,327,1005,101,500
56566.2,26524,327,1004,101,500
56573.1,26556,327,1003,100,510
56581.8,26588,327,1002,100,510
56588.7,26572,327,1001,100,510
56595.2,26636,327,1001,100,510
56603.1,26604,327,1000,100,510
56610.8,26636,327,1000,100,510
56618.5,26652,327,999,100,510
56625.1,26684,327,999,100,510
56633.6,26716,327,998,100,510
56640.6,26700,327,998,100,510
56647.4,26684,327,998,100,510
56655.2,26700,327,998,100,510
56663,26764,327,998,100,510
56669.7,26700,327,997,100,510
56677.3,26716,327,997,100,510
56699.4,26732,327,997,100,510
56707.1,26716,327,997,100,510
56721.6,26732,327,997,100,510
56730,26684,327,997,100,510
56735.9,26268,328,997,100,510
56743.5,24251,329,998,100,510
56751.6,22410,330,999,100,510
56758.3,17576,332,1001,100,510
56766.1,2673,332,1004,100,510
58011.1,13862,411,1112,122,400
58021.7,13846,410,1113,122,410
58026.5,14182,409,1114,122,420
58035.1,15799,408,1115,122,430
58041.6,17207,407,1116,123,440
58048.6,18152,406,1117,122,450
58056.3,19272,404,1117,122,450
58064,20089,403,1118,122,450
58071.8,21129,401,1119,122,450
58079.4,21994,400,1119,122,450
58086.2,22666,398,1119,122,450
58093.9,23034,396,1119,122,450
58100.9,23434,393,1119,122,450
58108.4,23818,391,1119,122,450
58115.5,24203,389,1119,121,460
58123.9,24459,386,1119,121,460
58130.9,24635,384,1118,121,460
58138.2,24891,381,1118,121,460
58145.2,25291,379,1117,121,460
58153,25531,376,1116,121,460
58160.7,25755,374,1115,121,460
58167.5,25963,371,1114,121,460
58175.9,26059,368,1112,121,460
58183,26011,365,1111,121,460
58189.8,26155,362,1109,121,460
58197.6,26284,359,1107,120,460
58205.2,26364,356,1105,120,460
58213,26444,353,1103,119,450
58220.2,26604,350,1101,119,450
58227.6,26572,348,1099,118,450
58234.5,26636,346,1097,118,450
58242,26732,344,1095,118,450
58249.8,26716,342,1092,117,460
58257.2,26748,340,1090,117,460
58264.4,26812,338,1087,117,460
58272.9,26892,337,1084,115,450
58279.2,26924,336,1081,115,450
58287,26972,335,1078,115,450
58294.6,27020,334,1074,114,450
58301.3,27004,333,1071,114,450
58310.3,26908,333,1067,113,460
58316.5,26876,333,1062,112,450
58323.3,26844,333,1058,111,450
58331.2,26796,333,1054,111,450
58339,26780,333,1050,110,450
58345.8,26828,334,1046,110,450
58354,26780,335,1043,109,450
58361.5,26796,336,1039,108,450
58369.5,26844,337,1036,108,450
58375.5,26876,338,1032,107,450
58383.3,26892,340,1029,107,450
58390.4,26940,341,1026,106,450
58397.8,26988,343,1022,106,450
58406.7,27052,345,1019,104,450
58413.3,26972,347,1016,104,450
58420.1,26924,349,1014,104,460
58427.5,26892,351,1011,104,460
58435.6,26940,353,1009,103,460
58442.4,26940,355,1006,103,460
58450.4,26892,358,1004,102,460
58457.8,26924,360,1003,102,460
58464.3,27004,363,1001,101,460
58472.2,27004,366,999,101,460
58479.9,27084,369,998,101,460
58486.8,27084,372,997,101,470
58494.4,27148,375,997,100,480
58502.2,27004,378,996,100,480
58509,26908,381,996,100,480
58516.8,26860,384,996,100,480
58523.4,26812,388,996,100,480
58531.6,26732,391,996,100,480
58538.9,26748,395,996,100,480
58546.8,26732,399,997,100,480
58553.5,26764,402,998,100,480
58560.9,26716,406,1000,100,480
58568.5,26780,409,1001,101,470
58575.4,26844,412,1003,101,470
58583.4,26860,415,1005,101,480
58591.1,26972,418,1007,101,480
58597.9,27068,421,1010,101,480
58606.5,27100,424,1012,103,480
58613.4,27180,427,1014,103,490
58620.1,27260,430,1017,103,490
58628.2,27308,432,1019,104,490
58635.5,27404,435,1022,104,490
58642.8,27484,437,1025,105,500
58650.1,27420,439,1029,106,500
58657.5,27292,441,1032,106,500
58665.4,27212,444,1036,107,500
58671.9,27164,445,1040,107,500
58680,27132,447,1044,108,500
58686.7,27068,448,1047,108,500
58695.4,27068,450,1051,108,500
58701.8,27116,451,1055,109,490
58709,27100,452,1058,109,490
58716.6,27164,452,1062,109,490
58724.5,27180,453,1065,111,490
58732.1,27244,453,1068,111,490
58739.2,27308,453,1068,111,490
58746.5,27356,453,1076,111,490
58754.2,27388,453,1079,112,490
58762.1,27420,453,1082,112,490
58768.7,27388,453,1086,112,490
58776.5,27324,453,1089,112,490
58783.1,27276,453,1092,113,490
58790.9,27276,453,1095,113,490
58798.3,27196,452,1097,113,490
58805.6,27228,451,1100,114,480
58813.3,27276,450,1103,114,480
58821.3,27260,450,1106,114,480
58827.7,27308,449,1108,115,480
58836.7,27276,448,1111,115,480
58843.3,27292,447,1113,115,480
58850,27404,446,1116,115,480
58857.8,27452,444,1118,115,480
58865.3,27484,443,1119,117,480
58873.2,27516,442,1121,117,480
58880.1,27612,440,1122,117,480
58887.5,27692,439,1123,117,480
58894.5,27724,437,1125,117,480
58902.2,27820,436,1126,118,480
58909.8,27788,434,1127,118,480
58917.2,27724,432,1128,118,480
58924.4,27708,431,1129,118,480
58932.9,27676,429,1129,118,480
58938.8,27644,427,1130,118,480
58946.4,27628,426,1131,118,480
58954.2,27644,424,1132,117,470
58960.8,27628,422,1132,117,470
58968.6,27580,420,1133,117,470
58976.5,27580,418,1133,117,470
58988.8,27612,417,1133,117,470
58991.6,27596,415,1133,117,470
58998.9,27596,413,1133,117,470
59005.4,27548,411,1133,118,460
59014.2,27580,408,1133,118,460
59021,27516,406,1133,118,460
59027.5,27516,403,1133,117,460
59035.3,27548,401,1133,117,460
59043.1,27548,397,1132,117,460
59051,27564,394,1130,117,460
59057.7,27564,390,1128,117,460
59065.5,27548,387,1126,117,460
59071.7,27516,383,1122,115,450
59079.9,26956,379,1117,115,450
59087.5,24091,374,1112,115,450
59095.4,17111,368,1106,114,450
61123.3,9828,548,1147,121,440
61131.2,11189,548,1147,121,440
61139.3,11525,548,1147,121,440
61146.6,12933,546,1148,120,450
61153.3,14422,546,1148,120,450
61161,15655,545,1149,120,450
61168.8,16791,545,1149,120,450
61175.7,17784,545,1149,120,450
61183.9,18744,545,1149,120,450
61190.2,19512,545,1149,120,450
61197.7,20121,545,1149,120,450
61205.5,20537,545,1149,120,450
61212.2,20809,545,1149,121,460
61220.1,20905,545,1149,121,460
61227.6,20969,544,1149,121,460
61235.1,20985,544,1148,121,460
61243.6,21049,544,1147,121,460
61250.7,21289,544,1146,121,460
61257.3,21625,544,1145,121,460
61265.5,21978,543,1143,121,460
61273.1,22378,543,1142,121,460
61281.5,22618,543,1140,121,460
61288,22890,543,1139,121,460
61295.4,23146,543,1137,121,460
61303.4,23290,542,1136,120,460
61310.4,23514,542,1134,120,460
61318.1,23754,542,1133,120,460
61325,23946,542,1132,120,460
61332.9,24091,542,1130,120,460
61340.2,24203,542,1129,120,460
61347.5,24331,542,1127,120,460
61354.9,24411,542,1126,119,460
61363.8,24443,542,1124,119,460
61370,24587,541,1122,119,460
61379,24763,541,1120,119,460
61385.5,24875,541,1117,119,460
61392.3,25099,541,1115,118,460
61401,25227,541,1113,118,460
61407.7,25275,540,1110,118,460
61415.8,25403,540,1108,118,460
61422.8,25483,540,1105,117,470
61430.5,25547,539,1103,117,470
61438.1,25627,539,1100,117,470
61446.3,25691,539,1097,117,470
61453,25723,539,1094,116,470
61461.6,25755,539,1091,116,470
61468,25803,539,1088,116,470
61476.2,25915,539,1086,115,470
61484.8,25931,539,1083,115,470
61490.6,25995,540,1081,115,470
61498.7,25995,540,1079,115,470
61506.4,26027,541,1077,113,480
61513.4,26043,541,1075,113,480
61521.2,25995,542,1073,113,480
61529,25963,542,1071,113,470
61536.6,25963,542,1070,113,470
61544.7,25947,543,1068,113,470
61551.8,25947,543,1066,113,470
61558.9,25883,544,1064,113,470
61565.9,25947,544,1062,112,470
61575.5,25915,545,1060,112,470
61580.8,25931,545,1058,112,470
61588.4,25931,545,1056,112,480
61596.6,25947,546,1055,112,480
61603.6,25899,546,1053,112,480
61612.5,25931,546,1051,112,480
61619.4,25915,547,1050,112,480
61626.6,25947,547,1048,112,480
61633.8,25963,547,1047,112,480
61641.7,25995,548,1045,112,480
61648.5,25995,548,1044,112,480
61656.9,25995,549,1043,111,480
61664.9,26011,549,1041,111,480
61670.9,26027,550,1040,111,480
61678.8,26011,550,1039,111,480
61686.6,26075,551,1038,111,480
61693.6,26075,551,1037,111,480
61701.8,26043,552,1037,111,480
61709.5,26043,552,1036,111,480
61716.4,26091,553,1036,111,480
61724.1,26091,553,1035,111,480
61733.3,26107,554,1035,111,480
61739.8,26091,554,1035,110,480
61746.7,26075,555,1035,110,480
61755.4,26043,556,1035,110,480
61762.5,26011,556,1035,110,480
61768.8,26043,557,1035,110,480
61776.7,26043,558,1035,110,480
61783.8,26155,558,1036,110,480
61791.7,26187,559,1037,110,480
61799.2,26236,560,1038,110,480
61807.4,26252,561,1039,110,480
61814.4,26300,562,1040,110,480
61822.2,26396,563,1042,110,480
61830,26396,564,1043,111,490
61837.2,26412,565,1045,112,490
61844.4,26396,565,1047,112,490
61853.1,26396,566,1048,112,490
61860.3,26380,567,1050,112,490
61867.2,26444,567,1052,112,490
61875.1,26428,568,1055,112,490
61882.2,26428,568,1057,112,490
61893.3,26444,569,1059,112,490
61899.6,26508,570,1062,112,490
61904.9,26540,570,1065,113,490
61912.7,26604,571,1067,113,490
61920.6,26620,572,1070,113,490
61928.3,26652,573,1073,113,490
61935.9,26732,573,1075,113,490
61943.2,26844,574,1078,113,490
61949.7,26892,575,1081,113,490
61958.9,26876,575,1084,113,490
61965.5,26844,576,1087,114,480
61972.6,26812,577,1090,114,480
61980.2,26716,578,1093,114,480
61988.4,26700,579,1097,114,480
61995.4,26684,580,1100,113,480
62003.4,26700,581,1103,113,480
62010.9,26780,582,1106,115,470
62018.2,26780,583,1110,115,470
62025.8,26796,583,1113,115,470
62034.4,26876,584,1117,115,470
62040.4,26956,585,1120,115,470
62048.1,26972,586,1124,116,470
62055.5,27052,586,1127,116,470
62063.7,27164,586,1130,116,470
62070.3,27212,587,1132,116,470
62078.6,27276,587,1135,116,470
62085.4,27372,587,1137,116,470
62093.8,27340,587,1140,117,470
62101.2,27356,587,1141,117,470
62108,27292,587,1143,117,470
62115.9,27324,587,1144,117,470
62123.5,27340,587,1145,117,470
62131.9,27388,586,1146,117,470
62138.2,27420,586,1146,117,470
62146,27452,586,1146,117,470
62153.8,27484,586,1147,118,460
62161.3,27468,586,1147,118,460
62168.6,27372,586,1147,118,460
62183.1,27324,586,1147,118,460
62190.4,27308,586,1147,118,460
62212.9,27292,586,1147,118,460
62220.5,27244,586,1146,118,460
62227.5,27212,586,1146,118,460
62235.7,27180,586,1145,118,460
62242.4,27164,586,1144,118,460
62249.9,27148,587,1143,118,460
62258.6,27180,587,1142,118,460
62265.4,27276,587,1140,118,460
62272.6,27324,588,1138,118,460
62280.4,27324,588,1136,118,460
62288,27420,589,1134,119,470
62295,27324,589,1132,119,470
62302.8,27308,590,1130,118,480
62310.9,27212,590,1128,118,480
62317.7,27244,591,1125,118,480
62326.4,27228,591,1123,118,480
62333,27180,591,1121,118,480
62339.5,27212,592,1118,118,480
62347.7,27164,592,1116,118,480
62355.1,27180,593,1113,118,480
62362.4,27148,593,1111,118,480
62369.8,27164,594,1108,117,480
62378.3,27148,594,1106,117,480
62385.2,27164,595,1103,117,480
62393.8,27196,595,1101,117,480
62400.5,27228,596,1098,117,480
62407.9,27260,597,1095,117,480
62416.1,27292,598,1093,117,480
62423.7,27324,599,1090,117,480
62430,27340,600,1087,117,490
62437.8,27372,600,1084,117,490
62445.8,27404,601,1081,116,490
62453.5,27500,602,1078,116,490
62460.5,27516,603,1075,116,490
62468.1,27436,604,1072,116,490
62475.2,27356,605,1069,116,490
62483.6,27324,606,1066,116,490
62490.9,27324,607,1063,116,490
62498.6,27324,607,1061,117,500
62506,27324,608,1059,117,500
62513.3,27308,609,1057,117,500
62520.1,27340,610,1056,117,500
62527.9,27340,610,1054,117,500
62536,27372,611,1053,117,500
62545.2,27324,612,1052,117,500
62551.1,27388,613,1052,116,500
62558.9,27388,614,1051,116,500
62566.5,27404,615,1050,116,500
62573.5,27404,616,1050,116,500
62581.4,27404,617,1049,117,510
62589.3,27484,618,1049,117,510
62595.9,27500,620,1049,117,510
62604,27500,621,1049,117,510
62611.6,27548,622,1049,117,510
62618.5,27548,624,1049,117,510
62626.3,27612,625,1050,117,510
62633.8,27612,626,1051,117,510
62640.8,27644,628,1052,117,520
62649.2,27708,629,1053,117,520
62656.5,27644,630,1055,117,520
62663.4,27612,631,1057,117,520
62671.5,27628,633,1059,117,520
62680.2,27644,634,1061,117,520
62686.6,27628,635,1064,117,520
62694.1,27628,636,1066,119,510
62702.1,27644,637,1069,119,510
62709.6,27692,638,1072,119,510
62716,27692,640,1075,119,510
62724,27724,641,1078,119,510
62730.8,27756,642,1081,119,510
62738.8,27852,643,1085,119,510
62746.1,27740,645,1088,119,510
62754.2,27612,646,1092,119,510
62761.1,27596,647,1095,120,510
62769,27548,649,1099,120,510
62776.8,27596,650,1103,120,510
62783.7,27676,652,1107,120,510
62791.5,27740,653,1111,121,510
62798.6,27756,654,1115,121,510
62806.1,27900,656,1119,121,510
62813.8,28012,657,1123,122,500
62822,28140,658,1126,122,500
62828.7,28172,659,1129,122,500
62836.5,28284,660,1132,122,500
62844.2,28348,661,1134,122,500
62851.3,28477,662,1136,124,500
62859.1,28525,662,1138,124,500
62872.3,28605,663,1140,125,510
62876.3,28637,663,1141,125,510
62883.8,28733,663,1143,125,510
62889.6,28813,664,1144,125,510
62897.4,28909,664,1145,125,510
62905.4,29005,664,1146,126,500
62912.2,29005,664,1147,126,500
62919.4,29101,664,1148,126,500
62927.2,29085,664,1149,126,500
62935.4,29117,665,1150,126,500
62942.2,29149,665,1151,126,500
62950.1,29101,665,1152,126,500
62957.8,29117,665,1153,126,500
62965,29117,665,1154,126,500
62973.6,29101,665,1154,126,500
62980.8,29133,665,1155,126,500
62987.7,29133,665,1155,127,500
62996,29117,665,1155,127,500
63002.7,28877,665,1156,127,500
63009.6,27708,665,1156,127,500
63017.5,25483,664,1155,127,500
63025.2,19512,661,1155,127,500
66491.1,12789,774,1130,128,470
66499.2,12917,773,1130,130,480
66507.5,13750,773,1130,129,490
66514.7,14582,773,1131,130,500
66521.6,15094,772,1131,129,500
66529.3,15415,772,1131,130,510
66536.3,15991,772,1131,130,510
66544.9,16919,771,1132,130,510
66551.3,17816,771,1132,130,510
66559.5,18584,770,1132,130,510
66566.2,19144,769,1132,130,510
66574.1,19881,768,1132,130,510
66580.8,20505,767,1132,130,510
66588.7,20937,766,1132,130,510
66596.2,21273,764,1132,130,510
66605,21593,763,1132,130,510
66611.1,21914,762,1132,130,510
66619.3,22170,761,1132,130,510
66625.8,22362,759,1132,130,510
66633.5,22554,758,1132,130,510
66641.6,22778,756,1131,130,510
66649,22954,755,1131,130,510
66656.3,23034,753,1130,130,510
66664.1,23274,751,1129,129,510
66671.4,23450,749,1128,129,510
66678.9,23546,748,1127,129,510
66686.8,23690,746,1125,129,510
66694.4,23738,744,1124,128,500
66702.1,23770,743,1122,128,500
66709.3,23770,741,1120,128,500
66716.3,23754,740,1118,127,510
66724.1,23786,739,1116,127,510
66731.6,23802,738,1114,126,500
66738.8,23866,737,1112,126,500
66746.5,23882,736,1110,126,500
66754.3,23946,735,1108,126,500
66762.2,24091,734,1106,125,510
66774.3,24235,733,1103,125,510
66777.7,24395,733,1101,124,500
66785.3,24587,732,1098,124,500
66791.7,24699,732,1096,124,500
66800.2,24811,731,1093,122,500
66807.6,24875,731,1090,122,500
66814.2,24939,730,1087,122,500
66822.3,25051,730,1083,121,510
66830,25131,730,1080,121,510
66836.8,25355,729,1077,120,510
66844.7,25291,729,1074,120,510
66852.7,25275,729,1071,120,510
66859.6,25339,729,1068,119,510
66867.4,25291,729,1065,119,510
66875,25323,729,1062,117,510
66883,25339,729,1060,117,510
66889.8,25307,729,1057,117,510
66898.2,25371,729,1054,115,510
66905.4,25371,729,1052,115,510
66913,25387,730,1049,115,510
66920.2,25403,731,1047,114,510
66927,25451,732,1045,114,510
66935,25467,733,1042,114,510
66942.3,25483,734,1040,113,520
66950.5,25515,735,1038,113,520
66957,25563,737,1035,113,520
66964.7,25595,739,1033,112,520
66972.4,25659,741,1031,112,520
66980.2,25691,743,1030,112,530
66987.6,25771,745,1028,111,530
66994.6,25851,747,1027,111,530
67003.4,25915,749,1025,111,530
67010.5,25963,751,1024,110,530
67017.2,26027,753,1023,110,530
67025,26091,755,1022,110,530
67033,26059,758,1022,110,540
67039.8,26091,760,1022,110,540
67047.9,26107,762,1021,110,540
67055.6,26236,764,1021,109,550
67063.4,26284,767,1021,109,550
67070.2,26428,769,1020,109,550
67078.4,26508,771,1020,109,550
67084.8,26604,773,1020,109,550
67092.4,26636,776,1020,109,550
67100.7,26684,778,1020,109,550
67108.6,26668,780,1020,109,550
67115.5,26716,782,1020,110,550
67123,26796,785,1020,110,550
67131,26828,787,1020,110,550
67138.7,26972,788,1020,110,550
67145.7,27164,790,1021,110,550
67152.3,27276,792,1022,110,550
67160.6,27404,794,1023,112,560
67168.2,27532,796,1024,112,560
67176.1,27708,798,1025,112,560
67182.4,27756,799,1026,112,560
67190.2,27756,801,1028,112,560
67198.2,27740,803,1030,112,560
67205.2,27740,805,1032,113,570
67212.9,27772,806,1033,113,570
67221,27836,808,1035,113,570
67228,27868,809,1038,113,570
67235.7,27948,810,1040,114,570
67243.6,28092,811,1042,114,570
67250.2,28188,812,1044,115,580
67258.5,28300,813,1046,115,580
67265.8,28364,814,1049,116,570
67273.5,28557,815,1051,116,570
67280.4,28589,815,1053,116,570
67288.2,28781,815,1055,118,570
67295.6,28925,816,1058,119,580
67302.9,29053,816,1060,119,580
67311.2,29149,816,1062,120,570
67318.3,29245,816,1065,120,570
67326.2,29293,816,1067,120,570
67333.9,29389,816,1069,120,570
67341,29421,816,1071,120,570
67348.5,29453,816,1073,122,570
67356.4,29469,816,1075,122,570
67363,29581,816,1077,122,570
67371.3,29629,816,1079,122,570
67378.7,29629,815,1080,122,570
67386.4,29725,815,1082,122,570
67393.6,29661,815,1084,122,570
67401.4,29645,814,1085,123,560
67408.4,29613,814,1087,123,560
67415.9,29597,813,1088,122,560
67424,29581,813,1090,122,560
67430.9,29501,812,1091,122,560
67438.7,29549,811,1093,124,550
67446.4,29517,811,1094,124,550
67453.8,29549,810,1095,124,550
67462,29581,809,1097,124,550
67469.7,29549,809,1098,124,550
67476,29533,808,1099,124,550
67483.7,29565,807,1100,124,550
67491.6,29629,806,1101,125,550
67499.4,29613,806,1102,125,550
67506.6,29645,805,1104,124,540
67514.2,29629,804,1105,124,540
67520.9,29677,802,1106,124,540
67528.7,29661,801,1108,124,540
67536.5,29693,800,1109,124,540
67544.2,29677,799,1110,124,540
67552,29629,798,1112,124,540
67559.3,29645,796,1113,124,540
67567.3,29677,795,1114,125,540
67573.9,29661,794,1116,125,540
67581.7,29693,793,1117,125,540
67589.4,29709,792,1118,125,540
67596,29773,790,1119,125,540
67604.7,29725,789,1119,125,540
67612.4,29709,788,1120,125,540
67619.1,29677,787,1121,125,540
67626.9,29661,785,1122,125,540
67634.8,29629,784,1122,125,540
67641.5,29597,782,1123,125,540
67650.1,29629,780,1124,127,530
67657.2,29533,779,1124,127,530
67665.9,29501,777,1124,127,530
67671.9,29453,775,1124,127,530
67679.4,29373,773,1124,127,530
67687.1,29309,771,1124,127,530
67694.7,28989,769,1123,128,530
67702.3,28284,767,1122,128,530
67709.1,27084,766,1121,128,530
67717.3,24923,764,1119,128,530
67725.1,19849,763,1118,127,530
67732.3,8195,761,1117,127,530
68756,15655,889,1156,130,510
68764.8,15783,888,1156,129,500
68770.9,17031,888,1156,129,500
68779,18184,888,1156,129,500
68786.6,19096,888,1156,129,500
68793.3,19833,888,1156,128,500
68801.9,20425,888,1156,128,500
68808.4,20873,888,1156,128,500
68815.4,21417,887,1156,128,500
68823.4,21930,887,1156,128,500
68830.7,22410,887,1156,128,500
68837.7,22858,887,1156,128,500
68845.4,23162,887,1155,127,500
68853,23386,887,1155,127,500
68860.2,23562,887,1155,127,500
68867.5,23722,887,1154,127,500
68875.7,23962,886,1153,127,500
68883.1,24267,886,1152,128,500
68889.6,24603,886,1151,128,500
68897.7,24843,885,1150,127,510
68904.5,25051,885,1149,127,510
68912.3,25243,885,1148,127,510
68919.8,25467,884,1147,127,510
68926.7,25659,884,1145,127,510
68934.3,25915,883,1144,126,510
68942.2,26236,883,1142,126,510
68949,26476,882,1140,126,510
68957.8,26700,882,1138,126,510
68964.3,26780,881,1136,126,510
68972.8,26828,881,1135,126,510
68979,26812,881,1133,123,510
68986.8,26908,880,1132,123,510
68994.5,26972,880,1130,123,510
69001.3,27036,880,1129,123,510
69009,27052,880,1127,123,510
69015.7,27148,880,1125,123,510
69023.9,27212,879,1124,122,510
69030.6,27276,879,1122,122,510
69038.3,27292,879,1120,122,510
69045.2,27372,879,1118,122,510
69053.4,27452,879,1115,122,510
69060.5,27468,879,1113,122,510
69067.3,27532,879,1111,121,520
69075,27612,879,1109,121,520
69082.8,27580,878,1107,121,520
69089.5,27628,878,1105,121,520
69097.7,27692,878,1103,121,520
69105.4,27740,878,1101,121,520
69113.1,27772,878,1100,121,520
69119.9,27804,878,1098,120,520
69127.8,27852,878,1096,120,520
69135.1,27884,878,1093,120,520
69142.1,27916,878,1091,120,520
69150.7,28012,878,1089,120,520
69157.6,28076,878,1087,120,520
69164.1,28092,878,1085,120,520
69172.1,28172,878,1083,118,530
69178.8,28172,878,1080,118,530
69186.7,28252,878,1078,118,530
69194.1,28204,878,1076,118,530
69201,28172,878,1074,118,530
69208.9,28172,878,1072,117,520
69216.6,28156,878,1070,117,520
69223.7,28108,878,1068,116,520
69231.7,28108,878,1065,116,520
69238.6,28076,878,1063,116,520
69245.6,28060,878,1061,116,520
69253.4,28092,878,1059,116,520
69261,28092,878,1056,116,520
69268.1,28076,877,1054,116,520
69276.6,28076,877,1052,116,520
69283.5,28108,877,1050,115,520
69290,28140,877,1048,115,520
69298.9,28108,877,1046,115,520
69305.7,28140,877,1044,115,520
69313.5,28156,877,1042,115,520
69320.1,28188,877,1041,115,520
69328.3,28188,877,1039,114,530
69335.6,28204,877,1038,114,530
69342.7,28220,876,1036,114,530
69350.2,28284,876,1035,114,530
69357.2,28284,876,1034,114,530
69364.8,28284,876,1033,114,530
69380.4,28252,876,1032,114,530
69387.2,28300,876,1032,114,530
69395.2,28332,876,1032,114,530
69402.6,28332,876,1031,114,530
69409.4,28316,876,1031,114,530
69425.5,28332,876,1031,112,530
69431.8,28380,876,1031,112,530
69440.7,28396,876,1031,112,530
69453.6,28493,876,1031,112,530
69461.5,28573,876,1032,112,530
69468.9,28621,876,1033,112,530
69476.2,28637,875,1033,112,530
69483.8,28637,875,1035,112,530
69491.9,28637,875,1036,112,530
69499.6,28637,874,1038,112,530
69506.7,28589,874,1039,112,530
69514.5,28605,874,1041,112,530
69521.6,28621,873,1043,112,530
69529,28557,873,1045,112,530
69536.9,28589,873,1047,112,520
69544.6,28605,873,1049,112,520
69551.7,28573,873,1052,112,520
69559.4,28589,873,1054,112,520
69565.9,28669,873,1057,112,520
69574.9,28701,873,1060,112,520
69581.9,28717,874,1063,112,520
69588.6,28717,874,1066,112,520
69597.5,28733,874,1069,113,520
69604.4,28797,875,1071,113,520
69611.3,28813,875,1074,113,520
69620.1,28829,876,1077,113,520
69626.9,28909,876,1080,113,520
69636.1,28973,877,1083,114,510
69641.7,28925,878,1086,114,510
69649.2,28765,879,1089,114,510
69656.3,28733,880,1092,115,510
69664.8,28701,881,1095,115,510
69671.7,28653,882,1098,116,520
69678.3,28621,883,1101,116,520
69691.8,28557,885,1104,117,520
69694.2,28493,887,1107,117,520
69701.9,28477,889,1110,117,520
69708.9,28461,891,1112,119,510
69716.8,28493,893,1115,119,510
69723.3,28429,895,1117,119,510
69730.7,28461,898,1120,119,510
69738.7,28413,900,1121,120,510
69746.5,28445,903,1123,120,510
69753.4,28413,905,1124,120,510
69761.1,28445,908,1125,120,510
69768.8,28461,910,1127,120,510
69775.6,28477,912,1127,121,510
69783.4,28509,915,1128,121,510
69790.9,28461,917,1128,121,510
69798.5,28461,919,1129,122,510
69806.5,28445,921,1129,122,510
69814,28429,923,1129,123,510
69820.1,28429,925,1129,123,510
69827.5,28429,927,1128,123,510
69835.7,28429,929,1128,124,520
69842.3,28477,931,1127,124,520
69851,28445,933,1126,124,520
69857.4,28461,935,1125,124,520
69865.1,28477,937,1124,125,530
69872.2,28429,939,1122,125,530
69879.8,28477,940,1121,125,530
69886.5,28477,942,1119,125,530
69894.9,28525,944,1117,127,530
69901.8,28509,945,1114,127,530
69910.2,28525,947,1112,127,530
69916.5,28573,948,1109,128,540
69924,28541,949,1107,128,540
69931.1,28477,950,1104,128,540
69938.9,28461,951,1102,128,540
69947.7,28477,951,1099,129,550
69953.3,28557,952,1097,127,550
69961.1,28525,952,1094,127,550
69968.8,28589,952,1091,127,550
69975.7,28653,952,1089,127,550
69983.3,28669,952,1086,126,560
69991.2,28765,952,1084,126,560
69998.8,28781,951,1081,126,560
70005.5,28877,950,1079,126,560
70013.1,28845,950,1077,125,560
70021,28797,949,1075,125,560
70027.8,28765,947,1073,125,560
70035.4,28813,946,1072,123,560
70042.5,28797,945,1070,123,560
70050.1,28829,943,1069,123,560
70057.9,28797,942,1069,123,560
70065.7,28797,940,1068,122,570
70072.3,28797,938,1068,122,570
70080.2,28781,936,1068,122,570
70088.2,28765,934,1068,121,560
70094.5,28797,932,1068,121,560
70101.9,28797,931,1069,121,560
70110,28829,929,1070,121,560
70116.9,28813,927,1071,121,560
70124.6,28845,925,1072,120,550
70132.3,28829,924,1074,120,550
70139,28861,923,1076,120,550
70146.8,28909,922,1077,120,550
70154.5,28925,921,1080,120,550
70161.3,28973,921,1082,119,540
70169.2,28941,921,1084,119,540
70176.7,28877,921,1086,119,540
70184,28829,921,1088,119,540
70191.4,28813,922,1090,119,540
70198.9,28781,924,1091,120,540
70205.8,28701,925,1093,119,530
70213.6,28364,927,1094,119,530
70221.3,27484,929,1095,119,530
70228.1,25019,930,1096,120,540
70235.8,20457,932,1097,122,540
70243.5,6130,933,1098,122,540
70807.2,14118,1009,1191,134,470
70814.5,14214,1009,1191,134,470
70821.9,15110,1008,1191,135,470
70830,16487,1008,1192,135,490
70837.3,17143,1008,1192,135,490
70844.3,17447,1008,1192,135,500
70851.8,17624,1008,1192,135,500
70859.4,17816,1008,1192,135,500
70866.6,17864,1008,1192,135,500
70874.1,18040,1008,1191,135,500
70881.9,18632,1007,1190,135,500
70889.7,19817,1007,1189,135,500
70896.5,20953,1007,1187,135,500
70904,21769,1006,1185,135,500
70911,22234,1006,1183,135,500
70918.7,22714,1005,1181,134,500
70926.7,23034,1005,1179,134,500
70932.9,23338,1004,1176,134,500
70941.4,23578,1004,1174,134,500
70948.5,23850,1004,1172,134,500
70955,24299,1004,1169,133,510
70963.1,24715,1004,1167,133,510
70970.8,24875,1003,1165,133,510
70978.5,25083,1003,1163,133,510
70985.4,25227,1003,1161,133,520
70993,25451,1003,1159,133,520
70999.8,25627,1003,1157,133,520
71007.6,25787,1003,1155,131,520
71015.2,25947,1003,1153,131,520
71022.8,26107,1003,1151,131,520
71029.9,26300,1002,1149,131,520
71037.7,26460,1002,1147,130,530
71045.3,26620,1002,1144,130,530
71052.1,26828,1001,1142,130,530
71059.9,27036,1001,1140,130,530
71066.8,27212,1001,1138,129,530
71075.4,27404,1001,1136,129,530
71082.5,27372,1000,1134,129,530
71088.9,27484,1000,1132,129,530
71096.6,27452,1000,1130,128,540
71104.4,27484,1000,1128,127,530
71112.1,27548,1000,1126,127,530
71119.4,27580,1000,1125,127,530
71126.4,27628,1000,1123,127,530
71134.9,27644,1000,1122,127,530
71141.4,27724,1000,1120,127,530
71148.9,27820,1000,1119,127,530
71156.6,27852,1000,1117,127,530
71164.3,27964,1000,1115,125,540
71172.2,28060,999,1114,125,540
71177.8,28076,999,1112,125,540
71185.5,28140,999,1110,125,540
71193.2,28204,999,1109,125,540
71201.2,28268,999,1107,125,540
71207.7,28316,999,1105,125,540
71216.4,28364,999,1104,124,540
71223.3,28396,999,1102,124,540
71231.2,28445,999,1100,124,540
71237.6,28477,999,1098,124,540
71245.5,28477,999,1096,124,540
71252.1,28557,999,1094,124,540
71261,28589,998,1092,123,550
71267.8,28637,998,1090,123,550
71274.4,28685,998,1088,123,550
71282.2,28717,998,1086,123,550
71289.8,28701,998,1084,123,550
71297.7,28781,998,1082,121,550
71304.5,28829,997,1080,121,550
71313,28813,997,1078,121,550
71319,28733,997,1077,121,550
71326.7,28701,997,1075,121,550
71334.4,28653,997,1073,121,550
71341,28621,997,1071,121,550
71349,28653,997,1069,121,550
71356.6,28637,997,1067,120,540
71364.4,28637,997,1065,120,540
71371.5,28621,996,1063,120,540
71379,28573,996,1061,119,540
71385.8,28573,996,1059,119,540
71394.2,28605,996,1057,119,540
71401.3,28637,996,1055,119,540
71408.1,28605,996,1054,119,540
71415.8,28621,996,1052,119,540
71423.5,28621,995,1051,119,540
71431.3,28637,995,1049,119,540
71437.8,28669,995,1048,119,540
71446,28701,995,1046,119,540
71452.5,28701,995,1045,119,540
71460.3,28653,995,1043,117,550
71468.1,28733,994,1042,117,550
71475,28701,994,1040,117,550
71482.5,28717,994,1039,117,550
71490.6,28749,994,1037,117,550
71498,28749,993,1036,117,550
71504.7,28749,993,1034,116,550
71512.5,28829,993,1033,116,550
71520.3,28845,992,1032,116,550
71527.2,28829,992,1031,116,550
71534.4,28877,992,1030,115,540
71541.6,28893,991,1029,115,540
71549.2,28893,991,1028,114,550
71557.9,28877,991,1027,114,550
71564.9,28877,991,1026,114,550
71571.5,28909,991,1026,114,550
71579.3,28893,990,1025,114,550
71587.2,28925,990,1023,114,550
71593.9,28909,989,1022,114,550
71601.7,28877,989,1021,114,550
71609.4,28893,988,1019,114,550
71625.3,28813,988,1018,114,550
71625.9,28797,988,1017,114,550
71631.8,28781,987,1016,114,550
71638.6,28797,987,1016,114,550
71646.3,28749,987,1016,114,550
71661.8,28605,987,1016,114,550
71668.3,27644,987,1017,114,550
71676,24875,987,1019,114,550
71683.3,20329,987,1022,114,550
71690.5,7235,986,1026,114,550
72149.5,15254,1109,1159,139,480
72156,15351,1108,1160,140,480
72165.6,16439,1108,1161,140,480
72172.5,17880,1108,1161,140,480
72178.8,19176,1108,1161,139,480
72186.4,20169,1108,1162,141,490
72193.7,20633,1107,1162,141,490
72201.4,20937,1107,1162,141,490
72207.9,21369,1107,1162,141,490
72215.9,21801,1107,1162,141,490
72223.5,22250,1107,1162,141,490
72230.8,22474,1107,1162,141,490
72238,22682,1107,1161,140,500
72245.6,22826,1107,1159,140,500
72252.6,23066,1107,1158,140,500
72260.1,23482,1107,1155,140,500
72268.2,24283,1107,1152,140,500
72274.7,24811,1107,1149,138,500
72282.8,25179,1106,1146,138,500
72290.4,25515,1106,1142,138,500
72298.2,25707,1106,1139,138,500
72305,25947,1105,1136,137,510
72312.7,26011,1105,1132,137,510
72319.6,26091,1105,1129,137,510
72327.6,26139,1105,1126,137,510
72334.9,26203,1104,1123,137,510
72342,26284,1104,1120,137,510
72349.4,26364,1104,1117,137,510
72357.2,26396,1104,1114,137,510
72364,26460,1104,1111,136,510
72371.7,26540,1104,1109,136,510
72379.6,26588,1104,1106,136,510
72386.2,26652,1104,1104,136,510
72394,26732,1104,1102,136,510
72401.8,26796,1104,1100,136,510
72408.6,26940,1104,1097,136,510
72416.2,26972,1104,1095,136,510
72424.3,27100,1104,1093,135,520
72431.8,27212,1104,1091,135,520
72439,27324,1104,1088,135,520
72446.2,27372,1104,1086,135,520
72453.9,27404,1104,1084,135,520
72460.7,27484,1104,1082,135,520
72468.2,27580,1104,1080,135,520
72475,27548,1104,1078,135,520
72483.9,27548,1104,1076,135,520
72490.6,27516,1104,1074,135,520
72497.4,27516,1104,1071,135,520
72505.2,27516,1104,1069,135,520
72512.8,27500,1104,1067,135,520
72520.9,27580,1104,1065,135,520
72527.4,27580,1103,1063,135,520
72535.4,27644,1103,1061,135,520
72541.7,27708,1103,1059,135,520
72549.5,27708,1103,1057,135,520
72557.3,27756,1102,1055,135,520
72565,27740,1102,1054,135,520
72572,27788,1102,1053,135,520
72579.6,27788,1102,1052,135,520
72592.1,27836,1102,1050,135,520
72594.7,27868,1101,1049,134,520
72601.3,27884,1101,1048,134,520
72609.1,27916,1101,1047,134,520
72616.6,27932,1101,1046,133,520
72623.6,27884,1101,1046,133,520
72632.1,27948,1101,1045,133,520
72638.1,27948,1100,1044,133,520
72645.8,27964,1100,1043,131,520
72659.8,27980,1100,1042,131,520
72668,27980,1100,1041,131,520
72675.7,27980,1100,1040,131,520
72690.3,27980,1100,1039,131,520
72697.8,27964,1101,1038,131,520
72712.5,28028,1101,1037,131,520
72719.8,27980,1101,1037,131,520
72726.5,28028,1101,1037,131,520
72734.4,28044,1101,1037,131,520
72742.2,28076,1101,1037,130,530
72749.1,28172,1101,1037,130,530
72756.3,28300,1101,1037,130,530
72764.5,28445,1101,1037,130,530
72771.2,28573,1101,1037,130,530
72778.9,28717,1101,1037,130,530
72786.7,28909,1101,1037,129,530
72793.8,29085,1101,1037,129,530
72801,29309,1101,1037,129,530
72809.9,29501,1101,1038,129,530
72815.4,29693,1101,1039,129,530
72823.3,29789,1101,1040,128,530
72831.4,29789,1101,1042,128,530
72838.9,29837,1101,1043,128,530
72845.6,29853,1101,1045,128,530
72853.2,29885,1101,1047,128,530
72861.2,29837,1101,1048,128,530
72867.5,29885,1101,1050,128,530
72875.4,29933,1101,1052,128,530
72882.4,29949,1101,1053,128,530
72890.7,29981,1101,1055,128,530
72898,29997,1101,1057,128,530
72906.3,30013,1101,1059,128,530
72912.3,29981,1101,1061,128,530
72920.2,30045,1101,1062,128,530
72927.9,30077,1100,1064,129,520
72934.4,30077,1100,1066,129,520
72942.7,30093,1099,1067,129,520
72949,30125,1099,1069,129,520
72957,30189,1098,1070,129,520
72964.7,30205,1098,1071,129,520
72972.1,30205,1097,1072,129,520
72979.1,30221,1096,1074,129,520
72987.1,30285,1096,1075,129,520
72994.6,30253,1095,1076,129,520
73001.7,30349,1094,1077,129,520
73009,30349,1093,1078,129,520
73016.6,30397,1092,1079,129,520
73024.6,30397,1091,1080,129,520
73031.4,30381,1090,1080,129,520
73039.2,30413,1089,1081,128,530
73045.7,30349,1088,1082,128,530
73054.6,30317,1087,1082,128,530
73061.4,30317,1085,1083,128,530
73068.2,30349,1084,1084,128,530
73075.8,30349,1083,1084,128,530
73083.8,30333,1081,1084,128,530
73090.4,30333,1080,1085,128,530
73098.4,30397,1079,1085,128,530
73105.7,30381,1078,1085,128,530
73112.6,30381,1077,1085,129,530
73121.3,30397,1076,1085,129,530
73127.9,30429,1075,1085,129,530
73134.9,30397,1074,1085,129,530
73142.5,30413,1073,1085,129,530
73150.2,30477,1072,1084,129,530
73157.7,30397,1070,1083,129,530
73164.8,30333,1069,1083,128,530
73172.6,30317,1067,1082,127,530
73179.4,30285,1066,1081,127,530
73187,30317,1064,1079,127,530
73194.9,30221,1062,1078,127,530
73201.4,30173,1061,1077,127,530
73210.1,30125,1060,1076,125,530
73217.1,30109,1059,1075,125,530
73223.5,30093,1058,1073,125,530
73231.5,30013,1057,1072,125,530
73238.8,29997,1056,1070,125,530
73247,29997,1055,1069,124,530
73253.7,29949,1054,1067,123,520
73261.4,29949,1054,1065,123,520
73268.9,29917,1053,1063,123,520
73277.6,29885,1053,1060,123,520
73283.8,29885,1052,1058,122,530
73290.6,29869,1052,1055,122,530
73299.1,29885,1051,1053,122,530
73305.7,29853,1051,1050,122,530
73313.7,29869,1051,1048,122,530
73320.5,29901,1051,1046,121,530
73328.2,29885,1051,1044,120,520
73335,29885,1051,1041,120,520
73342.7,29917,1052,1039,120,520
73350.4,29981,1052,1037,118,530
73358,29997,1052,1035,118,530
73364.8,30029,1053,1033,118,530
73373.5,30045,1053,1030,118,530
73380.4,30109,1054,1028,118,530
73387.3,30157,1054,1026,117,530
73394.9,30141,1055,1024,117,530
73402.2,30189,1056,1023,117,530
73410.2,30189,1056,1021,117,530
73417.2,30109,1057,1019,117,530
73425.1,30045,1058,1018,117,530
73431.6,29997,1059,1017,116,530
73439.3,29981,1060,1015,116,530
73447.2,29997,1061,1014,116,530
73454.3,29933,1062,1013,116,530
73461.5,29965,1063,1012,116,530
73469.8,29949,1064,1011,116,530
73476.1,29933,1065,1010,116,530
73484,29933,1066,1009,116,530
73492.3,29933,1068,1008,116,530
73498.1,29933,1069,1007,114,530
73507,29981,1070,1006,114,530
73514.8,29997,1072,1005,114,530
73520.7,29997,1073,1004,115,540
73528.4,29933,1074,1004,115,540
73536.1,29853,1075,1003,115,540
73542.8,29821,1076,1003,115,540
73550.5,29837,1078,1003,115,540
73559.2,29821,1079,1003,115,540
73567,29821,1080,1002,115,540
73573.2,29757,1081,1002,115,540
73580.6,29789,1082,1002,115,540
73588.5,29789,1083,1002,115,540
73595.4,29741,1084,1002,117,540
73603.1,29757,1086,1002,117,540
73609.7,29757,1087,1003,117,540
73617.5,29789,1088,1003,117,540
73625.1,29741,1089,1004,116,530
73632.9,29757,1090,1004,116,530
73639.6,29789,1091,1005,116,530
73648,29821,1092,1005,116,530
73654.2,29821,1093,1006,116,530
73661.7,29773,1094,1007,116,530
73669.7,29789,1095,1007,116,530
73677.5,29805,1097,1008,116,530
73684.2,29821,1098,1009,116,530
73691.5,29837,1098,1009,116,530
73699.8,29853,1099,1010,116,530
73706.5,29869,1100,1011,116,530
73714.3,29869,1101,1012,117,540
73721.9,29885,1102,1013,117,540
73729.7,29901,1102,1014,117,540
73736.3,29917,1103,1015,117,540
73744.5,29933,1103,1016,117,540
73750.7,29917,1104,1017,118,540
73758.4,29933,1104,1018,118,540
73766.5,30013,1105,1019,118,540
73773.2,30013,1105,1020,118,540
73780.9,30013,1105,1021,118,540
73788.3,30061,1105,1022,118,540
73795.4,30061,1106,1024,118,540
73803,30093,1106,1025,118,540
73810.8,29981,1106,1026,119,540
73817.8,29965,1106,1028,120,540
73826.2,29933,1107,1030,120,540
73833,29917,1107,1031,120,540
73839.9,29933,1107,1033,120,540
73847.6,29853,1107,1035,120,540
73855,29853,1107,1037,120,540
73862.3,29837,1107,1039,120,540
73869.6,29789,1107,1040,120,540
73877.7,29725,1108,1042,122,540
73885.1,29341,1108,1044,122,540
73892.1,28637,1109,1046,122,540
73899.7,27356,1109,1049,122,540
73906.7,24859,1109,1051,123,530
73915.3,18616,1109,1054,123,530
73922.3,15527,1109,1057,123,530
