5867.29,5458,632,926,104,560
5874.08,4065,635,927,104,570
5882.17,1,638,929,104,590
5992.75,2112,639,958,110,600
6000.33,640,639,958,111,610
10564.3,10324,632,948,125,640
10572,11029,632,948,124,640
10579.9,12213,632,948,125,650
10586.3,13013,632,948,125,650
10593.9,13334,631,949,125,650
10601.9,13622,631,949,125,650
10608.3,14102,631,949,125,650
10616.5,14790,631,950,125,650
10624,15415,631,950,125,650
10630.8,16199,631,951,125,650
10638.6,16903,631,951,125,650
10646.3,17544,631,951,125,650
10653.1,18072,631,952,125,650
10661,18504,631,952,125,650
10668.5,18872,631,953,125,650
10676.6,19256,631,953,125,650
10682.9,19576,631,954,125,650
10690.7,19865,631,954,125,650
10698.8,20169,631,955,125,650
10705.5,20681,630,955,125,650
10713.2,21401,630,956,125,650
10720.1,21833,630,956,125,650
10728.5,22202,630,957,125,650
10735.4,22394,630,958,125,650
10742.2,22474,630,959,125,650
10749.9,22506,630,960,124,640
10757.8,22586,630,961,124,640
10765.4,22618,630,962,124,640
10772.9,22714,630,963,124,640
10780.1,22746,630,963,124,640
10787.3,22810,630,964,124,640
10794.6,22938,630,965,124,640
10802,23002,630,966,124,640
10810.2,23114,630,966,125,640
10817,23274,630,967,125,640
10824.7,23370,630,968,125,640
10832.2,23434,631,969,125,640
10839.1,23482,631,969,125,640
10846.9,23498,631,970,125,640
10855.1,23562,631,971,125,640
10861.8,23562,631,972,125,640
10870.5,23546,631,972,125,640
10877.5,23546,632,973,125,640
10884.1,23594,632,974,125,640
10892.2,23610,632,975,125,640
10900.1,23642,633,975,127,630
10907.2,23626,633,976,127,630
10915.3,23658,633,977,127,630
10922.9,23722,634,977,127,630
10929.8,23770,634,978,127,630
10937.4,23754,635,979,127,630
10945.4,23802,635,979,127,630
10952.5,23866,636,980,129,630
10959.7,23850,637,980,129,630
10968.5,23898,637,981,130,630
10974.5,23930,638,982,130,630
10982.2,23978,638,982,130,630
10990,24010,639,983,130,630
10996.8,23978,640,983,130,630
11010.5,24043,640,984,132,630
11013.9,24026,641,984,132,630
11021.1,24059,641,984,132,630
11027.1,24026,642,985,132,630
11034.8,24059,643,985,132,630
11041.5,24091,643,985,132,630
11049.9,24107,644,986,132,630
11057.2,24075,645,986,132,630
11065.5,24107,645,986,132,630
11071.9,24139,646,986,132,630
11079.4,24155,646,986,133,620
11086.7,24187,647,986,135,630
11094.3,24139,647,987,135,630
11102.2,24203,648,987,135,630
11110,24267,649,987,135,630
11116.8,24315,649,987,135,630
11124.6,24363,650,987,135,630
11132.4,24427,651,987,135,630
11139.2,24395,652,987,135,630
11147.2,24523,652,987,135,630
11154.8,24507,653,987,137,620
11161.5,24603,654,987,138,630
11169.5,24651,655,987,138,630
11177,24731,656,987,138,630
11185.1,24795,656,987,138,630
11191.9,24827,657,987,138,630
11199.5,24907,658,987,138,630
11214.2,25035,659,986,138,630
11222,25083,660,986,140,630
11236.7,25211,661,986,140,630
11245.3,25275,661,985,140,630
11251.3,25275,662,985,140,630
11259,25403,662,985,140,630
11266.7,25435,663,985,140,630
11273.7,25483,663,984,141,640
11281.4,25531,664,984,141,640
11289.6,25579,664,983,141,640
11296.3,25595,665,983,141,640
11304.2,25659,665,983,141,640
11311.9,25707,665,982,140,650
11318.7,25755,665,982,140,650
11326.8,25787,666,981,140,650
11334.1,25883,666,981,140,650
11342.3,25915,666,981,142,650
11348.8,25931,667,980,142,650
11356.4,25963,667,980,142,650
11363.4,25995,667,979,142,650
11371,26027,667,979,142,650
11379.1,26043,668,978,142,650
11385.9,26139,668,978,142,650
11393.6,26203,668,977,142,650
11401.3,26236,668,977,142,650
11409.1,26252,668,976,140,660
11415.8,26284,669,975,140,660
11424.3,26268,669,975,140,660
11430.6,26300,669,974,140,660
11438.7,26396,669,974,142,660
11446.2,26412,669,973,142,660
11453,26412,669,972,142,660
11460.9,26460,669,972,142,660
11468.5,26524,669,971,140,670
11476.3,26556,669,970,140,670
11490.8,26588,669,969,140,670
11498.6,26652,669,968,140,670
11505.6,26684,669,968,140,670
11513.2,26684,669,967,140,670
11520.2,26684,669,966,140,670
11535.7,26684,669,965,140,670
11543.3,26700,669,965,140,670
11550.2,26700,669,964,140,670
11558.1,26732,669,963,140,670
11565.8,26684,669,963,140,670
11572.3,26700,669,962,140,670
11580.3,26732,669,961,140,670
11587.8,26748,668,961,139,680
11594.6,26780,668,960,139,680
11602.4,26780,668,959,139,680
11610.2,26748,668,959,139,680
11617.7,26764,667,958,139,680
11624.6,26812,667,957,139,680
11638.9,26780,666,956,139,680
11646.6,26796,666,955,139,680
11654.6,26812,666,955,139,680
11661.5,26844,665,954,139,680
11668.9,26908,665,953,139,680
11676.6,26892,664,953,139,680
11684.3,26876,664,952,139,680
11691.2,26876,663,951,137,690
11699,26908,663,951,137,690
11705.6,26940,663,950,137,690
11714.3,26956,662,950,137,690
11721.2,26988,662,949,137,690
11729.3,27004,661,948,137,690
11735.6,27020,661,948,137,690
11743.6,27036,661,948,137,690
11751.2,26988,660,947,137,690
11757.8,27020,660,946,137,690
11765.6,27020,659,946,137,690
11772.3,27052,659,945,137,690
11779.9,27036,658,945,137,690
11787.6,27068,658,944,137,690
11795.1,27068,657,944,137,690
11802.3,27100,657,943,137,690
11810.5,27116,656,943,137,690
11817.9,27132,656,942,137,690
11824.4,27132,655,942,137,690
11832.4,27148,655,942,135,690
11839.3,27164,655,941,133,690
11847.1,27196,654,941,133,690
11854.8,27196,654,940,133,690
11862.7,27196,653,940,133,690
11876.8,27228,652,939,133,690
11884.6,27212,652,939,133,690
11891.9,27228,652,938,133,690
11899,27244,651,938,133,690
11907.7,27244,651,937,133,690
11913.4,27244,650,937,133,690
11921.2,27292,650,936,133,690
11929,27276,649,936,133,690
11935.9,27292,649,936,133,690
11943.6,27308,649,935,131,690
11951.3,27324,648,935,131,690
11965.8,27404,648,934,131,690
11978,27356,647,934,131,690
11980.7,27420,647,934,131,690
11988.3,27436,646,934,131,690
11995.8,27452,646,933,131,690
12002.3,27468,646,933,131,690
12010.3,27516,646,933,131,690
12018.1,27532,645,933,131,690
12025,27532,645,932,131,690
12032.8,27548,645,932,131,690
12040.2,27564,644,932,131,690
12046.6,27580,644,932,131,690
12054.9,27596,644,931,131,690
12062.6,27660,643,931,131,690
12069.5,27676,643,931,129,700
12077,27708,643,931,127,690
12091.4,27724,642,930,127,690
12098.8,27756,642,930,127,690
12107,27788,642,930,127,690
12114.8,27804,641,930,127,690
12129,27820,641,930,127,690
12136.9,27884,640,930,127,690
12143.5,27900,640,929,127,690
12151.3,27916,640,929,127,690
12157.9,27900,640,929,127,690
12166.1,27900,639,929,127,690
12173.6,27916,639,929,127,690
12181.2,27900,639,929,127,690
12192,27916,639,929,127,690
12197,27932,639,929,127,690
12203,27932,638,929,127,690
12210.7,27964,638,929,127,690
12218.4,27980,638,929,127,690
12233,27996,637,929,127,690
12240.4,28060,637,929,125,700
12248.2,28028,637,929,125,700
12255.2,28108,636,929,125,700
12262.9,28092,636,929,125,700
12270.5,28108,635,929,125,700
12284.9,28124,635,929,125,700
12292.6,28124,634,929,125,700
12299.5,28140,634,929,125,700
12306.8,28156,633,929,125,700
12314.9,28140,633,929,125,700
12321.7,28156,633,929,125,700
12329.3,28220,632,929,125,700
12337.2,28204,632,929,123,690
12351.5,28204,631,929,123,690
12359.8,28188,631,929,123,690
12366.8,28172,631,929,123,690
12373.9,28204,630,929,123,690
12381.5,28236,630,929,123,690
12388,28172,630,929,123,690
12403.6,28172,629,929,122,680
12410.3,28156,629,929,122,680
12425.6,28172,629,929,122,680
12433.3,28156,628,929,122,680
12439.9,28140,628,929,122,680
12447.9,28156,628,929,120,670
12455.4,28124,627,930,120,670
12462.3,28140,627,930,120,670
12470.8,28156,626,930,120,670
12477,28140,626,930,120,670
12484.3,28076,625,930,120,670
12492.4,28108,625,930,120,670
12500,28108,624,931,120,670
12514.4,28092,623,931,119,660
12522.3,28044,623,931,119,660
12536.7,28028,622,931,119,660
12551.5,28044,622,932,119,660
12559,28060,622,932,119,660
12567,27964,621,932,119,660
12573.6,28044,621,932,118,650
12581.1,27996,621,932,118,650
12588.9,28028,621,932,118,650
12595.6,28044,620,932,118,650
12603.5,28028,620,933,118,650
12611.3,28060,620,933,118,650
12617.9,28028,619,933,118,650
12625.6,28060,619,934,118,650
12633.3,28028,618,934,118,650
12640.1,27996,618,934,118,650
12648.1,27980,618,935,118,650
12655.5,28012,617,935,117,650
12669.8,28028,616,936,117,650
12692.1,27996,615,937,117,650
12699.8,27980,615,937,117,650
12706.4,27996,615,937,117,650
12714.1,27996,614,938,117,650
12728.6,28012,614,938,117,650
12736.3,28012,613,939,116,640
12758,27932,613,940,116,640
12766.1,27932,612,940,116,640
12772.8,27948,612,940,116,640
12780.4,27948,612,941,116,640
12794.9,27932,611,942,116,640
12810.3,27932,611,943,117,630
12825,27932,610,943,117,630
12832.4,27964,610,944,117,630
12847,27932,610,944,117,630
12854.5,27964,609,945,117,630
12869.3,27948,609,945,116,630
12877.2,27948,609,946,116,630
12884.6,27964,609,946,116,630
12891.7,27964,608,947,116,630
12899.1,27948,608,947,116,630
12906.8,27964,608,947,116,630
12913.7,27932,608,948,116,630
12921.4,27948,608,948,116,630
12928,27948,608,949,116,630
12936.2,27948,607,949,116,630
12947.2,27948,607,950,116,630
12951.3,27980,607,950,116,630
12958.3,27964,607,950,116,630
12966.2,27964,607,951,116,630
12974,27948,607,951,116,630
12980.9,27932,606,952,118,620
12996,27932,606,953,118,620
13002.8,27964,606,953,118,620
13010,27948,606,954,118,620
13018.2,27932,605,954,118,620
13025.1,27948,605,955,118,620
13032.7,27948,605,956,118,620
13040.5,27996,605,956,118,620
13046.8,27996,604,957,118,620
13062.6,27996,604,958,118,620
13070.2,28012,604,959,118,620
13077.2,27996,603,959,118,620
13084.9,27996,603,959,120,620
13091.3,27980,603,960,120,620
13106.8,28044,603,960,120,620
13114.6,27980,602,961,120,620
13121.4,28044,602,961,120,620
13129.5,28028,602,961,119,610
13143.4,27996,602,961,119,610
13151.3,27948,602,962,119,610
13159,27852,602,962,119,610
13165.9,27724,602,962,119,610
13173.4,27836,602,963,119,610
13188.7,27852,602,964,120,600
13195.6,27916,602,965,120,600
13203.2,27900,602,965,120,600
13211.5,27932,602,966,120,600
13218,27916,602,966,120,600
13225.9,27916,602,967,120,600
13232.6,27900,602,967,120,600
13239.8,27948,602,968,120,600
13248,27868,602,968,120,600
13254.8,27916,602,969,120,600
13262.8,27916,603,969,120,600
13269.6,27916,603,970,122,610
13277.3,27836,603,970,122,610
13285.1,27820,604,971,122,610
13299.6,27804,604,972,122,610
13315,27772,605,973,122,610
13321.6,27804,605,973,122,610
13329.6,27820,605,974,123,610
13337.2,27836,605,974,123,610
13345.4,27788,606,975,123,610
13352.1,27756,606,975,123,610
13367.5,27772,606,976,123,610
13374.8,27788,607,976,125,600
13382.5,27804,607,977,125,600
13390,27820,607,977,125,600
13398,27836,607,977,125,600
13405.9,27788,608,978,125,600
13411.9,27756,608,978,125,600
13419,27740,608,979,125,600
13427.2,27756,608,979,125,600
13434.5,27772,608,979,125,600
13441.6,27788,609,980,125,600
13449.5,27772,609,980,125,600
13456.5,27788,609,980,125,600
13464,27788,609,980,126,600
13471.9,27804,609,981,126,600
13478.7,27804,610,981,126,600
13487.4,27804,610,982,126,600
13494.3,27820,610,982,126,600
13501.1,27740,611,982,126,600
13509.3,27740,611,983,126,600
13523.5,27740,612,983,126,600
13531.5,27756,612,984,126,600
13545.8,27804,613,985,126,600
13553.8,27740,613,985,126,600
13561.4,27804,614,985,126,600
13568.5,27756,614,986,126,600
13584.3,27756,615,986,126,600
13591.5,27756,615,987,126,600
13606,27740,616,987,126,600
13613.4,27756,616,988,128,590
13620.6,27820,617,988,128,590
13628.6,27772,617,988,128,590
13636.4,27772,618,989,128,590
13643,27756,618,989,128,590
13650.5,27820,619,989,128,590
13658.4,27836,619,990,128,590
13665.5,27772,620,990,128,590
13673.3,27820,620,990,128,590
13681.7,27836,620,991,128,590
13687.7,27836,621,991,128,590
13695.3,27804,621,991,128,590
13703.5,27820,621,992,128,590
13710.2,27804,622,992,128,590
13725.6,27820,622,992,128,590
13732.6,27804,623,993,129,600
13740.3,27852,623,993,129,600
13748,27852,624,993,129,600
13754.8,27836,624,994,131,600
13763,27852,625,994,131,600
13785,27820,626,995,131,600
13792.7,27852,626,995,131,600
13799.5,27836,627,995,131,600
13807.4,27852,627,996,131,600
13815.5,27884,628,996,131,600
13822.2,27884,629,996,131,600
13830,27868,629,997,132,600
13837.7,27900,630,997,132,600
13844.9,27868,631,998,132,600
13852.7,27916,631,998,132,600
13860.1,27932,632,998,132,600
13867.1,27900,632,999,132,600
13875.6,27868,633,999,132,600
13882.5,27836,634,999,132,600
13889.6,27820,634,1000,134,610
13897.6,27820,635,1000,135,600
13916.1,27836,636,1001,135,600
13923.4,27820,636,1001,135,600
13928.1,27820,637,1001,135,600
13935.9,27772,637,1001,135,600
13942.7,27820,638,1002,135,600
13950.5,27804,638,1002,135,600
13958.4,27772,639,1002,135,600
13965,27772,640,1002,135,600
13973.8,27804,640,1003,135,600
13980.4,27804,641,1003,135,600
13988.9,27756,642,1003,135,600
13995.3,27820,642,1003,135,600
14003,27740,643,1003,135,600
14010,27772,644,1003,136,600
14018.2,27756,644,1004,136,600
14025.8,27772,645,1004,136,600
14032.9,27788,646,1004,138,600
14040.9,27804,647,1004,138,600
14048.4,27756,648,1004,138,600
14055.6,27820,648,1004,138,600
14063,27820,649,1004,138,600
14071.8,27772,650,1005,138,600
14078,27804,651,1005,138,600
14085.7,27836,652,1005,138,600
14093.8,27836,653,1005,138,600
14100.4,27884,653,1005,138,600
14107.9,27900,654,1005,139,610
14115.9,27932,655,1005,139,610
14122.9,27884,656,1005,139,610
14130.6,27916,657,1005,141,600
14138.6,27996,657,1005,141,600
14145.3,27964,658,1005,141,600
14153.7,27980,659,1005,141,600
14161.1,28012,660,1005,141,600
14167.6,28044,660,1005,141,600
14175.6,28060,661,1005,142,610
14183.5,28076,662,1005,142,610
14191.3,28108,663,1005,142,610
14198.2,28140,663,1005,142,610
14205.8,28156,664,1005,142,610
14213.8,28204,664,1005,144,610
14220.5,28188,665,1005,144,610
14228.2,28220,666,1004,144,610
14242.7,28220,667,1004,144,610
14250.7,28284,667,1004,146,620
14258.2,28284,668,1003,146,620
14265,28332,668,1003,146,620
14273,28332,669,1003,146,620
14280.3,28332,669,1002,146,620
14287.4,28380,670,1002,146,620
14301.8,28429,671,1001,146,620
14309.7,28413,671,1001,146,620
14317.3,28445,672,1001,146,620
14324.2,28477,672,1000,146,620
14339.5,28493,673,1000,147,620
14347.9,28509,673,999,147,620
14354.3,28525,673,999,147,620
14361.7,28573,674,998,146,630
14370,28557,674,998,146,630
14377.6,28557,675,998,146,630
14384.5,28573,675,997,146,630
14392.3,28589,675,997,146,630
14399.1,28653,676,996,146,630
14406.5,28621,676,996,146,630
14414.3,28669,676,996,146,630
14421.1,28685,677,995,148,630
14429.3,28717,677,995,148,630
14436.6,28733,677,995,148,630
14443.8,28733,678,994,148,630
14451.5,28749,678,994,148,630
14458.6,28765,678,993,148,630
14466.4,28781,679,993,148,630
14473.9,28829,679,993,148,630
14482,28829,679,992,146,640
14488.9,28877,679,992,146,640
14496.4,28941,680,991,146,640
14504.2,28957,680,991,146,640
14510.8,28957,680,990,146,640
14519,28973,680,990,146,640
14526.8,29069,680,989,146,640
14533.3,29085,681,989,148,650
14541.4,29181,681,988,147,650
14549.1,29133,681,988,147,650
14555.8,29229,681,988,147,650
14563.5,29181,681,987,147,650
14571.2,29213,681,987,147,650
14577.9,29293,682,986,147,650
14585.8,29309,682,986,147,650
14593.6,29293,682,985,147,650
14601.3,29325,682,985,147,650
14608.1,29341,682,984,147,650
14615.9,29357,682,984,147,650
14623.3,29421,682,983,147,650
14630.1,29389,683,983,147,650
14638.4,29469,683,982,147,650
14652.4,29517,683,981,149,660
14660.4,29517,683,981,148,670
14668.2,29549,683,980,148,670
14675,29565,683,980,148,670
14682.7,29677,683,979,148,670
14689.7,29693,683,978,148,670
14697.5,29709,683,978,148,670
14705.3,29725,684,977,148,670
14712,29757,684,977,148,670
14720.3,29821,684,976,146,670
14727.7,29837,684,975,146,670
14736,29869,684,974,148,680
14750,29901,684,973,148,680
14757.9,29981,684,972,148,680
14764.6,30013,684,972,147,690
14772.4,29997,684,971,147,690
14780.4,30077,684,970,147,690
14787.1,30109,684,970,147,690
14795.2,30125,684,969,147,690
14802.8,30109,684,968,147,690
14809.6,30093,684,968,147,690
14818.3,30077,684,967,145,700
14825.1,30077,684,966,145,700
14831.7,30077,684,965,145,700
14839.9,30077,684,964,145,700
14847.5,30061,683,964,145,700
14855.4,30093,683,963,145,700
14862.2,30093,683,962,145,700
14869.9,30093,683,961,145,700
14876.9,30109,683,961,145,700
14884.5,30045,682,960,145,700
14895.9,30061,682,959,143,700
14900.8,30093,682,959,143,700
14907.4,30125,682,958,143,700
14915.6,30109,682,957,143,700
14921.8,30125,681,957,143,700
14929.5,30109,681,956,143,700
14937.1,30125,681,955,143,700
14944.2,30125,680,955,143,700
14952,30157,680,954,142,710
14959.3,30109,679,953,142,710
14966.3,30141,679,952,142,710
14973.6,30141,678,951,142,710
14981.7,30141,678,950,142,710
14989.3,30157,677,949,142,710
14996.4,30125,677,948,142,710
15004,30125,676,948,142,710
15010.7,30125,676,947,142,710
15019.4,30125,676,946,140,720
15026,30141,675,945,140,720
15040.8,30173,675,944,140,720
15048.4,30189,675,943,140,720
15056.3,30141,674,942,140,720
15063,30221,674,942,140,720
15070.6,30237,674,941,140,720
15078.4,30205,673,940,140,720
15092.9,30253,673,939,137,730
15100.5,30253,672,938,137,730
15107.3,30285,672,938,137,730
15115.2,30301,672,937,137,730
15122.6,30301,671,936,137,730
15129.4,30317,671,935,137,730
15137.5,30333,670,934,137,730
15145,30365,670,933,135,720
15151.9,30381,669,933,135,720
15159.6,30381,669,932,135,720
15167.3,30413,669,931,133,730
15174.3,30413,668,930,133,730
15189.7,30429,667,929,133,730
15196.3,30445,667,928,133,730
15204,30445,666,927,133,730
15211.6,30493,666,927,133,730
15218.3,30493,666,926,133,730
15226.1,30509,665,925,133,730
15241.6,30525,664,924,133,730
15248.2,30622,664,923,130,730
15255.9,30638,663,923,130,730
15262.7,30654,663,922,130,730
15270.8,30654,662,921,130,730
15285.4,30686,662,920,130,730
15292.6,30750,661,920,130,730
15300.6,30750,661,919,130,730
15308.1,30718,660,919,130,730
15315,30782,660,918,128,720
15322.7,30798,659,918,125,730
15329.4,30830,659,917,125,730
15338.2,30830,658,917,125,730
15345,30830,658,916,125,730
15352,30830,657,916,125,730
15359.5,30878,657,915,125,730
15367.4,30910,656,915,125,730
15374.9,30894,656,915,122,740
15382.4,30910,656,915,122,740
15389.6,30910,655,914,122,740
15397.6,30894,655,914,122,740
15404.1,30926,654,914,122,740
15411.9,30910,654,914,122,740
15419.5,30942,653,914,122,740
15426.5,30990,653,913,121,730
15434,30990,652,913,121,730
15441.6,31006,651,913,121,730
15456.2,30974,650,913,121,730
15464.1,30990,649,913,121,730
15470.7,31006,649,913,121,730
15478.5,30974,648,913,121,730
15486,31022,647,913,121,730
15493,30958,646,913,121,730
15500.8,31038,645,913,121,730
15515,31038,644,913,119,720
15522.8,31038,643,913,119,720
15530.5,31038,642,913,119,720
15537.6,31022,642,913,119,720
15544.8,31022,641,913,116,720
15552.8,30990,641,913,116,720
15560.2,30990,640,913,116,720
15567.4,31038,639,913,116,720
15575.7,31022,638,913,116,720
15581.7,30990,638,913,115,710
15589.6,30974,637,913,115,710
15597.4,30990,636,913,115,710
15604.2,30974,635,913,115,710
15611.6,31022,634,913,115,710
15627,31038,633,914,115,710
15634,31054,632,914,115,710
15641.8,31038,632,914,113,710
15648.6,31022,631,914,113,710
15657.1,31038,630,915,113,710
15663.9,31006,629,915,113,710
15670.5,30958,629,915,116,700
15678.5,30926,628,915,115,690
15686,30926,627,916,115,690
15693.9,30926,626,916,115,690
15708.3,30862,625,916,114,680
15714.6,30846,624,917,114,680
15722.5,30830,623,917,114,680
15730.2,30814,623,917,114,680
15737.5,30734,622,917,114,680
15745.2,30750,621,918,112,670
15753.4,30734,620,918,112,670
15759.6,30686,620,918,112,670
15766.8,30686,619,919,112,670
15775.7,30686,618,919,112,670
15781.8,30686,618,920,111,670
15789.7,30686,617,920,111,670
15797.4,30670,617,920,111,670
15804.2,30622,616,921,111,670
15819.5,30638,615,921,111,670
15826.3,30573,615,922,110,660
15834.8,30590,614,922,110,660
15841.6,30606,614,923,110,660
15855.7,30638,613,923,110,660
15858.4,30654,613,923,110,660
15864.2,30654,612,924,110,660
15872,30622,612,924,110,660
15879,30638,612,924,110,660
15886.8,30654,611,925,110,650
15900.9,30606,610,925,110,650
15908.7,30622,610,925,110,650
15916.5,30638,610,926,110,650
15923.2,30638,609,926,110,650
15931.1,30670,609,927,110,650
15938.4,30654,608,927,110,650
15946,30606,608,927,110,650
15953.3,30590,608,928,110,650
15961.5,30622,607,928,110,650
15967.9,30622,607,928,109,640
15975.6,30606,606,929,109,640
15983.2,30622,606,929,109,640
15989.9,30573,605,929,109,640
15997.8,30573,605,930,109,640
16005.4,30557,605,930,109,640
16012.2,30573,604,930,109,640
16019.9,30557,604,930,109,640
16027.9,30541,604,931,109,640
16034.4,30557,604,931,109,640
16042.8,30557,603,931,108,630
16050,30509,603,932,108,630
16056.9,30493,602,932,108,630
16072.2,30493,601,933,108,630
16080.1,30477,601,933,110,630
16086.8,30509,601,934,110,630
16094.4,30509,600,934,110,630
16102,30509,600,935,110,630
16109,30525,599,935,110,630
16116.8,30541,599,936,110,630
16123.9,30525,598,936,110,630
16131.2,30525,598,936,109,620
16139.1,30541,598,936,109,620
16146.6,30525,598,937,109,620
16153.1,30493,597,937,109,620
16161.1,30477,597,937,109,620
16168.9,30429,597,938,109,620
16175.8,30365,597,938,109,620
16183.2,30269,597,939,109,620
16191.2,30333,597,939,109,620
16197.8,30253,596,940,109,620
16205.6,30333,596,940,109,620
16213.1,30349,596,941,109,620
16220.4,30285,596,942,109,620
16228,30349,596,942,109,620
16235.6,30317,595,943,109,620
16242.3,30381,595,943,109,620
16249.7,30333,595,944,109,620
16257.6,30365,595,945,110,600
16265.6,30381,595,945,110,600
16272.2,30381,595,946,110,600
16280.2,30381,594,946,110,600
16286.9,30317,594,947,110,600
16294.5,30381,594,948,110,600
16309,30349,594,949,110,600
16317,30381,594,950,110,600
16324.7,30349,594,950,110,600
16330.8,30333,594,951,110,600
16339,30365,594,952,110,600
16346.7,30349,594,952,110,600
16354.5,30317,595,953,110,600
16361.3,30317,595,954,112,600
16369.2,30333,595,955,112,600
16383.4,30397,595,956,112,600
16390.9,30397,595,957,112,600
16398.6,30365,595,957,112,600
16405.5,30397,595,958,112,600
16414.2,30365,595,959,112,600
16420.2,30381,596,959,112,600
16427.9,30445,596,960,112,600
16435.8,30381,596,961,113,600
16442.6,30445,596,961,113,600
16450.4,30429,596,962,113,600
16464.8,30413,596,962,113,600
16472.3,30429,596,963,113,600
16480.4,30461,596,963,113,600
16487.9,30445,596,964,113,600
16495.3,30445,596,964,115,600
16502.4,30397,596,965,115,600
16509.6,30477,596,965,115,600
16517.2,30493,596,966,115,600
16524.7,30445,596,967,115,600
16531.9,30493,596,967,115,600
16539.9,30477,596,968,115,600
16547.4,30429,597,969,117,590
16554.5,30413,597,969,117,590
16562.2,30397,597,970,117,590
16569.8,30397,597,971,117,590
16585.3,30381,597,972,117,590
16592.7,30397,597,973,117,590
16600.1,30365,598,973,117,590
16607.1,30317,598,974,117,590
16614.8,30333,598,975,117,590
16622.3,30349,598,975,117,590
16629.4,30349,598,976,117,590
16637.4,30301,599,977,117,590
16645.5,30301,599,977,118,590
16652.3,30301,599,978,118,590
16660.1,30317,599,979,118,590
16667.9,30253,599,980,118,590
16674.5,30269,600,980,118,590
16682.8,30285,600,981,118,590
16690.9,30301,600,982,120,580
16697.3,30317,600,983,120,580
16705.5,30317,601,984,121,590
16712.8,30253,601,985,121,590
16719.5,30253,601,986,121,590
16727.5,30301,602,986,121,590
16735.2,30301,602,987,121,590
16742.2,30301,602,988,121,590
16749.9,30253,602,989,121,590
16757.8,30253,603,990,123,590
16764.7,30301,603,990,123,590
16772.4,30301,603,991,123,590
16788.3,30285,604,992,123,590
16794.8,30285,604,993,123,590
16803,30301,604,993,123,590
16810.7,30301,604,994,123,590
16817.4,30317,605,994,124,580
16830.9,30333,605,995,124,580
16831.8,30285,605,996,124,580
16840.7,30317,606,996,124,580
16847.8,30301,606,997,124,580
16854.8,30317,607,998,124,580
16862.4,30301,607,999,124,580
16870.2,30301,608,1000,124,580
16878,30317,608,1001,124,580
16885.7,30333,609,1001,124,580
16892.8,30317,609,1002,126,580
16901,30317,610,1003,126,580
16907.4,30317,610,1004,126,580
16915.3,30333,611,1005,126,580
16922.2,30365,612,1005,126,580
16930,30365,612,1006,127,590
16938.9,30381,612,1006,127,590
16945.7,30381,613,1007,127,590
16952.5,30365,613,1007,127,590
16960.2,30349,614,1008,127,590
16967.9,30349,615,1009,127,590
16974.9,30397,615,1009,127,590
16984.1,30397,616,1010,128,580
16998.1,30365,617,1011,128,580
17005.4,30397,618,1012,128,580
17013.1,30461,619,1012,128,580
17020.1,30445,619,1013,128,580
17028.4,30429,620,1014,128,580
17036.4,30429,621,1014,128,580
17043.1,30477,621,1015,128,580
17051,30445,622,1015,128,580
17058.6,30461,623,1016,129,590
17066.8,30493,624,1016,129,590
17073.4,30477,625,1016,129,590
17081.8,30477,626,1017,129,590
17089,30541,627,1017,129,590
17095.9,30525,628,1018,129,590
17103.9,30590,629,1018,129,590
17111.5,30573,630,1019,132,590
17118.5,30622,631,1019,132,590
17126.5,30590,632,1019,132,590
17133.5,30557,632,1019,132,590
17141.1,30590,633,1020,132,590
17148.9,30557,634,1020,134,600
17155.6,30477,635,1020,134,600
17171.1,30461,636,1020,134,600
17179.5,30445,637,1020,134,600
17185.8,30429,637,1020,134,600
17193.6,30429,638,1020,135,590
17200.4,30413,639,1021,135,590
17216,30429,640,1021,135,590
17222.7,30413,641,1021,135,590
17230.8,30429,642,1021,135,590
17246.1,30429,643,1021,135,590
17252.9,30365,644,1021,135,590
17261,30381,645,1021,135,590
17267.6,30381,646,1022,135,590
17275.3,30397,647,1022,136,600
17283.3,30397,648,1022,136,600
17290.9,30381,649,1022,136,600
17298.2,30397,650,1022,136,600
17305.8,30397,651,1022,136,600
17313.7,30413,652,1022,136,600
17320.5,30365,653,1022,136,600
17328.3,30349,654,1022,138,590
17336.3,30381,655,1022,138,590
17343.1,30381,656,1022,138,590
17351,30381,657,1022,138,590
17365.2,30381,658,1022,138,590
17373,30349,659,1022,138,590
17381,30349,660,1022,138,590
17387.8,30397,660,1022,139,600
17395.9,30365,661,1022,139,600
17403.5,30381,662,1022,139,600
17410.6,30365,663,1022,139,600
17418.3,30381,663,1022,139,600
17426,30381,664,1022,139,600
17432.9,30381,665,1022,139,600
17440.7,30397,666,1022,141,600
17448.5,30365,667,1022,141,600
17455.6,30413,668,1022,141,600
17463.2,30413,669,1022,141,600
17470.9,30381,670,1022,141,600
17478,30461,671,1022,141,600
17485.6,30397,672,1022,141,600
17493.5,30429,673,1022,141,600
17500.4,30413,674,1022,142,610
17508.3,30413,675,1022,142,610
17516.1,30477,676,1022,142,610
17524.1,30477,677,1021,142,610
17531,30461,678,1021,142,610
17545.5,30461,679,1021,142,610
17553.8,30445,680,1021,142,610
17561,30477,681,1021,144,610
17568.6,30477,682,1020,144,610
17575.9,30461,682,1020,144,610
17583.4,30477,683,1020,144,610
17590.5,30461,684,1020,144,610
17598.2,30525,685,1020,144,610
17606.2,30525,686,1019,144,610
17613,30509,687,1019,144,610
17621,30541,688,1019,146,620
17628.8,30525,689,1019,146,620
17636.6,30525,690,1018,146,620
17643.3,30525,691,1018,146,620
17651.9,30573,691,1018,146,620
17657.9,30606,692,1018,147,620
17665.7,30590,693,1017,147,620
17673.6,30590,694,1017,147,620
17681.2,30573,695,1017,147,620
17688.3,30541,696,1016,147,620
17696,30525,697,1016,149,630
17704.2,30541,698,1015,149,630
17711.2,30461,699,1014,149,630
17718.6,30445,699,1014,149,630
17726.6,30445,700,1013,151,630
17733.8,30413,701,1012,151,630
17741,30365,701,1011,151,630
17749.5,30365,702,1010,151,630
17755.9,30381,703,1009,151,630
17763.8,30413,703,1008,151,630
17771.6,30381,703,1008,151,630
17778.6,30381,704,1007,151,630
17786.2,30397,704,1006,150,640
17794,30429,704,1005,150,640
17807.7,30413,704,1004,150,640
17812.7,30413,705,1003,150,640
17819.3,30445,705,1002,150,640
17824.3,30461,705,1001,150,640
17832.8,30413,705,1000,150,640
17839.8,30413,706,999,150,640
17846.7,30429,706,998,150,640
17854.5,30429,706,997,148,650
17861.9,30477,706,996,148,650
17869.1,30493,706,995,148,650
17876.8,30525,706,994,148,650
17884.5,30541,707,993,148,650
17892.2,30557,707,992,147,650
17899.1,30573,707,991,147,650
17906.7,30493,707,990,149,660
17914.1,30509,707,989,149,660
17921.4,30606,707,988,149,660
17929.8,30606,707,987,149,660
17936.5,30622,708,986,148,670
17943.9,30638,708,985,148,670
17952,30622,708,984,148,670
17958.8,30638,708,983,148,670
17966.8,30654,708,982,148,670
17974.5,30670,708,981,148,670
17981.4,30654,708,981,148,670
17989.1,30670,708,980,146,670
17997,30734,708,979,146,670
18003.9,30750,708,978,146,670
18011.6,30766,708,977,146,670
18019.5,30782,708,976,146,670
18028.1,30846,707,975,145,680
18034.5,30846,707,973,145,680
18042.1,30846,707,972,145,680
18050.2,30926,707,971,145,680
18056.9,30926,706,970,143,690
18065,30990,706,969,143,690
18072.8,30990,706,968,143,690
18079.5,30974,705,967,143,690
18095.1,30958,705,966,143,690
18102.1,30942,705,965,143,690
18110.1,30910,704,964,143,690
18117.8,30894,704,963,143,690
18125,30910,704,962,141,700
18132.2,30830,703,961,141,700
18139.9,30846,703,960,141,700
18146.5,30910,703,959,141,700
18154.4,30862,702,958,141,700
18162.2,30878,702,957,141,700
18168.7,30894,701,956,139,710
18176.4,30894,701,955,139,710
18184.2,30926,701,954,139,710
18191,30862,700,953,142,710
18198.8,30942,700,952,142,710
18206.8,30878,699,951,142,710
18213.5,30894,699,950,142,710
18221.7,30926,699,949,142,710
18228.8,30926,698,948,142,710
18236.2,30958,698,947,140,720
18243.3,30958,697,946,140,720
18251.2,30974,697,945,140,720
18257.8,30990,696,945,140,720
18265.6,31006,696,943,140,720
18273.5,31038,695,943,140,720
18279.9,31038,694,942,140,720
18287.9,31038,694,941,140,720
18295.5,31038,693,939,135,720
18303.4,31022,692,938,135,720
18310.4,31006,692,938,135,720
18318.1,31006,691,936,135,720
18324.7,30990,690,935,135,720
18332.3,31006,689,934,133,730
18340,31022,689,933,133,730
18347.9,31054,688,932,130,720
18354.3,30974,687,931,130,720
18362.4,31038,687,930,130,720
18370.1,31054,686,929,130,720
18377.1,31022,685,928,130,720
18384.8,31022,685,927,126,720
18391.4,31086,684,926,126,720
18399.8,31070,683,925,126,720
18407,31086,682,924,126,720
18415.4,31102,682,923,126,720
18421.7,31150,681,922,126,720
18429.4,31166,680,921,123,720
18437.4,31198,679,920,123,720
18443.8,31198,679,919,123,720
18451.5,31214,678,918,123,720
18459.3,31230,677,917,123,720
18466.1,31310,676,916,121,730
18473.7,31278,675,915,121,730
18481.5,31278,675,914,119,720
18488.2,31358,674,913,119,720
18496.5,31310,673,912,119,720
18503.6,31342,672,912,116,720
18510.5,31358,671,911,116,720
18518.4,31358,670,910,116,720
18526,31342,669,909,116,720
18532.8,31310,668,909,116,720
18540.7,31310,666,908,116,720
18548.4,31294,665,907,116,720
18555.2,31326,663,906,116,720
18562.9,31294,662,905,113,730
18570.6,31326,660,905,112,720
18577.9,31358,659,904,112,720
18585.1,31342,658,903,112,720
18593.5,31358,657,903,112,720
18600.5,31422,656,902,109,720
18607.2,31438,655,902,109,720
18615.1,31518,654,901,108,710
18622.2,31566,653,901,108,710
18630.7,31630,652,900,108,710
18637.4,31678,651,900,105,710
18644.4,31662,650,900,105,710
18652,31758,649,899,104,700
18659.6,31774,648,899,104,700
18667.5,31742,648,899,104,700
18674.9,31854,647,899,104,700
18681.8,31886,646,898,104,700
18690.3,31838,645,898,101,710
18696.4,31886,644,898,101,710
18705.2,31822,642,898,101,710
18712,31870,641,898,101,700
18718.6,31886,640,897,101,700
18726.1,31918,640,897,101,700
18734,31918,639,897,101,700
18741,31934,638,897,101,700
18748.3,31950,637,897,101,700
18756.2,32030,636,897,101,700
18763,32046,636,897,101,700
18771.4,32062,635,897,101,700
18782.7,32046,634,897,101,700
18786.8,32030,633,898,100,690
18797.6,32030,632,898,100,690
18800.7,32078,631,898,100,690
18807.9,32062,630,898,100,690
18815.7,32030,630,899,100,690
18823.6,31934,629,899,100,690
18830.4,31966,628,899,100,690
18838,31886,627,900,100,680
18845.3,31918,626,900,100,680
18853.2,31918,625,901,100,680
18859.7,31902,625,901,100,680
18868.4,31870,624,902,99,670
18874.6,31886,623,902,99,670
18882.4,31822,622,903,99,670
18890.1,31838,621,903,99,670
18897,31838,620,904,99,670
18904.5,31854,620,904,99,660
18912.4,31870,619,905,99,660
18919.5,31870,618,905,99,660
18926.8,31886,617,906,99,660
18934.5,31902,616,907,99,660
18941.3,31822,614,907,99,650
18949.1,31822,613,908,99,650
18956.8,31806,612,909,99,650
18964.9,31790,611,910,101,650
18971.6,31790,610,911,101,650
18979.6,31806,610,912,101,650
18986.9,31742,609,912,100,640
18993.7,31726,608,913,100,640
19001.5,31710,608,914,100,640
19009.3,31694,607,914,100,640
19016.1,31614,606,915,102,630
19023.7,31582,606,916,102,630
19030.4,31598,605,917,102,630
19038.1,31582,604,917,102,630
19046,31534,604,918,102,630
19053.5,31534,603,919,102,630
19068,31550,602,920,102,630
19075.4,31502,602,921,102,630
19082.7,31502,601,921,104,620
19090.1,31502,600,922,104,620
19097.1,31454,600,923,103,610
19104.7,31422,599,923,103,610
19112.6,31406,598,924,103,610
19120.3,31406,598,925,103,610
19127.1,31390,597,926,103,610
19134.8,31326,597,926,105,610
19142.5,31342,596,927,105,610
19149.2,31342,596,928,104,600
19157.9,31326,595,928,104,600
19164.8,31262,595,929,104,600
19171.4,31278,594,929,104,600
19179.5,31262,594,930,104,600
19187,31246,594,930,104,600
19193.8,31278,593,931,104,600
19201.6,31326,592,932,104,600
19209.4,31310,592,933,104,600
19216.2,31278,591,934,106,600
19223.7,31294,591,935,105,590
19231.5,31230,590,936,105,590
19239.1,31246,590,937,105,590
19246,31246,589,938,105,590
19254.7,31310,589,938,105,590
19260.7,31214,588,939,105,590
19268.5,31246,588,940,105,590
19276,31230,588,941,105,590
19283.1,31182,588,942,107,590
19290.8,31198,588,942,107,590
19298.5,31182,587,943,107,590
19305.4,31278,587,944,107,590
19313.1,31198,587,945,107,590
19328.3,31262,586,946,107,590
19335.3,31198,586,947,107,590
19343.1,31246,586,948,109,590
19349.5,31278,586,948,109,590
19357.5,31246,585,949,109,590
19364.9,31262,585,950,109,590
19372,31262,584,951,109,590
19379.9,31246,584,952,109,590
19387.5,31326,584,953,109,590
19395.3,31310,583,954,109,590
19402.2,31294,583,955,109,590
19409.9,31294,583,956,109,590
19424.1,31342,583,957,110,580
19432.2,31342,582,958,110,580
19438.8,31326,582,958,110,580
19446,31294,582,959,110,580
19454.2,31342,582,960,110,580
19461.6,31358,582,960,110,580
19468.8,31342,582,961,110,580
19476.6,31326,582,962,110,580
19484.5,31358,582,963,110,580
19491.9,31390,581,963,112,580
19498.9,31326,581,964,112,580
19506.5,31342,581,965,112,580
19513.7,31406,581,966,112,580
19521,31358,581,967,112,580
19529.3,31422,581,968,112,580
19535.9,31326,581,968,112,580
19543.3,31246,581,969,112,580
19551.3,31278,581,970,112,580
19558.2,31198,581,971,113,580
19566,31182,581,972,113,580
19574,31166,581,973,113,580
19581.8,31166,581,974,113,580
19588.3,31134,582,975,113,580
19596.2,31054,582,976,113,580
19603,31022,582,978,113,580
19610.9,31038,582,979,113,580
19618.6,31022,583,980,115,580
19626.4,30942,583,982,115,580
19633.5,30958,583,983,115,580
19641,30974,583,984,115,580
19649.2,30894,584,985,116,570
19656.1,30894,584,987,116,570
19664.1,30830,584,988,116,570
19670.6,30830,585,989,116,570
19678.5,30846,585,990,116,570
19686.5,30846,586,991,118,570
19693.4,30846,586,992,118,570
19701.1,30782,587,993,118,570
19709.3,30798,587,994,118,570
19716.8,30798,587,995,118,570
19723.9,30766,588,996,119,560
19731.6,30782,589,997,119,560
19738.4,30782,589,998,119,560
19751.8,30734,590,999,120,570
19756.6,30734,590,1000,120,570
19763.8,30750,591,1001,120,570
19769.3,30750,592,1002,122,570
19777.1,30750,592,1003,122,570
19784.9,30766,593,1004,122,570
19791.9,30782,593,1005,122,570
19799.7,30814,594,1007,122,570
19807.7,30798,594,1008,123,560
19814.3,30798,595,1009,123,560
19823.2,30782,595,1010,123,560
19830.3,30782,596,1011,123,560
19838.8,30782,596,1012,123,560
19844.9,30862,597,1013,123,560
19852.8,30846,597,1014,123,560
19859.8,30846,598,1015,123,560
19867.7,30862,598,1015,126,570
19875.2,30862,598,1016,126,570
19881.6,30926,599,1017,126,570
19890,30894,599,1018,126,570
19897.6,30910,599,1018,126,570
19904.7,30878,600,1019,126,570
19912.1,30878,600,1020,126,570
19920.5,30926,601,1020,126,570
19926.9,30894,602,1021,126,570
19934.6,30910,603,1022,127,570
19942.8,30926,603,1023,127,570
19949.5,30910,604,1024,127,570
19957.5,30990,605,1025,128,570
19965.3,30910,606,1026,128,570
19973.1,30894,606,1026,128,570
19980,30862,607,1027,128,570
19987.9,30894,608,1028,130,580
19994.7,30814,608,1029,130,580
20003.2,30798,609,1029,130,580
20010.4,30814,610,1030,131,570
20017,30830,611,1031,131,570
20025.2,30814,611,1032,131,570
20033.2,30830,612,1032,131,570
20040,30830,613,1033,131,570
20047.9,30798,614,1034,131,570
20056.3,30798,615,1035,131,570
20062.7,30798,616,1035,131,570
20070.7,30798,617,1036,132,570
20078.3,30814,618,1037,132,570
20085.8,30814,619,1037,132,570
20092.8,30814,620,1038,134,570
20101.1,30830,621,1039,134,570
20108.4,30846,622,1039,134,570
20115.3,30830,623,1040,134,570
20123.3,30846,624,1040,135,570
20130,30894,625,1041,135,570
20137.9,30878,626,1042,135,570
20145.9,30910,627,1042,135,570
20153.8,30894,628,1042,136,570
20160.5,30878,629,1043,136,570
20168.4,30910,630,1043,136,570
20176,30878,631,1044,136,570
20183.6,30926,632,1044,136,570
20190.7,30958,633,1044,138,580
20199.3,30894,634,1045,139,570
20205.4,30862,635,1045,139,570
20212.9,30878,636,1046,139,570
20221.1,30798,638,1046,139,570
20228,30814,639,1047,139,570
20235.8,30734,640,1047,139,570
20243.8,30718,642,1047,140,580
20250.6,30718,643,1048,140,580
20258.5,30750,644,1048,140,580
20266.3,30750,646,1048,142,570
20273.1,30686,647,1048,142,570
20281.5,30702,648,1049,142,570
20289.1,30734,650,1049,142,570
20295.7,30734,651,1049,142,570
20303.6,30686,652,1049,142,570
20311.2,30702,653,1050,142,570
20319.3,30718,654,1050,142,570
20326.1,30654,655,1050,142,570
20334.1,30686,656,1050,142,570
20340.9,30702,658,1050,143,560
20348.7,30718,659,1050,143,560
20356.5,30718,660,1051,143,560
20364.5,30734,662,1051,143,560
20371.4,30734,663,1051,144,570
20379.2,30670,664,1051,144,570
20385.9,30686,665,1051,144,570
20394.4,30686,667,1051,144,570
20401.4,30686,668,1051,144,570
20408.4,30702,669,1051,144,570
20416.3,30702,671,1051,144,570
20424.2,30686,672,1050,146,570
20431.9,30702,673,1050,146,570
20438.6,30702,675,1050,146,570
20446.6,30718,676,1050,146,570
20453.7,30718,677,1050,146,570
20461.4,30798,679,1050,146,570
20469.2,30798,680,1049,146,570
20477.5,30782,682,1049,146,570
20483.6,30798,683,1049,146,570
20492,30814,685,1049,146,570
20499.4,30862,686,1049,147,580
20506.4,30862,687,1049,147,580
20514.3,30862,689,1049,147,580
20521.2,30926,690,1048,147,580
20529,30910,691,1048,147,580
20536.6,30894,693,1048,147,580
20544.5,30974,694,1048,149,580
20551.5,30926,695,1047,149,580
20559.4,30974,697,1047,149,580
20567.1,30926,698,1047,149,580
20574.4,30878,699,1046,150,580
20581.9,30846,700,1046,150,580
20589.5,30846,701,1046,150,580
20596.6,30814,702,1045,152,590
20604.1,30798,703,1045,152,590
20611.8,30814,704,1044,152,590
20618.7,30798,706,1044,152,590
20626.6,30814,707,1044,153,590
20634.8,30814,707,1043,153,590
20641.6,30750,708,1043,153,590
20649.3,30782,709,1042,153,590
20657.2,30798,710,1042,153,590
20664,30782,711,1041,153,590
20673.2,30798,712,1041,153,590
20679.8,30798,713,1040,153,590
20687.6,30814,713,1040,153,590
20694.3,30814,714,1039,153,590
20702.1,30798,715,1039,155,600
20709.1,30814,716,1038,155,600
20717.1,30814,717,1037,155,600
20730.7,30814,717,1036,154,600
20734.3,30830,718,1036,154,600
20741.6,30830,719,1035,154,600
20747.5,30846,720,1033,154,600
20754.9,30862,721,1032,156,610
20762.2,30942,723,1031,156,610
20770.3,30942,724,1030,155,620
20776.9,30958,725,1028,155,620
20784.5,30958,725,1027,155,620
20792.5,31022,726,1026,155,620
20800.3,31054,727,1025,155,620
20807.8,30958,727,1024,156,620
20815.7,30974,727,1023,156,620
20822.1,30926,728,1021,155,630
20829.8,30910,728,1020,155,630
20837.9,30894,728,1019,155,630
20845.4,30878,728,1018,155,630
20852.8,30814,729,1017,155,630
20860.1,30830,729,1015,155,630
20866.8,30846,729,1014,155,630
20874.9,30846,729,1013,155,630
20882.6,30782,729,1011,154,640
20890.4,30814,729,1010,154,640
20897.3,30830,730,1008,156,640
20905.2,30798,730,1007,156,640
20913,30798,730,1006,156,640
20920.2,30814,730,1004,156,640
20928,30862,730,1003,155,650
20935.9,30798,731,1002,155,650
20942.8,30830,731,1001,155,650
20951.2,30846,731,999,155,650
20958.8,30862,731,998,155,650
20965.6,30862,732,997,155,650
20973.3,30894,732,996,154,660
20980.8,30910,732,995,154,660
20987.8,30926,732,994,154,660
20995.6,30974,732,993,156,660
21003.4,30974,732,991,156,660
21010.3,30974,732,990,155,670
21018.1,31006,732,988,155,670
21026.1,31022,732,987,155,670
21033.7,31022,732,986,155,670
21040.8,31102,732,984,155,670
21049.3,31070,732,983,154,680
21055.6,31134,732,981,154,680
21063.3,31134,731,980,154,680
21071.1,31150,731,979,154,680
21078.6,31214,731,977,153,690
21085.7,31230,730,976,153,690
21093.9,31246,730,974,153,690
21100.7,31326,730,973,153,690
21108.3,31342,729,972,152,700
21116.1,31342,729,971,152,700
21123,31390,729,969,152,700
21130.6,31374,729,968,152,700
21138.6,31326,728,967,150,710
21147.1,31390,728,965,150,710
21153.2,31358,727,964,150,710
21160.9,31310,727,963,150,710
21167.8,31294,726,961,150,710
21175.8,31294,726,960,148,710
21183.5,31326,725,958,148,710
21191.3,31358,725,957,148,710
21198,31326,724,955,148,710
21205.8,31358,724,954,148,710
21213.4,31390,723,952,148,710
21220.2,31438,723,950,147,720
21227.9,31406,722,948,149,730
21234.6,31454,722,947,149,730
21243,31486,721,945,149,730
21250.2,31438,721,943,149,730
21257.8,31486,720,942,149,730
21264.8,31502,720,940,148,740
21272.5,31518,719,939,148,740
21280.6,31550,719,938,148,740
21287.2,31582,718,936,148,740
21294.8,31646,718,935,148,740
21302.5,31678,717,934,146,740
21309.3,31726,716,932,146,740
21317.1,31774,716,931,146,740
21324.9,31806,715,929,146,740
21331.5,31854,714,928,146,740
21339.5,31934,713,926,143,750
21346.9,31966,711,925,143,750
21353.4,31998,710,923,143,750
21361.4,32014,709,921,143,750
21369.2,32078,708,920,143,750
21376.9,32062,707,918,141,760
21383.8,32158,706,916,141,760
21391.4,32158,704,915,141,760
21399.3,32222,703,913,141,760
21406.2,32302,702,912,138,770
21413.8,32286,701,910,138,770
21420.9,32238,701,909,138,770
21428.3,32174,700,908,138,770
21436.2,32174,699,907,138,770
21442.9,32174,698,906,135,770
21450.3,32142,697,905,135,770
21458.4,32110,697,904,135,770
21465.9,32110,696,903,135,770
21473,32126,695,902,135,770
21480.4,32126,694,901,132,780
21487.3,32126,693,900,129,770
21495,32158,692,899,129,770
21502.7,32078,691,898,129,770
21509.6,32030,690,897,129,770
21517.6,31998,689,896,129,770
21524.8,32014,688,895,125,780
21531.7,31950,687,894,122,770
21539.6,31966,686,893,122,770
21546.9,31966,685,892,122,770
21555,31966,684,891,122,770
21562,31934,683,890,122,770
21570,31950,682,890,120,760
21577.4,31886,681,889,120,760
21584.1,31934,680,888,120,760
21591.7,31902,679,888,120,760
21599.3,31902,678,887,120,760
21606.4,31918,677,886,120,760
21614.9,31918,676,886,120,760
21621.8,31838,674,885,114,760
21628.5,31902,673,885,114,760
21636.4,31918,672,884,114,760
21643.2,31870,671,884,114,760
21651.2,31886,670,883,114,760
21658.8,31886,669,883,114,760
21666.5,31934,668,882,114,760
21673.3,31934,667,882,113,750
21681,31854,666,881,113,750
21688.7,31886,665,881,113,750
21695.7,31870,664,881,113,750
21706.5,31886,662,880,113,750
21711.7,31902,661,880,111,740
21719.1,31886,660,880,111,740
21725.7,31902,659,879,111,740
21733.8,31886,658,879,111,740
21740.6,31886,657,879,108,740
21748.2,31822,655,879,107,730
21756,31854,654,879,107,730
21762.7,31838,653,878,107,730
21770.5,31838,652,878,107,730
21778,31838,651,878,107,730
21784.6,31838,650,878,106,720
21793,31822,649,878,106,720
21800.5,31822,648,878,106,720
21808.7,31822,647,878,106,720
21815,31806,646,878,106,720
21822.4,31822,645,878,105,710
21829.5,31902,644,878,105,710
21837.2,31902,643,878,105,710
21845.3,31854,643,878,105,710
21852.6,31886,642,878,105,710
21859.5,31870,641,878,105,710
21867.2,31854,640,878,105,710
21873.8,31822,640,879,105,710
21881.6,31806,639,879,102,720
21889.9,31886,638,879,102,720
21897.3,31886,637,879,102,720
21904.2,31902,637,879,102,720
21911.7,31886,636,879,102,720
21919.3,31886,635,879,101,710
21926.2,31870,634,879,101,710
21934.3,31934,634,879,101,710
21940.8,31918,633,879,101,710
21948.7,31918,632,879,101,710
21956.3,31886,632,879,101,710
21964,31950,631,879,101,710
21970.5,31934,630,879,101,710
21978.3,31902,629,879,101,710
21985.9,31854,629,879,101,710
21993,31806,628,879,101,710
22000.6,31790,627,879,101,700
22008.2,31790,626,879,101,700
22015.3,31758,626,879,101,700
22022.9,31774,625,879,98,700
22030.6,31758,624,879,98,690
22037.5,31758,623,879,98,690
22045.3,31726,623,879,98,690
22052.9,31678,622,879,98,690
22059.6,31646,621,879,97,680
22067.6,31598,620,879,97,680
22075.1,31614,619,879,97,680
22082.1,31534,619,879,97,680
22089.6,31550,618,879,97,680
22097.5,31534,617,878,97,670
22105,31582,616,878,97,670
22119.7,31550,615,878,97,670
22126.4,31566,615,878,95,670
22133.9,31550,614,878,95,670
22141.5,31534,614,878,95,670
22148.4,31550,613,878,95,670
22156.1,31550,613,878,94,660
22163.6,31534,613,878,94,660
22170.4,31454,612,878,94,660
22186,31294,611,878,94,660
22192.5,31134,611,878,94,660
22201.5,30878,611,878,94,660
22207.7,30622,610,878,94,660
22215,30317,610,878,92,650
22222.4,29789,610,878,92,650
22230.3,29037,610,878,92,650
22238.1,28044,609,878,92,650
22245,26588,609,878,92,650
22252.5,24507,609,879,92,650
22260.3,22090,610,880,92,650
22267.2,16231,611,881,92,640
22275.6,4273,612,883,92,640
