7050.81,5666,115,1241,147,420
7058.28,6418,115,1241,147,420
7065.29,6627,115,1241,147,420
7072.77,7315,115,1241,147,420
7080.68,7987,115,1241,147,420
7087.6,8852,115,1241,147,420
7095.78,9444,115,1241,147,420
7102.77,9780,115,1241,147,420
7110.99,9956,115,1241,147,420
7117.26,10020,115,1241,147,420
7124.85,10036,115,1241,147,420
7132.69,10004,115,1241,146,420
7139.47,10036,115,1241,146,420
7147.23,10116,115,1240,146,420
7153.91,10452,115,1240,146,420
7162.57,10933,115,1240,146,420
7170.62,11237,115,1240,146,420
7177.35,11493,115,1240,146,420
7183.99,11701,116,1239,146,420
7192.49,11973,116,1239,146,420
7199.51,12485,116,1239,147,410
7206.24,13029,116,1239,147,410
7214.22,13558,116,1238,147,410
7221.03,13990,116,1238,147,410
7229.59,14390,116,1237,147,410
7236.19,14742,116,1236,147,410
7242.88,15014,117,1235,147,410
7250.88,15270,117,1235,147,410
7258.46,15495,117,1233,147,410
7266.15,15799,117,1232,147,410
7273.91,16199,117,1231,147,410
7280.66,16455,118,1230,147,410
7287.75,16679,118,1228,147,410
7295.14,16983,118,1227,147,410
7302.77,17223,118,1225,147,410
7310.54,17399,118,1224,146,420
7317.48,17576,118,1223,146,420
7325.17,17896,119,1221,145,410
7332.79,18120,119,1220,145,410
7339.56,18296,119,1218,145,410
7347.3,18600,119,1216,144,420
7355.09,18792,119,1214,144,420
7362.69,19048,119,1212,144,420
7369.63,19288,119,1210,144,420
7377.17,19512,119,1208,142,420
7384.51,19737,119,1206,142,420
7391.84,19929,119,1204,142,420
7399.34,20073,119,1202,141,430
7406.34,20313,119,1199,141,430
7414.08,20425,119,1197,141,430
7421.81,20633,120,1195,140,420
7428.59,20809,120,1193,140,430
7436.21,20985,120,1191,140,430
7444.07,21145,120,1188,140,430
7450.87,21257,120,1186,140,430
7458.48,21385,120,1184,140,430
7466.23,21529,120,1182,141,440
7472.81,21609,120,1179,141,440
7480.77,21705,119,1177,141,440
7489.37,21753,119,1174,141,440
7495.09,21882,119,1172,141,440
7503,21994,119,1169,141,440
7510.63,22042,119,1166,140,450
7518.32,22202,118,1164,140,450
7525.09,22250,118,1161,140,450
7532.85,22394,118,1158,140,450
7539.69,22666,118,1155,138,450
7548.5,22794,117,1152,138,450
7555.21,23066,117,1149,138,450
7562.62,23194,117,1145,137,450
7569.56,23322,116,1142,137,450
7578.37,23530,116,1139,135,450
7584.16,23642,116,1136,135,450
7591.79,23850,116,1133,134,460
7599.82,23834,116,1130,135,460
7606.13,23802,116,1127,135,460
7614.26,23834,116,1124,135,460
7622.05,23834,116,1121,135,460
7628.59,23802,116,1119,135,460
7636.56,23850,116,1116,135,460
7644.27,23930,116,1113,135,460
7651.92,23962,116,1110,134,470
7659.51,23962,116,1107,134,470
7666.43,24059,116,1104,134,470
7674.7,24251,116,1102,134,470
7680.87,24427,116,1099,133,470
7688.49,24571,116,1096,133,470
7696.4,24651,116,1093,133,470
7703.3,24715,116,1090,132,480
7710.88,24747,116,1087,131,470
7718.42,24859,116,1084,130,480
7726.79,24939,117,1081,130,480
7732.78,25035,117,1078,128,480
7747.22,25099,117,1075,128,480
7748.05,24987,117,1073,127,480
7756.58,25019,118,1070,126,480
7763.47,24971,118,1068,126,480
7769.91,24987,118,1065,127,490
7777.99,25067,119,1062,127,490
7785.42,25083,119,1060,127,490
7792.51,25147,120,1057,126,490
7800.32,25163,120,1055,126,490
7808.01,25227,121,1052,126,490
7814.7,25307,121,1049,126,490
7822.48,25403,122,1047,125,500
7830.25,25515,122,1044,125,500
7837.43,25547,123,1040,125,500
7844.65,25771,123,1037,123,490
7853.19,26300,124,1033,122,500
7859.21,26620,124,1029,122,500
7866.91,26812,124,1025,120,500
7874.67,26956,124,1021,120,500
7881.23,27020,124,1018,118,490
7889.16,26940,125,1015,118,490
7896.64,26988,125,1012,117,500
7903.75,27004,125,1009,117,500
7911.51,26988,126,1007,116,500
7919.18,27004,126,1005,116,500
7926.04,27036,126,1004,115,500
7934.75,27068,127,1002,115,500
7941.4,27004,127,1001,115,500
7949.48,27068,127,1001,113,510
7955.74,27084,127,1000,113,510
7963.49,27068,127,1000,113,510
7971.29,27084,128,1000,113,510
7977.84,27100,128,1000,113,510
7985.88,27116,128,999,113,510
7993.48,27100,128,999,113,510
8000.45,27084,128,999,113,510
8015.64,26956,128,999,113,510
8022.79,26332,128,999,112,510
8030.71,25371,128,999,113,520
8037.86,23626,128,1001,113,520
8044.82,20697,128,1001,113,520
8052.29,15094,128,1009,113,520
8681.57,9860,210,1232,136,410
8693.24,9860,210,1232,137,410
8696.96,9940,210,1232,136,420
8703.71,10949,210,1232,137,420
8711.5,11333,210,1232,137,420
8718.38,11829,210,1232,137,420
8726.36,12565,210,1232,137,420
8733.75,13126,210,1232,137,420
8741.33,13478,210,1232,137,420
8749.33,13494,209,1232,137,420
8756.17,13430,209,1231,137,420
8764.05,13862,209,1230,137,420
8770.8,14470,209,1229,137,420
8778.43,15286,209,1227,137,420
8786.62,15815,209,1225,137,420
8792.67,16263,209,1224,137,420
8800.68,16647,209,1222,137,420
8808.48,16999,209,1220,137,420
8816.08,17223,209,1219,137,420
8823.05,17496,209,1217,137,430
8830.78,17704,209,1215,137,430
8837.51,18024,209,1214,137,430
8845.2,18264,209,1212,137,430
8853.92,18520,209,1209,137,430
8859.86,18872,209,1207,136,440
8867.62,19464,209,1205,136,440
8875.08,20025,209,1202,136,440
8883.54,20265,209,1200,135,440
8889.59,20425,209,1197,135,440
8897.18,20633,209,1194,135,440
8904.18,20857,209,1192,134,450
8911.84,21081,209,1189,134,450
8919.62,21145,209,1187,134,450
8926.23,21289,209,1184,134,450
8934,21401,209,1181,134,450
8941.59,21577,209,1178,133,450
8949.36,21817,209,1175,133,450
8956.2,21962,208,1173,133,450
8963.91,22186,208,1170,133,450
8970.72,22330,208,1167,133,450
8978.98,22426,208,1164,133,450
8986.19,22490,208,1162,132,460
8992.74,22602,208,1160,132,460
9000.86,22762,208,1157,132,460
9008.13,22874,208,1154,132,460
9016.19,22922,208,1151,131,460
9022.91,23098,208,1148,131,460
9030.68,23226,208,1145,131,460
9037.26,23322,208,1142,130,470
9044.92,23562,208,1139,130,470
9053.76,23754,208,1136,130,470
9061.04,23882,208,1133,128,470
9067.47,23818,208,1130,128,470
9076.26,23914,208,1127,128,470
9081.92,23946,207,1123,128,470
9089.67,23914,207,1120,127,480
9097.35,23994,207,1117,127,480
9104.33,24043,207,1114,127,480
9112.09,24075,207,1111,127,480
9119.54,24171,207,1108,126,480
9127.49,24251,207,1106,126,480
9134.33,24283,207,1103,126,480
9142.04,24411,207,1101,125,480
9149.91,24491,207,1099,125,480
9156.76,24587,207,1096,125,480
9164.29,24635,207,1094,124,490
9172.4,24715,207,1091,124,490
9178.72,24763,207,1089,124,490
9186.48,24891,207,1086,123,490
9194.27,24923,207,1084,123,490
9200.92,25035,208,1081,123,490
9208.7,25035,208,1078,123,490
9216.56,25099,208,1075,122,500
9223.03,25083,209,1072,122,500
9230.82,25147,209,1070,122,500
9238.55,25323,209,1067,122,500
9245.21,25371,209,1064,120,500
9253.51,25403,210,1061,120,500
9260.86,25371,210,1058,120,500
9267.45,25451,210,1056,120,500
9275.43,25419,211,1054,119,500
9283.01,25467,211,1051,119,500
9289.81,25547,211,1049,119,500
9297.63,25531,212,1047,118,510
9305.34,25579,212,1045,118,510
9312.13,25691,212,1043,118,510
9319.83,25835,213,1042,117,510
9327.62,25915,213,1040,117,510
9335.1,25995,213,1038,117,510
9342.01,26059,214,1037,115,510
9350.51,26123,214,1035,115,510
9356.48,26107,214,1034,115,510
9364.43,26123,214,1032,114,510
9372.01,26139,214,1031,114,510
9379.74,26236,214,1031,114,510
9386.75,26220,215,1030,114,510
9394.35,26220,215,1029,114,510
9402.04,26268,215,1029,113,520
9408.71,26284,215,1029,114,530
9416.48,26252,215,1029,114,530
9431.34,26284,215,1029,114,530
9438.99,26252,215,1029,114,530
9445.83,25291,215,1029,114,530
9453.29,22954,215,1031,114,530
9460.7,19272,215,1031,114,530
9468.62,10628,211,1039,113,520
9891.04,11461,117,1144,133,450
9899.25,11221,117,1144,133,450
9906.71,11413,117,1144,132,460
9913.73,11605,117,1144,131,450
9920.99,11765,117,1144,131,450
9927.85,11893,117,1145,131,450
9936.59,12133,118,1145,131,450
9943.14,12501,118,1145,131,450
9950.24,13238,119,1145,130,450
9957.78,14070,121,1145,130,450
9966.46,14646,122,1145,130,450
9972.41,15190,124,1145,130,450
9980,15767,126,1145,130,450
9987.72,16455,129,1145,130,450
9995.24,16967,131,1144,131,450
10002.3,17560,134,1144,131,450
10011.1,17992,137,1144,131,450
10017.9,18504,140,1144,131,450
10024.2,18984,143,1144,132,450
10032.3,19384,147,1144,132,450
10039.2,19881,150,1144,133,450
10046.7,20329,154,1144,133,450
10054.6,20633,157,1144,133,450
10061.4,20713,160,1145,133,450
10069,20873,162,1145,133,450
10076.8,20969,165,1145,133,450
10084.5,21113,167,1145,132,460
10091.5,21305,169,1145,132,460
10099,21529,171,1145,132,460
10107.2,21673,173,1145,132,460
10113.4,21850,175,1145,133,460
10121,22106,177,1145,133,460
10128.9,22250,178,1145,133,460
10135.6,22410,180,1145,133,460
10143.5,22538,182,1145,133,460
10150.3,22682,183,1145,133,460
10159,22778,185,1145,133,460
10165.6,22826,187,1145,133,460
10173.5,22874,188,1145,133,460
10180,22986,190,1145,132,460
10188.8,23034,192,1145,132,460
10195.5,23162,194,1145,132,460
10202.4,23210,196,1145,132,460
10210,23290,197,1145,132,460
10217.8,23306,199,1145,131,450
10224.8,23386,201,1145,131,450
10232.1,23338,202,1145,131,450
10240.2,23370,203,1145,131,450
10246.9,23418,204,1145,132,460
10254.7,23434,205,1145,132,460
10262.3,23466,206,1145,132,460
10269.5,23498,206,1145,133,460
10276.8,23466,206,1145,133,460
10284.9,23562,206,1145,133,460
10292.3,23546,206,1145,133,460
10299.2,23578,206,1146,133,460
10306.6,23594,206,1146,133,460
10313.4,23610,207,1146,133,460
10322.5,23626,207,1146,132,460
10328.8,23610,207,1146,132,460
10336,23642,207,1146,132,460
10343.4,23642,208,1146,131,460
10351.1,23562,208,1146,131,460
10359.1,23578,209,1146,131,460
10366.1,23514,209,1146,131,460
10373.5,23130,211,1145,131,460
10380.9,20713,212,1144,130,470
10387.9,15575,213,1144,130,470
11055.1,10916,246,1145,131,440
11063,10900,246,1145,132,450
11069.8,11013,246,1145,131,450
11077.8,11733,246,1145,131,450
11085.3,12229,244,1145,132,460
11092.3,12405,244,1145,132,460
11099.5,12453,244,1145,132,460
11106.6,12501,244,1145,132,460
11114.3,12485,244,1144,132,460
11122.1,12629,244,1144,132,460
11129.6,12773,244,1143,132,460
11137.2,12981,244,1142,133,450
11144.1,13254,244,1142,133,450
11151.1,13430,244,1141,133,450
11158.8,13606,244,1140,133,450
11166.5,13878,245,1140,133,450
11173.3,14214,245,1139,133,450
11181,14614,247,1138,132,460
11188.7,14934,248,1137,133,460
11195.6,15463,250,1137,133,460
11203.5,16135,251,1136,133,460
11211.1,16823,254,1135,133,460
11219.2,17688,256,1135,133,460
11225.5,18328,258,1134,133,460
11233.7,18744,260,1134,134,470
11240.9,19176,262,1134,134,470
11247.9,19528,265,1133,135,460
11255.7,19833,267,1133,135,460
11263.2,20089,269,1133,135,460
11270.1,20329,271,1133,135,460
11277.9,20537,274,1134,135,460
11285.6,20713,276,1134,136,470
11292.4,20937,279,1135,136,470
11300.3,21081,281,1135,136,470
11307.8,21161,284,1136,136,470
11315,21305,286,1137,136,470
11322.3,21417,288,1137,136,470
11328.8,21497,289,1138,136,470
11336.8,21609,291,1139,136,470
11344.5,21737,292,1139,136,470
11352.4,21833,293,1140,137,470
11359.3,21962,295,1141,137,470
11366.7,22042,296,1142,137,470
11374.7,22058,296,1142,137,470
11382.2,22186,297,1143,137,470
11389.2,22362,298,1144,138,480
11396.9,22618,298,1145,138,480
11403.5,22826,299,1146,138,480
11411.6,22954,300,1147,138,480
11419.1,23050,300,1148,138,480
11425.6,23050,301,1149,138,480
11433.8,23130,301,1150,138,480
11441.2,23210,301,1152,138,480
11449,23354,301,1153,138,480
11456.1,23386,301,1154,138,480
11463.4,23466,301,1156,140,480
11470.2,23530,301,1157,140,480
11478.1,23562,301,1159,140,480
11485.8,23626,300,1160,140,480
11493.2,23802,300,1161,140,480
11500.5,23946,299,1163,140,480
11508.8,24075,298,1164,142,470
11515.8,24139,297,1165,142,470
11522.4,24107,296,1166,142,470
11530.3,23994,294,1167,142,470
11537.1,24059,293,1168,142,470
11545,24203,291,1169,143,460
11552.5,24267,290,1170,143,460
11560.3,24315,288,1171,143,460
11567.1,24411,287,1171,143,460
11574.7,24475,285,1172,143,460
11582.3,24523,283,1172,144,460
11594.4,24523,281,1172,144,460
11596.9,24523,279,1172,144,460
11605.7,24571,277,1172,144,460
11611.7,24539,275,1172,144,460
11619.4,24619,272,1172,144,460
11627.3,24619,269,1172,144,460
11634,24619,267,1171,145,450
11641.7,24715,264,1170,144,460
11648.6,24699,262,1170,144,460
11656.2,24763,260,1169,144,460
11664.1,24827,258,1168,144,460
11670.7,24699,255,1168,142,450
11679.4,24667,253,1167,142,450
11686.6,24619,251,1166,142,450
11693.9,24635,249,1165,142,450
11701.5,24539,247,1164,142,450
11708.4,24587,245,1162,142,450
11716.1,24603,242,1161,142,450
11723,24539,240,1160,141,450
11730.7,24587,238,1158,141,450
11738.1,24539,237,1156,140,460
11745.2,24587,235,1155,140,460
11752.8,24667,233,1153,140,460
11760.5,24683,231,1151,140,460
11767.3,24635,230,1149,139,450
11774.9,24667,228,1147,139,450
11782.9,24731,226,1145,138,460
11789.1,24747,224,1143,138,460
11798.9,24763,222,1140,138,460
11804.9,24843,221,1138,137,450
11811.5,24859,219,1135,137,450
11819.6,24859,218,1133,137,450
11827.2,24747,217,1130,136,460
11833.9,24779,216,1127,135,450
11841.8,24731,215,1125,135,450
11849.4,24699,214,1122,135,450
11856.1,24667,213,1119,135,450
11864,24619,213,1116,135,450
11871.6,24619,213,1113,134,450
11879.2,24571,213,1110,134,450
11886,24587,213,1108,133,450
11893.9,24603,213,1105,133,450
11901.6,24571,213,1102,133,450
11908.2,24619,213,1100,133,450
11916,24651,214,1097,132,460
11922.8,24715,214,1094,132,460
11930.9,24747,215,1091,132,460
11938.3,24763,216,1089,130,460
11945.1,24843,216,1086,130,460
11952.8,24859,217,1083,130,460
11961.5,24923,219,1081,129,460
11967.4,24923,220,1079,129,460
11976.1,24955,222,1077,127,460
11983,24859,223,1075,127,460
11989.7,24795,225,1073,127,460
11997.5,24827,227,1071,127,460
12005.4,24731,229,1070,126,470
12013,24715,231,1068,126,470
12019.7,24747,233,1067,126,470
12027.6,24747,236,1066,127,480
12035.2,24715,239,1065,127,480
12042.1,24843,242,1064,127,480
12049.7,24859,245,1063,126,480
12057.5,24987,248,1062,127,490
12064.4,25099,252,1062,127,490
12072.9,25163,255,1061,127,490
12079.7,25307,259,1061,128,490
12086.4,25419,262,1061,128,490
12094.2,25371,266,1061,127,500
12101.6,25339,269,1062,127,500
12108.8,25339,272,1062,127,500
12116.6,25291,275,1063,127,500
12124.3,25339,277,1064,127,500
12130.9,25419,280,1064,128,500
12138.7,25451,283,1065,128,500
12146.3,25547,285,1066,128,500
12153.2,25611,287,1067,128,500
12161,25627,289,1068,128,500
12169.6,25691,291,1069,128,500
12175.4,25787,293,1069,128,500
12183.2,25803,295,1070,128,500
12191.1,25883,296,1071,128,500
12198.5,25931,298,1071,128,500
12205.4,25931,299,1071,128,500
12213.2,25963,300,1072,129,510
12220.1,25947,301,1072,129,510
12228.4,25963,303,1072,129,510
12235.4,25947,304,1073,130,510
12242.2,26011,304,1073,130,510
12250.6,26027,305,1073,130,510
12257.5,25995,305,1073,129,510
12266.5,25451,308,1075,129,510
12272.1,23434,310,1076,129,510
12279.8,18952,312,1079,129,510
12287.6,2945,314,1083,129,510
12762.2,6498,338,1232,139,430
12768.8,8467,338,1232,139,430
12776.4,10468,337,1233,139,430
12784.2,11621,337,1233,139,440
12791.9,12229,337,1233,139,440
12798.5,13190,337,1233,139,440
12806.2,14086,337,1233,139,440
12813.6,14726,337,1233,139,440
12821.7,15431,337,1234,139,440
12829.3,16135,337,1234,139,440
12835.2,16535,337,1234,139,440
12842.9,16775,337,1234,139,440
12850.5,16903,337,1234,140,430
12857.4,17031,337,1234,140,430
12865.3,16951,337,1233,140,430
12872.8,17047,337,1232,140,430
12880.6,17335,337,1231,140,430
12887.1,17752,337,1230,140,430
12894.8,18408,338,1228,141,440
12901.6,18904,338,1225,141,440
12910,19320,339,1223,141,440
12916.9,19881,339,1220,141,440
12923.8,20441,340,1218,140,450
12931.4,20953,341,1215,140,450
12939.1,21289,341,1212,140,450
12947.3,21593,342,1209,140,450
12954.1,21866,343,1205,139,450
12962,22202,343,1202,139,450
12968.6,22474,344,1199,139,450
12977.3,22810,345,1196,138,460
12984.2,22970,346,1193,138,460
12991.7,23114,346,1190,137,460
12998.7,23274,347,1187,137,460
13007.1,23402,348,1185,137,460
13014.2,23482,348,1182,137,460
13020.9,23594,349,1180,137,470
13028.6,23802,349,1177,137,470
13035.6,24123,350,1174,137,470
13044.4,24267,350,1172,137,470
13050.9,24443,350,1169,136,480
13058.8,24523,350,1166,136,480
13065.4,24715,350,1163,136,480
13073.2,24907,350,1160,136,480
13081,25051,350,1156,136,480
13088.4,25083,350,1153,135,490
13095.4,25307,350,1149,135,490
13103.6,25403,350,1145,135,490
13110.1,25531,350,1142,134,490
13117.7,25659,350,1138,134,490
13125.6,25755,349,1135,133,500
13132.2,25723,349,1132,133,500
13140.1,25659,349,1129,133,500
13147.7,25643,349,1126,132,500
13154.6,25659,349,1123,132,500
13162.1,25643,349,1120,132,500
13169.9,25611,349,1118,132,500
13176.7,25659,350,1115,130,510
13185.1,25627,350,1112,130,510
13192.1,25659,350,1109,130,510
13200.8,25723,350,1106,130,510
13206.4,25787,350,1103,129,510
13214.4,25771,350,1100,129,510
13221.3,25835,350,1097,129,510
13229,25899,350,1094,128,520
13236.7,25995,350,1090,128,520
13243.6,26091,350,1087,128,520
13251.4,26220,350,1084,127,520
13258.9,26380,350,1081,127,520
13266.9,26572,350,1078,125,530
13273.4,26524,350,1075,125,530
13281.9,26540,350,1073,125,530
13288,26508,350,1070,124,530
13296.3,26524,351,1068,123,520
13303.5,26428,351,1066,123,520
13310.3,26428,352,1064,123,520
13318,26444,352,1062,122,530
13325.4,26476,352,1060,122,530
13333.5,26428,353,1058,122,530
13340.4,26492,353,1057,122,530
13347.9,26508,353,1056,122,530
13354.7,26460,354,1055,122,530
13362.4,26508,354,1055,121,530
13370.3,26524,354,1055,121,530
13377.4,26556,354,1055,121,530
13385.5,26572,354,1055,121,530
13392.8,26075,354,1055,121,530
13400.3,25483,354,1057,121,530
13407.1,24363,354,1060,119,530
13414.6,21561,354,1065,119,530
13422.2,16359,354,1071,119,530
13429.3,6274,354,1080,119,530
13741.3,10580,385,1240,141,430
13755.4,11157,385,1240,140,430
13762.4,12005,385,1240,140,430
13770,12581,384,1243,141,440
13777.6,13093,384,1243,141,440
13785.5,13654,384,1243,141,440
13792.4,14038,384,1243,141,440
13799.9,14230,384,1243,141,440
13807.3,14358,384,1243,141,440
13815.3,14534,384,1243,141,440
13822,14614,384,1243,141,440
13828.9,14694,384,1242,141,440
13836.2,15158,384,1242,141,440
13844.6,15671,384,1240,141,440
13852,16231,384,1239,141,440
13858.9,17111,384,1237,141,440
13867.7,18344,385,1234,141,440
13874,18968,385,1231,142,430
13880.8,19833,385,1229,142,440
13888.7,20249,385,1226,142,440
13896.5,20569,385,1223,142,440
13904.2,20921,385,1220,142,440
13911.1,21385,385,1218,142,440
13918.6,21689,385,1215,141,450
13926.4,21930,385,1212,141,450
13933,22154,386,1209,142,450
13941,22314,386,1206,141,460
13947.6,22458,386,1203,141,460
13955.6,22762,386,1201,141,460
13963.1,23050,386,1198,140,470
13970.8,23354,387,1195,140,470
13977.7,23546,387,1193,140,470
13985.4,23770,387,1190,139,470
13992.2,23850,387,1188,139,470
13999.9,23882,388,1186,139,470
14007.8,24059,388,1183,139,470
14014.5,24187,388,1181,139,470
14022,24331,388,1178,139,470
14029.9,24523,388,1176,138,480
14037.9,24747,389,1173,138,480
14044.5,24939,389,1171,139,480
14052,25067,389,1169,139,480
14058.9,25211,389,1166,139,480
14067.6,25355,389,1164,138,490
14074.6,25403,389,1162,138,490
14081.1,25483,389,1159,138,490
14088.9,25611,389,1157,138,490
14096.7,25691,389,1154,137,500
14104.4,25787,389,1152,137,500
14111.2,25883,390,1149,137,500
14119.1,26043,390,1146,136,500
14126.6,26171,390,1143,136,500
14134,26332,390,1140,136,500
14141.1,26556,390,1137,135,510
14148,26732,390,1134,135,510
14155.8,26700,390,1132,135,510
14163.5,26716,390,1129,135,510
14171.3,26764,390,1126,134,510
14178.2,26812,390,1124,134,510
14185.8,26860,390,1121,134,510
14193.5,26908,390,1119,134,510
14200.3,26940,390,1116,133,520
14208.1,27052,390,1113,133,520
14216,27036,391,1111,133,520
14222.4,27180,391,1108,133,520
14231.1,27260,391,1105,131,520
14237.9,27404,392,1102,131,520
14244.7,27516,392,1099,131,520
14252.5,27612,393,1096,130,530
14260.2,27708,393,1093,130,530
14267.2,27820,394,1090,130,530
14274.7,27916,394,1087,129,530
14282.4,27964,395,1084,129,530
14289.4,28124,396,1081,128,540
14296.9,28156,396,1078,128,540
14304.8,28188,397,1076,128,540
14311.7,28140,397,1074,126,540
14319.1,28156,397,1072,125,540
14327.8,28108,397,1070,125,540
14333.8,28124,398,1068,125,540
14341.4,28156,398,1067,124,540
14349.5,28188,398,1067,124,540
14356.7,28156,398,1066,124,540
14363.6,28204,398,1066,124,540
14371.6,28220,398,1066,124,540
14378.3,28268,398,1066,124,540
14386,28284,398,1066,124,540
14394,28076,398,1066,123,550
14400.4,27052,398,1066,123,550
14409.1,25211,398,1068,123,550
14415.8,20169,398,1071,123,550
14424,8756,398,1075,122,540
14809.3,12581,445,1148,130,500
14816.4,12693,445,1148,132,500
14823.9,13414,445,1148,132,500
14831.8,13974,445,1148,132,500
14838.5,14358,444,1150,132,500
14845.8,15174,444,1150,132,500
14853.7,15959,444,1151,132,500
14860.9,16647,444,1152,132,500
14868.2,17367,444,1153,132,500
14876.3,17880,444,1154,132,500
14882.8,18424,444,1155,132,500
14890.7,18808,444,1156,132,500
14898.5,19368,445,1157,132,500
14904.7,19929,446,1159,132,500
14912.7,20361,447,1161,133,510
14920.4,20473,449,1162,134,500
14928.1,20553,451,1164,134,500
14934.9,20745,453,1166,134,500
14942.6,20809,455,1168,134,500
14949.4,21161,457,1170,135,500
14957,21593,460,1171,136,500
14964.8,21898,462,1173,136,500
14972.3,22074,465,1174,137,500
14979.2,22186,468,1174,137,500
14988.3,22234,471,1175,137,500
14993.9,22346,474,1175,137,500
15001.7,22426,477,1175,138,490
15009.5,22554,480,1175,138,490
15016.2,22698,483,1175,138,490
15024,22890,486,1174,140,500
15031.7,22938,489,1173,140,500
15038.1,23114,492,1172,140,500
15045.9,23210,495,1171,140,500
15053.3,23306,498,1170,140,500
15059.9,23418,501,1169,141,500
15068.7,23498,503,1167,141,500
15075.4,23786,505,1166,141,500
15082.3,24026,507,1164,141,500
15090,24107,509,1162,142,500
15097.6,24283,511,1161,142,500
15104.7,24459,512,1159,141,510
15112.5,24683,514,1156,141,510
15120.1,24795,515,1154,142,520
15127.8,24971,516,1151,142,520
15134.6,25099,517,1148,141,520
15142.5,25323,517,1145,141,520
15150.2,25467,518,1142,141,520
15156.9,25675,518,1138,141,520
15166,25899,518,1134,140,530
15171.8,25915,518,1130,140,530
15179.7,25963,518,1127,140,530
15187.8,26075,518,1123,139,540
15194.6,26171,518,1119,139,540
15202.3,26268,517,1115,139,540
15209.8,26348,516,1111,137,540
15217.5,26556,515,1108,137,540
15224.3,26700,514,1105,137,540
15231.8,26812,513,1102,136,550
15239.6,26924,512,1099,136,550
15246.8,27052,510,1096,136,550
15254.1,27132,509,1094,135,550
15261.1,27196,507,1091,135,550
15268.6,27228,505,1089,135,550
15276.1,27324,502,1087,134,560
15284.2,27484,500,1085,132,550
15290.9,27532,497,1083,131,560
15298.6,27580,494,1081,131,560
15306.4,27644,492,1079,131,560
15313.1,27580,489,1078,129,560
15321,27612,486,1077,129,560
15329,27548,483,1076,129,560
15335.4,27596,480,1076,129,560
15343.8,27644,477,1075,129,560
15350.9,27644,475,1075,127,550
15357.7,27724,472,1075,127,550
15365.3,27772,469,1075,127,550
15373.2,27852,466,1075,127,550
15380.8,27884,463,1076,126,560
15387.7,27932,460,1076,125,550
15395.5,27980,457,1077,125,550
15401.9,28092,453,1078,125,550
15409.8,28092,450,1079,125,550
15417.6,28188,448,1081,125,550
15424.7,28236,445,1083,126,540
15432.1,28060,443,1084,126,540
15440.2,27868,440,1087,126,540
15447.5,27788,438,1089,126,540
15454.6,27740,437,1092,125,540
15466.2,27644,435,1094,125,540
15470.3,27612,433,1097,125,540
15477.8,27612,432,1100,125,540
15484.6,27660,431,1103,127,530
15491.4,27660,430,1107,125,530
15499.2,27660,429,1111,125,530
15507,27644,429,1115,125,530
15514.7,27708,428,1119,127,520
15521.3,27676,428,1123,127,520
15529.2,27740,428,1127,128,520
15537.6,27836,428,1130,128,520
15543.8,27884,429,1134,128,520
15551.7,27932,429,1137,129,510
15559.3,27980,430,1140,129,510
15565.9,27948,431,1143,130,510
15573.7,27868,432,1146,130,510
15581.5,27836,433,1148,130,510
15588.1,27724,434,1150,132,500
15597.3,27724,435,1152,132,500
15604,27740,436,1153,132,500
15610.8,27724,437,1155,132,500
15618.2,27724,438,1156,133,500
15626.1,27468,438,1157,133,500
15633.2,27004,438,1157,133,500
15640.6,26556,440,1159,133,500
15648.7,26107,440,1160,133,500
15655.2,25531,440,1160,134,490
15663,24795,441,1161,134,490
15670.8,23594,442,1162,134,490
15677.6,22314,443,1163,134,490
15685.2,19721,444,1163,134,490
15693,15959,446,1164,134,490
15699.7,9716,447,1166,135,490
17595.2,13478,551,1256,138,440
17603,13574,551,1257,137,440
17611.1,14454,550,1257,138,450
17618.5,15158,550,1258,138,450
17625,15367,550,1258,139,450
17640.8,15767,550,1258,139,450
17647.8,16343,550,1258,139,450
17655.1,16775,550,1258,139,450
17663,16967,550,1257,139,450
17669.6,17560,551,1256,139,450
17677.4,18296,551,1254,139,450
17685.1,18936,552,1252,139,450
17691.8,19464,553,1249,140,460
17699.5,19881,554,1247,140,460
17706.6,20521,555,1244,140,460
17714,21609,557,1241,140,460
17721.6,21994,558,1238,139,460
17729,22298,559,1234,139,460
17736.6,22666,560,1231,139,460
17744.6,22954,561,1227,139,460
17752.4,23306,562,1224,138,470
17759.3,23674,563,1221,139,470
17767,24107,564,1217,139,470
17773.9,24443,565,1214,138,480
17781.6,24859,566,1210,138,480
17789.7,25275,567,1206,137,480
17796.2,25643,568,1202,137,480
17804.8,25979,570,1198,136,490
17812.2,26476,571,1193,136,490
17819.8,26812,572,1189,135,500
17827,26732,573,1186,135,500
17834.7,26828,574,1182,134,500
17842.6,26828,575,1178,134,500
17849.4,26924,576,1173,133,510
17857.4,27116,576,1169,134,510
17865.3,27212,577,1165,134,510
17872,27340,577,1161,133,520
17879.8,27452,578,1157,133,520
17887.6,27612,579,1153,133,520
17894.5,27916,579,1149,131,520
17903.3,28092,580,1145,131,520
17910.2,28236,580,1141,131,520
17917.7,28413,581,1137,130,530
17924.8,28621,581,1133,130,530
17932.7,28509,582,1129,129,530
17939.7,28493,583,1126,129,530
17947.5,28573,583,1122,128,540
17955.2,28541,584,1118,128,540
17962.9,28541,585,1114,128,540
17970.4,28637,585,1110,126,540
17978,28701,586,1107,126,540
17985.2,28813,587,1103,126,540
17992.6,28925,588,1100,125,550
18001.5,28957,588,1096,125,550
18008.2,29053,589,1093,125,550
18015.1,29149,589,1090,123,550
18023.1,29229,590,1087,123,550
18030,29325,590,1085,123,550
18038.3,29421,591,1083,121,550
18046.1,29453,591,1081,121,550
18053.1,29501,591,1079,121,550
18060.7,29389,591,1078,120,550
18068.6,29421,592,1077,120,550
18076.1,29405,592,1077,120,550
18083.5,29389,592,1076,120,550
18097.5,29325,592,1076,120,550
18105.5,29405,592,1076,120,550
18112.6,29389,592,1076,120,550
18120.9,29405,592,1076,119,540
18127.6,29389,592,1076,119,540
18149.6,29389,593,1077,119,540
18157.1,29405,593,1079,119,540
18165.1,29533,594,1081,119,540
18171.8,29629,596,1084,119,540
18180.3,29549,598,1088,119,540
18187.3,29469,600,1092,119,540
18194.2,29309,602,1096,119,540
18202.2,29213,604,1100,119,540
18209.9,29197,605,1104,120,540
18216.9,29149,607,1108,121,550
18224.8,29117,608,1112,123,550
18233.1,29069,609,1116,123,550
18240.1,29069,610,1120,124,540
18247.7,29085,611,1124,124,540
18255.5,29133,612,1128,125,550
18262.4,29149,613,1132,126,540
18269.7,29229,614,1136,126,540
18278.3,29213,615,1140,128,540
18285.7,29229,616,1143,128,540
18292.3,29117,616,1147,129,530
18300.7,29037,617,1150,129,530
18307.5,29021,618,1153,129,530
18315.5,29005,619,1156,131,540
18323.2,28941,620,1158,131,540
18330.4,28957,621,1161,131,540
18338,28925,623,1165,133,530
18345.9,28957,624,1168,133,530
18352.6,28973,625,1171,134,520
18360.8,29037,626,1174,134,520
18368.2,29037,628,1178,134,520
18377.2,29101,629,1180,135,520
18383.8,29181,630,1182,135,520
18390.8,29181,631,1184,135,520
18398.8,29261,631,1185,136,510
18405.6,29229,632,1186,137,520
18413.6,29277,632,1187,137,520
18420.3,29229,632,1187,137,520
18428,29277,632,1187,137,520
18435.8,29229,632,1187,138,510
18442.6,29165,633,1187,138,510
18450.6,29101,633,1187,138,510
18458.7,29021,633,1187,138,510
18465.9,28989,633,1187,138,510
18472.9,28861,633,1187,138,510
18480.4,28717,634,1186,138,510
18487.3,28669,635,1184,138,510
18495.4,28701,636,1183,138,510
18503.1,28717,638,1180,138,510
18509.9,28765,640,1178,140,520
18517.4,28781,641,1175,140,520
18525.6,28749,643,1172,140,520
18532.6,28701,645,1169,140,520
18540.3,28701,646,1165,140,530
18547.9,28685,647,1162,140,530
18556.4,28621,649,1159,140,530
18562.7,28669,650,1156,140,530
18571,28733,651,1152,139,540
18578.4,28749,652,1149,139,540
18585.6,28813,653,1146,139,540
18593.2,28829,654,1143,137,540
18601.1,28957,655,1140,137,540
18608,28957,656,1137,137,540
18615.6,28861,657,1134,136,550
18623.5,28797,659,1132,136,550
18630.4,28749,660,1129,136,550
18638.2,28717,661,1127,136,550
18646.1,28717,661,1125,135,550
18653.9,28669,662,1123,135,550
18660.9,28717,663,1121,135,550
18669,28701,664,1119,135,550
18675.5,28749,664,1117,134,560
18683.4,28797,665,1115,132,550
18691.1,28781,666,1114,132,550
18699,28829,666,1112,132,550
18706,28797,667,1111,132,550
18713.9,28813,667,1110,131,560
18720.7,28877,667,1109,131,560
18728.5,28829,668,1108,131,560
18736.3,28909,668,1107,131,560
18743.2,28845,668,1106,131,560
18751.7,28909,669,1106,131,560
18758.7,28893,669,1106,131,560
18765.8,28925,669,1105,131,560
18781.5,28909,669,1105,131,560
18788.2,28925,669,1105,131,560
18796.3,28941,669,1105,131,560
18804.1,28957,669,1105,131,560
18810.7,28973,669,1105,131,560
18818.2,29005,669,1105,131,560
18826,29021,669,1105,131,560
18833.6,29053,669,1105,130,560
18840.4,29085,669,1105,130,560
18848,29133,669,1105,130,560
18855.7,29181,669,1105,130,560
18862.1,29245,669,1106,130,560
18870.3,29309,669,1107,130,560
18878.2,29325,669,1109,130,560
18885.1,29341,669,1111,130,560
18892.9,29341,669,1114,130,560
18900.6,29341,669,1117,130,560
18907.8,29357,669,1120,130,560
18915.8,29373,669,1123,131,560
18923.4,29405,668,1126,131,560
18930.7,29389,668,1130,131,560
18937.9,29469,668,1133,131,560
18946.5,29501,668,1137,132,570
18952.3,29613,668,1142,134,560
18959.9,29613,667,1146,134,560
18968.2,29421,667,1151,134,560
18975,29309,667,1156,135,550
18982.8,29261,667,1161,135,550
18991,29197,667,1165,138,550
18998,29261,667,1169,138,550
19005.9,29261,667,1173,139,550
19013.9,29325,667,1176,140,540
19020.5,29373,667,1180,140,540
19028.5,29421,667,1183,141,530
19036.3,29437,667,1186,141,530
19043.2,29453,667,1189,142,530
19051.1,29469,668,1193,143,530
19058.6,29581,668,1196,143,530
19065.7,29677,668,1199,145,530
19073.3,29501,668,1203,145,530
19081.1,29405,668,1206,145,530
19088,29357,668,1209,146,520
19095.9,29261,668,1213,146,520
19103.5,29293,668,1216,147,510
19111.3,29277,667,1219,147,510
19118.1,29261,667,1222,148,500
19126.2,29277,666,1226,148,500
19132.8,29277,665,1229,148,500
19142.1,29341,664,1233,148,500
19148.3,29389,664,1236,149,490
19156,29453,663,1239,149,490
19163.1,29469,662,1242,149,490
19170.9,29485,661,1244,150,480
19178.6,29565,661,1247,150,480
19185.4,29629,660,1249,150,480
19192.9,29597,659,1251,151,470
19199.8,29661,659,1253,151,470
19207.8,29725,658,1255,151,470
19215.3,29581,657,1257,151,470
19223.4,29501,657,1259,152,460
19229.8,29437,656,1261,152,460
19237.7,29405,656,1262,152,460
19245.3,29405,655,1264,152,460
19251.9,29357,655,1265,153,460
19260,29373,655,1266,153,460
19267.5,29421,654,1267,153,460
19274.5,29421,654,1268,153,460
19282.2,29357,654,1268,153,460
19290,29389,653,1269,154,450
19296.7,29373,653,1270,154,450
19304.5,29389,653,1270,154,450
19312,29309,653,1270,154,450
19319.2,29229,653,1271,154,450
19326.7,28717,652,1271,154,450
19333.9,27996,652,1271,154,450
19341.1,26860,652,1271,154,450
19349,24747,652,1271,154,450
19360.7,20297,651,1270,154,450
19364.1,13878,650,1269,154,450
19836,11637,710,1160,137,500
19844.2,11701,710,1161,136,500
19851,11669,710,1162,137,510
19858.8,11877,710,1163,137,510
19866.5,12645,710,1164,137,510
19873.8,13718,710,1165,138,510
19881.3,14806,710,1167,138,510
19889.2,15879,710,1168,138,510
19896,16903,710,1170,138,510
19904.4,17976,711,1171,138,510
19911.2,18728,712,1173,140,510
19918.8,19032,713,1174,140,510
19926.8,19384,715,1176,140,510
19934.5,19801,717,1177,140,510
19941.6,20153,719,1178,140,510
19949.2,20585,721,1179,141,500
19957,20889,724,1179,141,500
19963.9,21177,726,1180,141,500
19971.8,21321,729,1180,141,500
19979.9,21449,731,1180,141,500
19986.8,21609,734,1180,143,500
19994.5,21833,736,1179,143,500
20002,21962,738,1178,143,500
20009.2,22074,741,1177,143,500
20017.2,22314,743,1176,143,500
20025.1,22538,745,1174,144,500
20031.9,22698,747,1173,144,500
20039.7,22810,749,1171,144,500
20047.5,23002,751,1170,144,500
20054.7,23322,752,1168,145,510
20062.4,23466,753,1166,145,510
20070.3,23802,755,1165,144,510
20077,24010,756,1163,144,510
20085,24155,757,1161,144,510
20092.7,24299,758,1159,144,510
20099.8,24459,759,1157,144,510
20107.7,24731,760,1155,143,520
20115.4,24907,760,1152,143,520
20122.3,25291,761,1150,143,520
20130.1,25579,761,1147,142,530
20137.9,25787,761,1144,142,530
20145.1,26091,761,1141,142,530
20152.7,26284,761,1138,142,530
20160.3,26492,761,1135,141,530
20168.1,26524,760,1132,141,530
20175.3,26652,759,1129,141,530
20183.3,26780,758,1126,141,530
20190,26908,757,1123,140,540
20197.5,27004,756,1120,140,540
20205.9,27036,754,1117,140,540
20213.7,27116,752,1114,140,540
20220.8,27164,751,1111,140,540
20228.7,27292,749,1108,139,550
20236.5,27404,747,1106,139,550
20243.3,27484,744,1104,139,550
20251.4,27628,742,1102,139,550
20258.6,27676,740,1100,136,550
20266,27772,738,1098,136,550
20273.3,27836,736,1097,136,550
20281.5,27980,733,1096,135,550
20288.1,28060,730,1095,135,550
20295.8,28140,727,1094,134,550
20302.6,28204,725,1094,134,550
20310.4,28284,722,1093,132,550
20318.4,28300,719,1093,132,550
20326.4,28396,717,1094,132,550
20337.4,28461,714,1094,131,550
20345.2,28445,712,1095,131,550
20350.4,28525,710,1097,131,550
20357.3,28493,707,1098,131,550
20364.7,28477,705,1100,131,550
20371.7,28541,703,1102,131,550
20378.5,28525,701,1105,131,550
20386.4,28493,699,1107,131,550
20394,28332,698,1110,131,550
20401.3,28332,696,1113,131,540
20409.2,28348,694,1117,131,540
20416.7,28316,693,1120,131,540
20424.7,28364,692,1124,131,540
20431.4,28396,691,1127,133,530
20439.6,28445,690,1130,131,520
20446.9,28557,689,1133,131,520
20454.2,28605,688,1136,131,520
20462.8,28637,688,1139,133,520
20469.9,28653,688,1142,133,520
20476.9,28557,688,1145,132,510
20484.6,28396,688,1148,132,510
20492.1,28332,689,1151,133,510
20499.3,28316,690,1154,134,510
20507.1,28236,690,1154,135,510
20514.1,28236,694,1159,135,510
20521.8,28140,696,1162,135,510
20529.8,27420,699,1164,136,500
20536.7,26556,702,1166,137,510
20545.2,25531,705,1168,138,500
20552.1,23466,707,1169,138,500
20561,19769,710,1170,138,500
20566.9,12293,713,1171,140,500
20800.1,16247,782,1186,143,500
20807.7,16311,782,1186,143,500
20814.2,16551,782,1186,144,490
20821.9,17239,782,1186,145,500
20829.5,18248,782,1187,144,500
20836.6,19240,782,1187,145,510
20844,20025,782,1187,145,510
20852.1,20777,782,1187,145,510
20859,21065,782,1187,145,510
20866.1,21049,782,1185,145,510
20874.3,21737,782,1184,145,510
20882,22458,783,1181,148,500
20889,23098,783,1178,148,500
20896.7,23610,784,1175,148,500
20903.9,24043,784,1171,148,500
20912.7,24411,785,1168,147,510
20919.4,24763,786,1164,148,510
20926,25083,787,1161,148,510
20935.2,25499,788,1157,148,510
20941.7,25787,789,1154,147,520
20951.1,26252,790,1150,147,520
20956.3,26524,791,1147,147,520
20964.1,26620,792,1143,146,530
20971.1,26892,793,1140,146,530
20978.8,27148,794,1137,145,540
20986.6,27276,795,1134,145,540
20994.3,27324,795,1132,144,540
21001.3,27388,796,1129,144,540
21010.1,27548,796,1127,144,540
21017.1,27612,797,1124,143,550
21023.7,27772,797,1122,141,550
21032.4,27884,798,1119,141,550
21039.3,27996,798,1117,143,550
21046.1,28076,799,1115,141,560
21054,28220,799,1112,141,560
21061.8,28300,800,1110,141,560
21068.7,28413,800,1108,141,560
21076.4,28573,800,1106,140,560
21084.2,28621,801,1104,140,560
21091.1,28701,801,1102,140,560
21098.9,28765,801,1101,140,560
21106.6,28813,802,1099,140,560
21114.2,28829,802,1098,139,570
21121.3,28845,802,1097,139,570
21129.9,28861,802,1097,139,570
21136.8,28829,802,1097,139,570
21151.5,28829,802,1097,138,580
21158,28653,802,1097,138,580
21165.8,27948,802,1097,138,580
21173.5,26636,802,1099,136,570
21180.2,23786,802,1099,136,570
21188,18664,800,1105,136,570
21195.9,5826,799,1110,136,570
21450.5,15078,787,1190,146,480
21457.7,14854,787,1190,145,480
21465.5,14902,787,1190,146,490
21473,15046,787,1190,146,500
21480,15319,787,1190,146,500
21487.7,15783,790,1192,148,500
21495.1,16551,792,1192,148,500
21502.7,17447,795,1193,148,500
21509.9,18248,797,1193,148,500
21518,18888,800,1193,148,500
21525.8,19352,802,1193,148,500
21532.9,19801,805,1193,148,500
21541,20425,808,1193,149,510
21547.4,21193,811,1193,149,510
21555.2,21689,814,1193,149,510
21562.8,22026,817,1193,149,510
21569.6,22474,820,1193,149,510
21577.8,23002,822,1193,149,510
21586,23354,825,1193,151,500
21593.4,23722,827,1193,151,500
21600.7,23930,828,1194,151,500
21608.4,24187,830,1194,151,500
21615.5,24379,830,1194,151,500
21622.5,24779,831,1194,151,500
21630.6,25147,831,1194,151,500
21637.3,25291,831,1194,151,500
21645.3,25355,831,1194,151,500
21652.8,25499,832,1194,151,500
21660.6,25531,832,1194,151,500
21667.3,25563,832,1194,151,500
21675,25531,832,1194,151,500
21683,25467,832,1194,151,500
21690.5,25515,832,1193,151,500
21697.5,25467,832,1192,151,500
21704.1,25467,832,1191,151,500
21711.8,25691,832,1190,151,500
21719.8,25755,832,1189,151,500
21727.6,25931,831,1187,151,500
21734.8,26139,830,1185,151,500
21742.3,26284,829,1182,150,510
21750.3,26476,828,1180,150,510
21757.2,26556,826,1177,150,510
21765.1,26700,825,1174,150,510
21772.9,26908,823,1171,150,510
21780.6,27036,822,1169,150,510
21787.4,27212,821,1166,149,520
21795.5,27292,820,1164,149,520
21802.4,27468,819,1162,149,520
21810,27532,818,1160,149,520
21818,27676,817,1158,147,520
21824.7,27772,817,1156,147,520
21832.8,27772,817,1154,147,520
21840.5,27884,816,1152,147,520
21847.3,28028,816,1150,146,530
21855.3,28108,816,1148,146,530
21863,28204,816,1147,146,530
21869.9,28284,816,1145,146,530
21878,28445,816,1143,145,540
21885.7,28509,816,1141,145,540
21892.2,28653,817,1139,145,540
21900.2,28701,817,1137,145,540
21908.2,28669,818,1136,145,540
21914.9,28749,819,1134,144,540
21922.8,28733,819,1133,144,540
21931,28765,820,1131,144,540
21938,28781,821,1130,144,540
21945.9,28813,822,1129,144,540
21953.6,28861,823,1128,144,540
21961.5,28861,824,1127,144,540
21968,28845,825,1126,144,540
21976.2,28845,826,1126,144,540
21982.8,28973,828,1125,144,540
21990.2,28973,829,1125,143,550
21998.3,28989,830,1125,143,550
22005.1,29037,831,1125,144,560
22013,29053,833,1125,144,560
22020.7,29037,834,1125,144,560
22027.7,29133,835,1125,144,560
22035.6,29149,837,1125,144,560
22043.4,29085,838,1125,144,560
22050.3,29101,839,1126,144,560
22058.6,29133,841,1126,145,560
22065.9,29133,842,1126,145,560
22072.6,29149,843,1126,145,560
22080.5,29085,844,1126,145,560
22088.1,29101,844,1127,145,560
22095.5,29117,845,1127,145,560
22103.2,29133,846,1127,145,560
22110.8,29101,846,1127,145,560
22118.8,28637,847,1127,145,560
22125.6,27932,847,1127,145,560
22133.4,27052,847,1127,145,560
22141.1,25675,847,1127,145,560
22147.7,23722,847,1127,145,560
22155.8,19977,847,1128,145,560
22162.7,13654,847,1129,145,560
22805.8,11925,854,1275,149,420
22812.6,11957,854,1275,149,430
22821.4,12149,854,1275,149,430
22828.7,13430,854,1275,149,440
22835.1,14150,853,1275,150,440
22843.1,14582,853,1275,150,450
22849.9,15030,853,1275,150,450
22857.6,15591,853,1275,150,450
22865.4,16487,853,1275,151,450
22872.7,17287,853,1274,151,450
22879.5,18264,853,1273,151,450
22887.4,18920,854,1272,151,450
22895.1,19512,854,1270,151,450
22902,20073,855,1268,151,450
22909.6,20793,856,1266,152,450
22917.7,21561,856,1264,152,450
22924,22266,857,1261,151,460
22931.8,22778,858,1258,151,460
22939.5,23210,859,1255,151,460
22946.4,23642,860,1252,151,460
22954.2,24059,860,1249,151,460
22961.8,24251,861,1246,150,470
22968.6,24523,862,1243,150,470
22976.2,24859,862,1240,150,470
22984,25035,863,1236,150,480
22991,25179,864,1233,150,480
22999,25707,864,1230,150,480
23006.5,25995,865,1226,150,480
23015.3,26075,865,1223,149,490
23021.3,26300,865,1220,149,490
23028.8,26492,866,1216,149,490
23036.9,26780,866,1213,148,500
23043.4,27052,867,1210,148,500
23051.7,27276,867,1207,148,500
23058.7,27500,867,1204,148,500
23066.3,27612,868,1201,148,500
23074.4,27836,868,1198,147,510
23082.3,27964,868,1195,147,510
23088.7,28156,869,1192,146,520
23096.9,28236,869,1189,147,520
23103.8,28364,869,1187,147,520
23111.9,28429,869,1184,146,530
23119.2,28509,870,1180,146,530
23126.2,28621,870,1177,146,530
23134,28621,870,1174,146,530
23141.7,28733,870,1171,145,540
23148.7,28893,870,1167,145,540
23156.3,29037,870,1164,145,540
23164.3,29117,870,1161,145,540
23172.3,29245,870,1157,144,540
23178.7,29341,870,1154,144,540
23186.8,29421,870,1151,144,540
23193.9,29533,870,1148,143,550
23201.6,29677,870,1146,143,550
23209.6,29709,870,1143,141,560
23217.2,29789,871,1141,141,560
23224,29901,871,1138,141,560
23231.9,29965,871,1137,140,560
23239.7,29837,871,1135,140,560
23246.7,29773,871,1134,140,560
23254.4,29757,871,1132,140,560
23267.3,29725,871,1131,140,560
23270.1,29741,871,1130,139,570
23284.9,29757,871,1130,139,570
23292.1,29709,871,1129,139,570
23299.2,29725,871,1129,138,570
23308.2,29741,871,1129,138,570
23313.6,29421,871,1129,138,570
23321.5,28445,871,1129,138,570
23329.2,26828,871,1129,136,570
23336.2,24539,872,1133,136,570
23344,19368,873,1137,136,570
23352,9348,874,1143,136,570
23745.2,4129,930,1281,158,420
23753.5,5154,930,1281,158,420
23761.5,6162,930,1281,158,430
23767.7,10436,930,1281,158,430
23775.6,10820,930,1281,158,440
23783.2,11189,929,1282,158,440
23789.9,11989,929,1282,158,440
23797.4,12821,929,1282,159,450
23805.1,13526,929,1282,159,450
23811.8,13878,929,1282,159,450
23819.7,14054,929,1281,159,450
23827.8,14374,929,1281,159,450
23834.5,15222,929,1280,159,450
23842.1,16199,929,1279,159,440
23850,17079,930,1277,160,450
23857.9,17800,930,1275,160,450
23864.7,18824,930,1272,160,450
23873.2,19817,930,1269,160,450
23880.2,20697,931,1266,160,450
23887.1,21481,931,1262,160,460
23895.4,22202,931,1258,160,460
23902,22522,931,1253,160,460
23910.5,23082,931,1249,160,470
23917.5,23450,931,1244,160,470
23925.1,23786,932,1240,160,470
23932.1,24171,932,1235,160,480
23939.7,24539,932,1230,160,480
23947.5,24795,933,1226,160,480
23954.7,25067,933,1221,159,490
23961.9,25371,933,1217,159,490
23970,25707,934,1213,159,490
23976.7,26316,934,1208,159,500
23984.1,26636,935,1204,158,510
23991.9,26748,935,1200,158,510
23998.8,27020,935,1196,157,520
24006.6,27468,935,1192,157,520
24014.2,27500,936,1188,156,530
24021.1,27516,936,1185,156,530
24028.7,27628,936,1181,156,530
24036.3,27884,937,1178,156,530
24043.2,28060,937,1174,156,530
24051.5,28172,937,1171,155,540
24058.6,28236,937,1168,155,540
24065,28396,937,1165,155,540
24073,28573,938,1163,155,540
24081,28685,938,1160,154,550
24087.8,28813,938,1157,154,550
24095.6,28909,939,1155,154,550
24103.1,28989,939,1152,153,560
24110.9,29021,940,1150,153,560
24117.6,29149,940,1148,152,570
24125.1,29181,940,1146,152,570
24132.9,29261,940,1145,152,570
24140,29229,940,1144,152,570
24148.7,29277,940,1144,151,580
24154.5,29261,940,1143,151,580
24162,29325,940,1143,151,580
24177.6,29357,940,1143,151,580
24184.6,29469,940,1144,151,580
24192.3,29597,940,1145,151,580
24199.9,29661,940,1147,151,580
24206.4,29581,939,1150,151,580
24214.7,29517,937,1153,151,580
24221.3,29389,936,1156,151,580
24235.5,29405,935,1160,151,580
24236.1,29325,933,1164,151,580
24242,29261,932,1167,151,580
24250,29277,930,1171,152,570
24258,29229,929,1175,151,560
24265.5,29149,927,1179,151,560
24272.5,28989,925,1183,152,560
24280.2,28877,923,1187,152,560
24287.7,28781,920,1191,153,550
24295.5,28813,918,1194,153,550
24302.3,28845,916,1197,153,550
24309.3,28861,914,1199,153,540
24316.7,28733,912,1200,153,540
24324.9,28669,910,1202,152,540
24332,28653,908,1203,152,540
24338.9,28621,906,1204,152,540
24346.8,28541,905,1204,153,530
24354.1,28541,904,1204,153,530
24361.2,28509,902,1204,153,530
24369,28493,901,1204,153,530
24376.6,28461,899,1203,153,530
24384.4,28525,897,1201,153,530
24391,28573,895,1199,152,530
24398.8,28669,893,1197,152,530
24405.6,28685,891,1195,152,530
24414.3,28589,889,1194,152,530
24421.5,28493,888,1192,150,520
24427.8,28380,887,1190,149,530
24435.4,28316,886,1188,149,530
24443.4,28300,885,1186,148,530
24450.5,28220,885,1183,148,530
24458.7,28204,884,1181,148,530
24466.2,28140,884,1178,148,530
24473.2,28156,884,1175,147,520
24481.1,28108,884,1173,146,530
24489.1,28124,885,1170,146,530
24495.9,28124,886,1167,146,530
24503.7,28140,887,1165,146,530
24511.2,28172,889,1162,146,530
24518.4,28220,891,1160,145,540
24525.2,28236,893,1158,145,540
24533.3,28332,895,1155,145,540
24540.3,28332,897,1153,144,540
24548,28268,900,1152,144,540
24555.6,28204,902,1150,145,550
24562.6,28220,905,1149,145,550
24570.3,28220,907,1149,144,560
24577.9,28220,910,1148,144,560
24585.7,28300,912,1148,144,560
24592.6,28300,914,1148,144,560
24600.3,28300,916,1148,144,560
24607.9,28364,918,1148,144,560
24615.4,28348,920,1148,144,560
24622.3,28396,922,1148,144,560
24629.2,28413,924,1148,145,560
24637.1,28445,925,1148,145,560
24644.9,28413,926,1148,145,560
24651.6,28445,928,1148,145,560
24659.5,28493,929,1148,145,560
24667,28493,930,1149,145,560
24674.7,28509,931,1149,145,560
24681.4,28525,932,1149,145,560
24689.3,28541,932,1149,145,560
24696.6,28557,933,1149,145,560
24703.8,28140,934,1150,145,560
24712,27644,935,1150,145,560
24719.3,26812,937,1150,145,560
24726,25675,938,1150,145,560
24733.9,23770,939,1151,145,560
24741.8,19865,940,1151,145,560
24748.5,14038,940,1151,145,560
