8459.21,7891,134,1190,122,460
8466.18,8804,134,1190,121,460
8474.25,9540,134,1190,121,460
8482.18,11733,134,1190,121,460
8488.65,12485,134,1190,120,460
8496.93,13190,134,1190,119,450
8504.14,13894,134,1190,119,450
8510.86,14422,134,1190,119,450
8518.58,14838,134,1189,119,450
8526.39,15495,134,1189,119,450
8534.04,16183,134,1188,119,450
8540.97,17111,134,1188,119,450
8548.46,17848,134,1187,119,450
8555.06,18584,134,1185,119,450
8562.96,19096,134,1184,119,450
8570.73,19608,134,1182,119,450
8577.9,20153,134,1180,118,450
8585.36,20617,134,1178,118,450
8593.78,21097,134,1176,118,450
8599.95,21481,134,1174,118,450
8607.59,21833,134,1172,118,450
8615.48,22122,134,1170,117,460
8622.12,22346,134,1168,117,460
8629.92,22378,135,1166,117,460
8637.67,22426,135,1164,116,460
8644.51,22522,135,1163,116,460
8652.11,22682,136,1161,116,460
8659.85,22698,136,1160,115,460
8666.3,22874,136,1158,114,450
8674.88,23018,136,1156,113,460
8681.93,23242,137,1154,113,460
8688.7,23530,137,1152,113,460
8696.45,23866,137,1151,111,450
8704.38,24091,137,1148,111,450
8711.23,24267,137,1146,111,450
8719.06,24411,137,1144,111,450
8726.77,24523,137,1142,110,440
8733.13,24699,137,1140,110,440
8741.25,24795,137,1139,110,440
8748.9,24971,137,1137,110,440
8756.08,25019,138,1135,110,440
8763.28,25131,138,1134,110,440
8771.42,25131,138,1132,110,440
8777.94,25179,138,1130,110,440
8785.38,25243,138,1129,110,440
8793.11,25339,138,1127,109,440
8799.93,25339,138,1125,109,440
8807.75,25435,138,1123,109,440
8815.44,25499,138,1121,109,440
8823.29,25515,138,1119,109,440
8829.88,25515,138,1117,109,440
8837.88,25531,138,1116,109,440
8845.24,25499,139,1114,108,450
8852.29,25531,139,1113,108,450
8859.85,25547,139,1111,108,450
8868.16,25531,139,1110,108,450
8874.39,25563,139,1108,108,450
8882.13,25611,139,1107,108,450
8889.76,25611,139,1105,108,450
8896.67,25675,139,1104,108,450
8904.33,25723,139,1102,108,450
8911.94,25739,139,1101,106,440
8918.82,25739,139,1099,106,440
8926.76,25787,139,1098,106,440
8934.28,25803,139,1097,106,440
8941.04,25787,139,1096,106,440
8949.36,25819,139,1094,105,430
8956.63,25835,139,1093,105,430
8963.71,25835,139,1092,105,430
8971.16,25867,139,1091,105,430
8978.76,25883,139,1089,105,430
8985.67,25899,139,1087,105,430
8996.3,25979,139,1086,105,430
9001.45,25979,139,1084,105,430
9008.43,26059,139,1082,105,430
9016.24,26027,139,1081,105,430
9023.64,26107,139,1079,105,430
9030.53,26091,139,1078,105,430
9038.05,26043,139,1077,105,430
9046.12,26091,138,1076,105,430
9052.73,26075,138,1075,105,430
9060.68,26059,138,1074,105,430
9068.18,26027,138,1073,105,430
9075.09,25979,138,1072,105,430
9082.72,26043,138,1071,105,440
9090.57,26027,138,1070,105,440
9097.47,25947,138,1069,105,440
9105.02,25963,138,1067,105,440
9112.43,25963,138,1065,105,440
9119.3,25979,138,1063,105,440
9127.04,25995,138,1060,104,440
9134.8,25947,138,1057,104,440
9142.64,25963,138,1054,104,440
9149.4,25915,138,1050,104,440
9157.51,25931,138,1047,104,430
9164.06,25963,138,1045,103,430
9171.76,25979,138,1043,103,430
9179.41,26011,138,1041,103,430
9187.32,25995,138,1040,101,420
9194.09,25995,138,1039,101,420
9201.79,26027,138,1038,101,420
9216.16,26027,138,1037,101,410
9223.63,26027,138,1036,101,410
9237.9,26011,138,1035,101,410
9240.96,26043,138,1035,101,410
9246.28,26011,138,1035,101,410
9253.19,26091,138,1034,101,410
9276.02,26075,138,1034,101,410
9283.35,26091,138,1034,101,410
9291.08,26139,138,1034,101,410
9298.69,26155,138,1034,100,420
9305.36,25835,138,1035,100,420
9313.08,25051,137,1036,100,420
9320.71,23370,137,1038,100,420
9327.65,20937,136,1041,100,430
9335.99,16631,136,1041,100,430
9342.96,10981,133,1052,99,430
10693.1,8707,69,1183,107,460
10700.6,9236,68,1183,107,460
10707.4,10292,68,1183,107,460
10716,11141,68,1183,107,450
10722.7,11733,68,1183,107,450
10729.9,11941,68,1183,107,450
10737.1,11925,68,1183,107,450
10745.4,12053,68,1183,107,450
10751.7,12485,69,1183,107,450
10759.4,13077,70,1183,108,450
10767.1,13638,71,1183,108,450
10773.8,14182,72,1183,108,450
10781.6,14902,74,1184,108,450
10789.5,15463,75,1184,108,450
10796.2,15815,77,1184,109,440
10804,16247,79,1184,109,440
10811.7,16935,82,1185,109,440
10818.6,17576,84,1185,109,440
10826.8,18184,86,1185,109,440
10834,18760,88,1185,109,440
10840.8,19192,90,1185,109,440
10848.4,19544,92,1185,109,440
10856.2,19785,94,1185,109,440
10863,20057,96,1185,109,440
10870.8,20313,98,1185,109,440
10878.2,20553,100,1185,108,450
10886.3,20809,102,1185,108,450
10893.2,21033,104,1185,108,450
10900.8,21225,106,1185,108,450
10908.2,21369,108,1185,108,450
10923.5,21529,110,1185,108,450
10925.3,21721,112,1185,108,450
10929.9,21801,113,1185,108,450
10937.9,21898,115,1185,108,450
10945.6,22026,117,1185,108,450
10953.4,22170,119,1185,108,450
10960.1,22266,121,1185,108,450
10967.8,22442,123,1186,108,450
10975,22602,125,1186,108,450
10982.4,22666,127,1186,108,450
10990.2,22778,129,1186,108,460
10998,22810,131,1187,108,460
11004.9,22794,133,1187,108,460
11012.3,22810,135,1187,108,460
11020.5,22874,137,1188,108,460
11027.1,22906,138,1188,108,460
11034.7,22954,140,1188,108,460
11042.4,22890,142,1188,108,460
11049.2,22970,144,1188,108,460
11056.8,23002,146,1189,108,460
11064.6,23050,147,1189,108,460
11071.4,23050,149,1189,108,460
11079,23114,151,1189,108,460
11086.7,23146,153,1189,108,460
11093.1,23226,154,1189,108,460
11101.2,23178,156,1190,108,460
11109,23242,157,1190,108,450
11116.1,23274,159,1190,108,450
11123.4,23322,161,1190,108,460
11131.2,23338,163,1190,108,460
11138.8,23354,165,1191,108,460
11145.6,23370,167,1191,108,460
11153.3,23418,169,1191,108,460
11160,23530,171,1191,108,460
11167.8,23562,173,1192,109,450
11175.5,23562,174,1192,109,450
11182.3,23658,176,1192,109,450
11190.1,23626,178,1192,109,450
11198.2,23706,180,1192,109,450
11204.6,23690,182,1193,110,460
11212.5,23770,182,1193,110,460
11220.1,23818,185,1193,110,460
11226.8,23770,187,1193,110,460
11234.7,23802,189,1193,110,460
11242.3,23754,191,1193,110,470
11249.5,23690,193,1193,112,470
11256.7,23658,195,1193,112,470
11264.2,23690,197,1193,112,470
11272.2,23626,199,1193,112,470
11279,23642,201,1193,112,470
11286.7,23642,203,1193,112,470
11294.6,23658,205,1193,112,470
11301.1,23594,207,1192,112,480
11308.9,23610,209,1192,112,480
11315.8,23626,211,1192,112,480
11323.5,23594,213,1192,112,480
11331.3,23610,215,1192,112,480
11338.2,23658,217,1192,112,480
11345.9,23610,219,1191,113,490
11353.3,23610,221,1191,113,490
11360.5,23626,223,1191,113,490
11368.1,23658,225,1191,113,490
11375.9,23690,227,1191,113,490
11383.5,23626,229,1191,114,500
11391.3,23642,231,1190,114,500
11398,23722,233,1190,114,500
11404.8,23658,235,1190,115,500
11412.6,23690,236,1190,115,500
11420.3,23690,238,1190,115,500
11427.9,23754,239,1190,115,500
11434.7,23706,240,1190,115,510
11442.6,23690,241,1190,115,510
11450.2,23658,242,1190,115,510
11457.1,23690,243,1189,115,510
11464.8,23626,243,1189,115,510
11472.7,23578,244,1189,115,510
11479.1,23514,244,1189,115,510
11487.8,23546,244,1189,115,510
11501.2,23530,244,1189,115,510
11523.1,23578,244,1189,115,510
11531.1,23594,244,1189,115,510
11538.7,23610,244,1189,115,510
11545.6,23690,244,1189,115,510
11553.4,23594,244,1189,115,510
11560.9,22346,243,1188,114,510
11568,18872,242,1187,114,510
11575.3,12421,240,1186,114,510
13249.4,6178,239,1240,114,420
13256.3,7395,239,1241,114,420
13264,9012,239,1241,115,430
13271.8,10004,239,1241,115,430
13278.4,10276,239,1241,115,430
13286,10788,239,1241,115,430
13294.2,11461,239,1241,115,430
13301.8,11717,239,1241,115,430
13308.5,12245,239,1240,115,430
13317.1,13494,239,1240,115,430
13323.1,14118,239,1239,115,430
13330.8,14534,239,1238,116,440
13338.2,15062,239,1236,116,440
13345.2,15447,239,1235,116,440
13352.8,15815,239,1234,117,440
13360.7,16183,239,1232,116,440
13368.5,16551,239,1231,116,440
13375.2,16967,239,1229,116,440
13383,17512,239,1228,116,440
13389.9,18024,239,1226,116,440
13398.3,18248,239,1225,116,440
13405.3,18392,239,1223,116,440
13411.9,18584,240,1222,114,440
13420,18760,240,1220,114,440
13427.7,19032,240,1219,114,440
13434.1,19336,240,1217,114,440
13442.2,19624,240,1216,114,440
13450,19849,240,1214,114,440
13456.6,20089,240,1213,113,450
13464.3,20329,240,1211,113,450
13471.7,20697,240,1210,113,450
13478.5,20825,240,1208,113,450
13486.4,20937,240,1207,113,450
13494.3,21017,240,1205,112,450
13501.8,21081,240,1204,112,450
13508.7,21225,240,1202,112,450
13516.3,21417,240,1201,112,450
13523.2,21449,240,1199,112,450
13531.1,21545,240,1197,111,450
13538.7,21689,240,1195,111,450
13545.1,21705,240,1194,111,450
13575.6,21850,240,1192,111,450
13576.4,21850,240,1190,111,450
13577.1,21930,240,1189,111,450
13577.8,21962,240,1188,111,450
13586.1,22010,241,1186,111,450
13592.8,22010,241,1185,111,450
13599.1,22010,241,1183,111,450
13606.8,22042,241,1182,111,450
13614.5,22090,241,1180,111,450
13622.3,22058,241,1179,111,450
13629,22154,241,1177,111,450
13635.9,22218,241,1175,111,440
13643.5,22234,241,1174,110,440
13651.2,22234,241,1172,110,440
13658.8,22298,241,1170,110,440
13665.7,22362,241,1168,110,440
13673.2,22410,241,1167,110,440
13681.2,22474,241,1165,110,440
13688.5,22474,241,1163,110,440
13695.7,22554,241,1162,110,440
13703.7,22618,241,1161,110,440
13710.3,22666,241,1159,110,440
13718.3,22682,241,1158,110,440
13725.7,22730,241,1157,109,440
13732.5,22746,241,1156,109,440
13740.3,22778,241,1155,109,440
13748,22794,241,1154,109,440
13754.7,22842,241,1153,109,440
13762.5,22858,241,1151,109,440
13770.4,22938,241,1150,109,440
13776.9,22970,241,1149,109,440
13785.5,22986,241,1148,109,440
13792.6,22986,241,1146,109,440
13799.4,22986,241,1145,108,450
13807,23018,241,1143,108,450
13817.2,23050,241,1142,108,450
13821.7,23178,241,1141,108,450
13829.3,23146,241,1139,108,450
13837,23226,241,1138,108,450
13844.6,23210,241,1137,108,450
13851.7,23210,241,1136,108,450
13859.3,23242,241,1135,108,450
13866.3,23194,241,1134,108,450
13874.1,23194,241,1133,108,450
13882.5,23162,241,1132,108,450
13888.3,23194,241,1131,108,450
13896.1,23162,242,1130,108,450
13903.9,23194,242,1129,108,450
13911.7,23194,242,1128,108,450
13926,23194,242,1127,108,450
13932.9,23130,242,1126,107,450
13940.5,23146,242,1125,107,450
13948.4,23162,242,1124,107,450
13955.8,23194,242,1122,107,450
13963,23194,242,1121,107,450
13970.5,23242,242,1120,107,450
13978.7,23162,242,1119,107,450
13984.8,23210,242,1118,107,450
13992.8,23242,242,1117,107,450
14000.5,23242,242,1116,107,450
14007.2,23178,242,1114,107,450
14015.2,23226,242,1113,107,450
14022.6,23242,242,1111,107,450
14029.5,23290,242,1110,106,450
14037.1,23274,242,1109,106,450
14044.8,23306,242,1108,106,450
14051.6,23322,243,1106,106,450
14059.7,23306,243,1105,106,450
14066.8,23322,243,1104,106,450
14073.5,23338,243,1103,106,450
14081.4,23354,243,1102,106,450
14089.2,23290,243,1101,104,450
14096.1,23370,243,1100,104,450
14103.6,23354,243,1099,104,450
14111.5,23354,243,1098,104,450
14118.3,23370,243,1097,104,450
14125.7,23386,243,1096,104,450
14133.7,23370,243,1096,104,450
14140.9,23386,243,1094,104,450
14148.3,23386,243,1093,104,450
14156.9,23386,243,1092,104,450
14163.7,23466,243,1091,104,450
14170.5,23434,244,1090,104,450
14178.4,23466,244,1089,104,450
14186,23434,244,1089,104,450
14192.6,23514,244,1088,103,450
14200.5,23498,244,1087,103,450
14207.2,23482,244,1086,103,450
14214.8,23466,244,1085,103,450
14222.3,23482,244,1084,103,450
14230.2,23562,244,1083,103,450
14237.3,23546,244,1083,103,450
14244.8,23530,244,1082,103,450
14252,23514,244,1081,103,450
14259.3,23594,244,1080,103,450
14267,23578,244,1079,103,450
14281.4,23514,244,1078,103,450
14289.3,23530,244,1077,103,450
14297.1,23530,245,1077,103,450
14303.4,23514,245,1076,103,450
14311.3,23498,245,1075,103,450
14318,23466,245,1075,103,450
14325.7,23466,245,1074,103,450
14334,23482,245,1073,103,450
14340.3,23466,245,1072,103,450
14348.5,23498,245,1072,103,450
14355.9,23514,245,1071,102,450
14363.4,23498,245,1070,102,450
14370.3,23514,245,1069,102,450
14384.3,23482,245,1068,102,450
14392.5,23466,245,1067,102,450
14400,23450,245,1067,102,450
14408.7,23482,245,1066,102,450
14414.4,23466,245,1066,102,450
14422.3,23498,245,1066,102,450
14430.4,23514,245,1066,102,450
14436.6,23530,245,1065,102,450
14444.7,23482,245,1065,102,450
14452.2,23578,245,1065,102,450
14459.4,23610,245,1065,102,450
14466.4,23562,245,1065,102,450
14474.7,23610,245,1065,102,450
14481,23626,245,1065,102,450
14489.2,23674,245,1065,102,450
14496.9,23706,245,1065,102,450
14504.6,23690,245,1065,102,450
14511.1,23594,245,1066,102,450
14519,23706,245,1067,102,450
14527,23786,245,1068,102,450
14533.4,23898,245,1069,102,450
14541.4,23946,245,1072,102,450
14547.5,23914,245,1074,102,450
14555.7,24043,245,1076,102,450
14563.4,24026,245,1079,102,450
14569.9,24059,245,1082,102,450
14578,24059,244,1084,102,450
14585.6,24010,244,1087,102,450
14592.4,23930,244,1089,103,450
14601,23898,244,1091,103,450
14607.9,23930,244,1093,103,450
14614.8,23914,244,1096,104,450
14623.5,23930,244,1098,104,450
14630.2,23898,244,1100,104,450
14638.5,23930,244,1102,106,450
14644.3,23946,244,1104,106,450
14652.3,23882,244,1106,106,450
14660.1,23946,244,1109,106,450
14666.9,23962,244,1111,107,450
14674.7,23994,244,1113,107,450
14682.3,23914,244,1115,107,450
14688.9,23946,244,1118,108,450
14696.9,23946,244,1120,108,450
14704.6,23946,244,1122,108,450
14711.5,24043,244,1123,108,450
14720.1,24059,244,1125,108,450
14725.7,24059,244,1127,109,440
14733.5,24059,244,1129,109,440
14741.4,24059,244,1130,109,440
14749,24123,245,1132,109,440
14755.8,24123,245,1134,110,440
14763.7,24203,245,1136,110,440
14770.9,24187,246,1138,110,440
14781.7,24123,246,1140,110,440
14787.2,24123,247,1142,111,440
14793.7,24091,247,1144,111,440
14800.7,23994,248,1146,111,440
14808.2,23978,248,1148,111,440
14816.4,23994,249,1150,111,440
14822.7,23994,249,1151,112,440
14830.4,24010,250,1153,112,450
14837.8,24043,251,1155,112,450
14844.6,24059,251,1156,112,450
14852.5,24043,252,1157,112,450
14860.2,24059,253,1159,112,450
14867.3,24059,254,1160,113,450
14874.7,24010,255,1161,113,450
14882.9,24010,255,1162,114,450
14889.5,23994,256,1163,114,450
14897.4,23898,257,1164,114,450
14904.9,23882,258,1165,115,450
14911.5,23914,259,1166,115,450
14919.4,23914,260,1167,115,450
14927.2,23802,261,1168,115,450
14934.1,23818,262,1169,115,450
14941.8,23818,264,1169,116,450
14949.6,23802,265,1170,116,450
14956,23754,266,1170,116,450
14963.8,23754,268,1171,116,450
14971.7,23786,269,1171,116,450
14978.4,23738,271,1172,116,450
14986.2,23770,272,1172,116,450
14994.2,23706,273,1172,116,450
15000.5,23706,275,1172,116,450
15009.9,23722,276,1172,116,450
15015.9,23738,277,1172,116,450
15023,23738,278,1172,116,450
15030.6,23690,279,1172,116,450
15038.2,23722,281,1172,116,450
15045.9,23690,282,1171,116,450
15052.8,23690,283,1171,116,450
15060.4,23594,284,1170,116,450
15068.3,23658,285,1170,117,460
15075,23594,285,1169,117,460
15082.7,23642,286,1168,117,460
15090.3,23658,287,1167,117,460
15097.3,23674,288,1167,117,460
15106.4,23722,289,1166,116,460
15112.7,23674,290,1165,116,460
15119.7,23770,291,1164,116,460
15127.3,23690,291,1162,117,470
15135.1,23706,292,1161,117,470
15141.6,23834,293,1160,116,470
15149.1,23882,293,1158,116,470
15157.3,23930,294,1157,116,470
15164.8,23930,294,1155,116,470
15171.4,23994,295,1153,116,470
15179.4,23994,296,1152,115,470
15186.9,24026,296,1150,115,470
15193.9,24010,297,1148,115,470
15201.7,24091,297,1147,115,470
15208.3,24075,297,1145,115,470
15216.3,24139,298,1143,113,480
15223.9,24171,298,1141,113,480
15230.8,24299,299,1140,113,480
15238.5,24443,299,1138,113,480
15246.2,24715,299,1136,112,480
15252.9,24891,300,1134,112,480
15261.6,24859,300,1132,112,480
15268.5,24907,301,1129,112,480
15275.4,25003,301,1127,112,480
15283.3,25099,301,1125,111,480
15290.8,25195,302,1123,111,480
15297.4,25227,302,1121,111,480
15305.2,25147,302,1119,111,480
15313,25211,303,1118,110,480
15319.7,25243,303,1116,110,480
15327.6,25307,303,1114,110,480
15334.9,25355,303,1112,110,480
15342,25323,304,1111,109,480
15349.7,25323,304,1109,109,480
15357.5,25371,304,1107,109,480
15364.5,25419,304,1105,109,480
15371.9,25419,305,1103,108,490
15380.3,25467,305,1101,108,490
15386.5,25579,305,1099,108,490
15394.1,25611,305,1097,108,490
15401.8,25659,305,1095,107,490
15409,25659,305,1094,107,490
15416.5,25659,306,1092,107,490
15424,25675,306,1091,107,490
15431.8,25755,306,1090,105,490
15438.7,25755,306,1089,105,490
15446.4,25739,306,1088,105,490
15454.2,25739,307,1087,105,490
15461.5,25787,307,1086,105,490
15476.9,25771,307,1085,105,490
15483,25851,307,1084,104,490
15490.7,25835,308,1083,104,490
15498.5,25819,308,1083,104,490
15505.5,25819,308,1082,104,490
15513.3,25851,308,1081,104,490
15520.9,25915,308,1081,104,490
15527.7,25931,308,1080,104,490
15535,25947,308,1079,104,490
15542.7,26075,308,1078,104,490
15549.5,26316,308,1077,104,490
15557.9,26476,308,1077,104,490
15565.1,26588,308,1076,104,490
15571.6,26700,308,1075,104,490
15579.9,26844,308,1075,105,490
15595.2,26924,308,1075,105,490
15601.8,26940,308,1075,105,490
15609.5,26956,308,1075,105,490
15616.4,27004,308,1075,107,490
15624.3,26988,308,1075,107,490
15631.8,27020,308,1075,107,490
15638.9,27036,308,1075,107,490
15646.3,27004,308,1075,107,490
15654.7,26924,308,1075,107,490
15660.8,26780,308,1075,108,490
15668.1,26268,308,1076,108,490
15676,24731,308,1078,108,490
15682.6,22458,308,1081,108,490
15690.5,18248,308,1084,108,490
15698.2,12709,308,1087,108,490
15705,1,307,1089,108,490
16645.7,2865,401,1161,108,440
16653.5,2913,402,1161,108,440
16660.1,3025,403,1162,109,440
16667.8,3409,404,1162,109,440
16675.6,3985,405,1163,109,450
16683.3,4690,406,1163,109,450
16690.2,5250,407,1163,109,450
16698.4,5954,408,1164,109,450
16704.5,6899,408,1164,110,460
16715.5,7987,408,1164,110,460
16720.5,9268,409,1164,110,460
16727.3,10276,409,1165,110,460
16734.9,10436,409,1165,110,460
16742.5,14678,409,1165,110,460
16750.3,15687,408,1165,110,460
16757,16487,408,1166,110,460
16764.8,17303,407,1166,110,460
16772.4,18312,406,1167,110,470
16779.8,19016,405,1167,110,470
16786.7,19480,404,1168,110,470
16793.6,19913,403,1168,110,470
16801.6,20233,402,1169,110,470
16809,20473,400,1169,110,470
16817.1,20665,398,1169,110,470
16823.9,20873,397,1169,110,470
16831.4,21081,395,1169,112,470
16839,21353,393,1169,112,470
16845.8,21497,391,1168,111,460
16853.6,21593,389,1167,111,460
16861.1,21721,387,1167,111,460
16868.1,21769,386,1166,111,460
16876.7,21801,384,1165,112,470
16882.5,21946,383,1164,112,470
16890.1,22058,381,1163,112,470
16897.9,22074,380,1162,112,470
16905.8,22202,378,1161,112,470
16912.9,22186,377,1160,112,470
16920.5,22170,376,1158,112,470
16928.1,22234,375,1157,112,470
16935,22250,374,1155,110,470
16942.6,22266,373,1154,110,470
16950.3,22266,372,1152,110,460
16957.9,22282,371,1149,110,460
16965,22298,370,1147,110,460
16973.6,22330,370,1145,109,460
16979.4,22362,369,1143,109,460
16987.3,22378,369,1140,109,460
16994.9,22330,368,1138,109,460
17001.8,22394,368,1136,109,460
17009.4,22474,368,1133,108,470
17017.2,22346,368,1131,108,470
17023.7,22330,368,1129,108,470
17031.6,22314,368,1126,108,470
17039.7,22298,368,1124,107,470
17046.2,22250,368,1121,107,470
17054,22266,369,1119,106,460
17061.5,22266,369,1117,106,460
17068.1,22330,370,1114,105,460
17076.2,22266,370,1112,105,460
17084.1,22266,371,1109,105,460
17090.6,22298,372,1107,104,460
17098.1,22314,373,1105,104,460
17106.1,22314,374,1102,104,460
17112.8,22410,376,1100,103,460
17120.2,22410,377,1098,103,470
17128.3,22410,378,1096,103,470
17135.4,22490,380,1095,103,470
17142.8,22362,381,1093,102,470
17150.7,22330,382,1092,102,470
17157,22298,384,1091,102,470
17164.8,22346,385,1090,102,470
17172.7,22250,386,1089,101,470
17180.3,22250,387,1088,101,470
17187.3,22282,389,1087,101,470
17195,22218,390,1086,101,470
17201.8,22186,392,1086,100,480
17209.5,22138,393,1085,100,480
17216.9,22138,395,1085,100,480
17224.8,22122,396,1085,100,480
17231.7,22106,398,1085,100,480
17239.4,22090,400,1085,100,480
17247.3,22090,401,1085,100,480
17254,22090,403,1085,100,480
17261.5,22122,405,1085,100,480
17269.3,22170,406,1085,100,480
17276.2,22122,408,1086,100,480
17283.8,22138,409,1086,100,480
17291.5,22122,410,1087,100,480
17298.4,22170,412,1088,100,490
17307,22170,413,1088,100,490
17313.9,22106,414,1089,100,490
17321.5,22074,415,1089,100,490
17328.5,21994,416,1090,100,490
17336,22042,418,1091,100,490
17343.4,22042,419,1092,100,490
17350.5,22138,420,1092,100,490
17358.3,22090,420,1093,100,490
17365.1,22122,421,1094,101,500
17372.8,22090,422,1095,101,500
17380.6,22170,423,1096,101,500
17387.3,22218,423,1097,101,500
17394.8,22250,424,1098,101,500
17402.8,22314,425,1099,102,490
17410.1,22330,425,1100,102,490
17416.9,22378,426,1101,102,490
17425,22378,426,1103,102,490
17432.5,22410,427,1104,102,490
17439.8,22458,427,1106,102,490
17446.7,22538,427,1108,102,490
17453.7,22554,427,1109,102,490
17461.6,22602,428,1111,102,490
17470.2,22586,428,1113,102,490
17475.8,22634,428,1114,103,490
17483.7,22682,428,1116,103,490
17491.2,22634,428,1117,103,490
17498.3,22634,428,1119,103,490
17506,22698,428,1120,103,490
17513.7,22698,428,1122,103,490
17521.1,22682,428,1123,103,490
17528.2,22714,428,1124,104,490
17536.4,22730,428,1126,104,490
17542.7,22730,428,1127,104,490
17550.6,22794,427,1129,104,490
17558.2,22810,427,1130,104,490
17566.1,22778,427,1131,104,490
17572.8,22874,426,1132,104,490
17580.2,22858,426,1134,104,490
17588.2,22874,426,1135,104,490
17595.8,22890,425,1136,105,490
17602.7,22986,425,1137,105,490
17610.4,22938,425,1138,105,490
17617.7,22970,424,1139,105,490
17624.8,22938,424,1140,105,490
17632.9,22922,424,1141,105,490
17639.4,22906,423,1142,107,490
17647.1,22938,423,1143,107,490
17654.8,22970,423,1144,107,490
17661.6,22986,422,1145,107,490
17669.5,22954,422,1146,107,490
17679.7,23018,422,1147,107,490
17684.8,23082,422,1148,107,490
17693.1,23066,421,1149,107,490
17699.9,23162,421,1149,107,490
17706.6,23258,421,1150,107,490
17714.8,23290,421,1151,107,490
17722,23274,420,1152,107,490
17730.4,23322,420,1153,107,490
17736.5,23370,420,1154,108,490
17744.3,23418,419,1155,108,490
17751,23338,419,1156,108,490
17758.9,23386,419,1157,108,490
17766,23450,419,1158,108,490
17773.3,23482,418,1159,108,490
17781,23530,418,1160,108,490
17789.6,23482,418,1161,108,490
17795.8,23514,418,1162,108,490
17803.2,23594,418,1162,108,490
17811.7,23626,418,1163,108,490
17817.7,23658,417,1164,108,490
17825.4,23706,417,1164,109,480
17833.2,23738,417,1165,109,480
17840,23770,417,1166,109,480
17847.6,23754,417,1166,109,480
17855.3,23786,417,1167,109,480
17862,23834,416,1168,109,480
17869.4,23866,416,1169,109,480
17877.5,23930,416,1170,109,480
17885.2,23946,416,1171,109,480
17892.5,24010,416,1172,109,480
17899.7,24059,416,1174,109,480
17906.5,24155,416,1175,109,480
17914.3,24267,415,1176,109,480
17921.7,24347,415,1177,110,480
17928.6,24443,415,1178,110,480
17936.4,24619,415,1179,110,480
17944,24667,415,1180,110,480
17951.9,24859,415,1181,110,480
17958.3,24955,415,1181,110,480
17966.2,25051,415,1182,110,480
17973.9,25099,415,1182,110,480
17981.7,25147,415,1182,110,480
17988.5,25179,415,1182,110,480
17996.4,25211,415,1182,110,480
18018.1,25147,415,1182,110,480
18025.2,25131,415,1182,110,480
18032.5,24603,415,1181,110,480
18040.5,23146,415,1181,109,480
18047.2,20889,415,1180,109,480
18054.9,15335,415,1179,109,480
18062.2,2032,415,1179,109,480
18365.4,9060,416,1205,112,460
18374.2,10756,416,1205,113,470
18381,11781,416,1204,113,470
18387.9,12357,416,1204,113,480
18395.6,13350,416,1203,113,480
18403.3,14582,416,1201,113,480
18410.1,15463,416,1200,113,480
18417.6,16599,415,1199,112,480
18425.3,17656,415,1197,112,480
18433.2,18504,415,1195,112,480
18440,19256,414,1193,112,480
18447.7,19993,414,1191,112,480
18455.1,20489,413,1189,112,480
18462.1,20953,413,1186,112,480
18470.9,21257,412,1183,111,480
18476.8,21577,412,1181,111,480
18484.6,21785,411,1178,111,480
18492.3,22026,411,1175,111,480
18499.3,22250,411,1173,111,480
18506.7,22378,411,1170,111,480
18514.5,22554,411,1168,110,480
18521.4,22666,411,1165,110,480
18529.1,22842,411,1163,110,480
18536.9,23002,411,1160,110,480
18543.5,23162,411,1157,110,480
18551.9,23290,411,1155,109,480
18559.1,23498,411,1152,109,480
18566,23546,411,1150,108,480
18573.6,23658,411,1147,108,480
18581.4,23818,411,1145,107,480
18588,23850,411,1143,107,480
18595.8,23882,411,1141,107,480
18603.5,23994,411,1139,107,480
18611.2,24091,412,1136,106,480
18617.9,24075,412,1134,106,480
18625.7,24075,412,1132,107,490
18632.6,24075,413,1129,107,490
18645.3,24075,413,1127,105,490
18650.7,24043,414,1125,105,490
18655.9,24026,414,1123,105,490
18662.5,23994,415,1122,105,490
18670.2,24010,415,1120,104,490
18677,24043,416,1119,104,490
18685.8,24075,417,1117,104,490
18692.5,24091,418,1116,104,490
18700.4,24123,418,1115,103,490
18707,24123,419,1114,103,490
18714.4,24010,420,1113,103,490
18722.3,24010,421,1113,103,490
18729.3,23978,422,1112,103,490
18736.7,23946,423,1111,103,490
18744.9,23978,425,1111,103,490
18751.3,23962,426,1111,103,490
18759.3,23834,427,1111,103,490
18767,23818,429,1111,103,500
18773.3,23818,430,1111,103,500
18781,23834,432,1111,103,500
18788.9,23930,433,1111,103,500
18795.5,23882,435,1111,103,500
18803,23850,437,1111,103,500
18811,23914,439,1111,103,500
18817.5,23850,440,1111,103,500
18825.2,23866,442,1112,104,510
18833.2,23930,444,1112,104,510
18840.4,23882,446,1113,104,510
18847.8,23802,447,1113,104,510
18855.5,23770,449,1114,104,510
18862.2,23690,450,1114,104,510
18870.1,23706,452,1115,104,510
18877.9,23690,453,1116,104,510
18884.5,23754,455,1117,104,510
18892.4,23706,457,1118,104,510
18899.9,23738,458,1120,104,510
18906.9,23738,460,1121,104,510
18915.6,23786,462,1123,104,510
18922.2,23722,463,1125,104,510
18929.1,23594,465,1126,104,510
18937.6,23658,466,1128,104,510
18944.7,23770,467,1130,104,510
18952.4,23850,469,1132,104,510
18959,23946,470,1134,104,510
18966.9,23930,471,1135,106,520
18973.6,23898,472,1137,106,520
18981.4,24026,472,1139,106,520
18989,24107,473,1141,106,520
18996.8,24075,473,1142,106,520
19003.6,24091,474,1144,107,520
19011.4,24155,474,1146,107,520
19018.9,24283,474,1147,107,520
19025.8,24395,474,1149,107,520
19034.6,24587,474,1151,107,520
19041.1,24811,474,1153,108,520
19048,25083,474,1155,109,520
19055.8,25227,474,1157,109,520
19063.3,25403,474,1159,109,520
19070.4,25515,474,1161,109,520
19078.2,25691,474,1162,109,520
19085.9,25899,474,1164,109,520
19092.7,26075,474,1165,109,520
19100.3,26203,474,1166,109,520
19107.9,26332,474,1167,109,520
19115.1,26444,473,1168,109,520
19122.7,26508,473,1168,109,520
19131,26588,473,1168,110,520
19136.9,26604,473,1169,110,520
19144.9,26620,473,1169,110,520
19152.4,26636,473,1169,110,520
19159.2,26604,473,1169,110,520
19166.6,26572,473,1169,110,520
19174.6,26540,473,1169,110,520
19181.4,26476,473,1169,110,520
19189,26460,473,1169,110,520
19196.7,26364,473,1169,110,520
19203.5,26123,473,1169,112,520
19211.9,25611,473,1168,112,520
19218.9,24731,472,1168,112,520
19227.6,23530,472,1168,112,520
19233.4,21577,471,1167,112,520
19241.1,18168,470,1166,112,520
19247.9,11429,468,1165,112,520
21123.3,5058,506,1167,110,460
21130.9,5874,506,1167,110,460
21138.5,6675,506,1167,110,460
21146.4,6947,505,1167,110,470
21152.8,7123,505,1167,110,470
21160.6,7219,505,1167,110,470
21167.8,7843,505,1167,110,470
21175,8115,505,1167,110,470
21183.7,7939,505,1167,110,470
21190.5,10596,505,1167,110,470
21197.2,11637,505,1167,110,470
21205.1,12357,505,1167,110,470
21212.7,13061,504,1167,110,470
21219.7,13702,504,1167,110,470
21227.2,14326,504,1168,110,470
21234.7,14950,503,1168,110,470
21241.5,15639,503,1168,110,470
21249.8,16167,503,1168,110,470
21257,16551,502,1168,112,470
21264.2,16887,502,1169,112,470
21271.5,17191,502,1169,112,470
21279.7,17415,502,1169,112,470
21286.1,17624,502,1169,112,470
21293.8,17800,501,1170,113,470
21301.7,17848,501,1170,113,470
21308.1,17944,501,1171,113,470
21316,18056,501,1172,113,470
21323.8,18104,501,1172,113,470
21330.3,18200,501,1173,113,470
21338.2,18280,500,1175,113,470
21345.6,18360,500,1176,113,470
21353.7,18424,500,1177,113,470
21361,18552,500,1178,113,470
21368.4,18728,500,1179,113,470
21374.8,18904,500,1180,114,460
21382.8,19160,500,1182,114,460
21390.1,19368,500,1183,114,460
21397.1,19673,500,1184,114,460
21405,19849,500,1185,114,460
21412.8,19977,500,1186,114,460
21420.3,20217,500,1187,114,460
21427.1,20313,500,1189,115,460
21434.9,20377,500,1190,115,460
21442,20537,500,1191,115,460
21449.2,20585,500,1192,115,460
21457.3,20649,500,1193,115,460
21463.7,20681,501,1195,116,460
21471.3,20713,501,1196,116,460
21479.2,20713,501,1197,116,460
21487.1,20793,502,1199,116,460
21493.6,20793,502,1200,116,460
21501.5,20825,503,1202,116,460
21508.3,20873,503,1203,117,460
21516.1,20841,504,1203,117,460
21523.7,20905,504,1204,117,460
21535.3,20921,505,1204,117,460
21540.6,20937,505,1205,117,460
21546.4,20969,506,1205,118,460
21553.5,21001,506,1205,118,460
21560.7,21017,507,1205,119,460
21568.5,21033,508,1205,119,460
21576.4,21033,509,1205,119,460
21583.1,21049,511,1205,119,460
21590.9,21033,512,1204,119,460
21598.5,21033,513,1203,119,460
21605.2,21065,514,1203,118,460
21613.1,21097,516,1201,118,460
21620.4,21161,517,1200,118,460
21627.5,21257,518,1199,118,460
21635.6,21305,519,1197,118,460
21642.8,21385,520,1195,118,460
21650.4,21449,521,1194,118,460
21657.3,21545,522,1192,117,470
21665,21577,523,1190,117,470
21672,21625,523,1187,117,470
21679.5,21689,524,1185,117,470
21687.1,21769,525,1182,117,470
21694,21866,525,1180,116,470
21701.7,22010,526,1177,116,470
21709.1,22090,526,1174,116,470
21716,22250,527,1171,116,470
21724.1,22314,527,1169,115,470
21731.9,22442,528,1166,115,470
21738.4,22474,528,1164,115,470
21746.6,22554,529,1161,113,480
21753.7,22570,529,1159,113,480
21760.9,22698,530,1157,113,480
21768.6,22810,530,1155,113,480
21776.2,22874,531,1153,112,480
21783,23018,531,1151,112,480
21790.8,23114,532,1149,112,480
21798.2,23226,532,1148,111,480
21806.1,23354,533,1146,111,480
21812.8,23482,533,1144,111,480
21820.9,23626,533,1142,111,480
21828.1,23706,534,1141,110,480
21836,23770,534,1139,110,480
21843.2,23834,535,1138,110,480
21849.9,23946,535,1136,110,480
21857.4,23994,536,1135,110,480
21865.2,24026,536,1134,110,480
21872.2,23978,536,1132,109,480
21879.6,24075,537,1131,109,480
21887.6,24107,537,1130,109,480
21895.3,24107,537,1128,109,480
21902,24171,537,1127,109,480
21909.5,24251,538,1125,109,490
21917.6,24251,538,1124,109,490
21925.5,24315,538,1122,109,490
21931.9,24411,538,1120,108,500
21940,24459,538,1119,108,500
21946.5,24443,538,1118,108,500
21954.2,24491,538,1116,108,500
21961.9,24539,539,1115,108,500
21968.7,24491,539,1113,108,500
21976.2,24507,539,1112,108,500
21984.3,24571,539,1111,108,500
21991,24603,539,1110,108,500
21998.8,24651,539,1109,108,500
22006.3,24683,539,1108,108,500
22013.1,24731,539,1107,108,500
22021.9,24667,539,1106,108,500
22028.6,24699,539,1106,108,500
22035.3,24715,539,1105,108,500
22050.8,24731,539,1104,108,500
22057.5,24747,539,1104,108,500
22065.3,24731,539,1103,108,500
22072.8,24715,539,1103,108,500
22087.6,24715,539,1102,108,500
22095.1,24699,539,1102,108,500
22102.1,24635,539,1102,108,500
22109.9,24571,539,1102,108,500
22124.1,24539,539,1103,108,500
22131.7,24619,539,1104,108,500
22139.6,24731,539,1106,108,500
22146.2,24747,539,1108,108,500
22154.1,24747,538,1111,108,500
22161.7,24763,538,1114,108,500
22168.3,24795,538,1117,108,500
22176.1,24779,537,1120,108,500
22184,24827,537,1123,108,500
22190.6,24827,537,1126,108,500
22198.9,24923,537,1129,109,490
22206,24923,537,1131,109,490
22212.8,25003,537,1134,109,490
22220.7,25003,536,1136,109,490
22228.6,25067,536,1138,111,490
22235.3,24987,536,1140,111,490
22243,25003,536,1142,110,480
22250.8,24987,536,1143,110,480
22257.3,24971,536,1144,110,480
22265.1,24971,536,1145,111,480
22273,24955,535,1147,111,480
22280.5,24875,535,1148,111,480
22287.3,24891,535,1149,111,480
22295.7,24923,535,1151,111,480
22302.8,24939,535,1152,111,480
22309.6,24875,535,1154,111,480
22317.4,24907,535,1155,111,480
22325.1,24939,535,1157,111,480
22332,24891,535,1158,111,480
22339.8,24891,535,1160,111,480
22347.1,24971,534,1161,111,480
22354.1,24987,534,1163,111,480
22361.5,25019,534,1164,111,480
22369.4,25035,534,1166,111,480
22376.2,25051,534,1168,112,480
22384,25003,534,1169,112,480
22392.2,25003,534,1171,112,480
22399.5,25115,534,1173,112,480
22406.2,25051,534,1175,112,480
22414,25067,534,1176,112,480
22421.4,25147,534,1178,112,480
22428.6,25163,534,1180,112,480
22436,25147,534,1181,112,480
22442.9,25163,535,1183,112,480
22450.7,25163,535,1184,112,480
22458.3,25227,536,1185,113,490
22466.1,25163,536,1186,114,480
22472.9,25163,537,1187,114,480
22480.7,25227,537,1188,114,480
22487.7,25211,538,1188,114,480
22503.6,25195,539,1189,114,480
22504.9,25131,540,1189,114,480
22510.1,25147,541,1189,114,480
22517.9,25195,542,1189,114,480
22525.4,25179,543,1190,114,480
22533.4,25147,544,1190,114,480
22539.7,25147,546,1190,115,490
22547.8,25131,547,1189,115,490
22554.2,25115,548,1189,115,490
22562.2,25131,550,1188,115,490
22570.2,25099,551,1188,115,490
22577.7,25099,553,1187,115,490
22585.1,25179,554,1186,114,500
22592.1,25179,555,1185,114,500
22599.7,25179,557,1184,114,500
22606.7,25179,558,1183,114,500
22614.6,25211,559,1182,114,500
22621.2,25211,560,1181,113,500
22628.9,25211,561,1180,113,510
22636.6,25227,562,1178,113,510
22644.1,25275,563,1177,113,510
22651.2,25243,564,1175,112,510
22658.8,25307,564,1174,112,510
22666.5,25371,565,1172,112,510
22673.4,25403,566,1170,112,510
22682.1,25419,567,1168,112,510
22688.8,25451,568,1167,112,510
22695.6,25531,568,1165,111,510
22703.4,25579,569,1163,111,510
22710.9,25611,570,1161,111,510
22717.8,25739,570,1159,112,520
22725.5,25755,571,1157,112,520
22733.1,25851,572,1155,110,520
22739.9,25899,572,1153,110,520
22747.7,25947,573,1151,110,520
22755.4,25979,573,1149,110,520
22762.7,26059,573,1147,110,520
22769.7,26107,574,1145,109,520
22778.3,26268,574,1143,109,520
22784.3,26364,574,1141,109,520
22791.9,26444,575,1139,109,520
22799.8,26604,575,1136,109,520
22806.7,26556,575,1134,108,530
22814.3,26540,575,1132,108,530
22821.9,26556,576,1131,108,530
22829.7,26604,576,1129,108,530
22836.5,26540,576,1128,108,530
22844.3,26572,576,1126,106,530
22851.9,26620,576,1125,106,530
22859.3,26732,577,1124,106,530
22866.5,26876,577,1122,106,530
22873.1,26940,577,1121,106,530
22881.3,27132,577,1119,106,530
22888.8,27260,577,1117,106,530
22896.5,27276,577,1115,105,530
22903.3,27404,578,1113,105,530
22911.1,27484,578,1111,105,530
22918.9,27484,578,1109,105,530
22925.6,27548,579,1107,105,530
22933.2,27580,579,1105,105,530
22940.9,27644,579,1104,105,530
22947.7,27692,579,1102,104,530
22955.8,27756,580,1101,104,530
22963,27820,580,1099,104,530
22970,27932,580,1098,104,530
22977.7,27996,580,1097,104,530
22985.4,28044,580,1096,104,530
22992.4,28076,580,1096,104,530
22999.7,28124,581,1095,104,530
23007.1,28156,581,1094,104,530
23015.4,28172,581,1093,104,530
23022.1,28204,581,1093,104,530
23037,28252,581,1092,104,530
23044.3,28300,581,1092,104,530
23052.9,28493,581,1092,104,530
23058.9,28829,581,1092,104,530
23066.4,29197,580,1092,104,530
23074.4,29437,580,1092,102,530
23081.2,29501,578,1093,102,530
23089.7,29277,577,1093,102,530
23096.5,27532,575,1095,102,530
23103.3,23722,572,1097,101,530
23111,12789,568,1099,101,530
24452.4,2817,607,1187,114,460
24453.3,3409,607,1187,114,460
24497,4546,607,1187,114,460
24498,5362,607,1188,114,460
24498.9,5890,607,1188,115,470
24499.9,6835,608,1188,115,470
24500.8,7715,608,1188,115,470
24501.6,8419,608,1188,115,470
24504.6,8820,608,1188,115,470
24520.3,11301,609,1188,115,470
24521.3,12661,609,1188,115,470
24565.5,13686,609,1188,115,470
24566.4,14454,609,1188,115,470
24567.3,15623,609,1187,116,470
24568.1,17031,609,1185,116,470
24569,18088,609,1184,116,470
24570.1,18856,609,1182,116,470
24573.3,19512,609,1180,116,470
24598.3,20153,610,1177,115,470
24599.1,20729,610,1175,115,470
24599.9,21145,610,1173,115,470
24608.9,21465,610,1170,115,470
24612.4,21801,610,1168,113,480
24620.3,22058,611,1165,113,480
24629.4,22346,611,1163,113,480
24635.4,22730,612,1161,113,480
24650.5,23002,612,1159,112,480
24651.4,23338,613,1156,112,480
24657.1,23706,613,1154,112,480
24664.7,24026,614,1152,111,480
24673.1,24235,614,1149,111,480
24679.3,24459,615,1147,111,480
24686.9,24731,615,1145,111,480
24695,24907,616,1143,110,480
24701.6,25067,617,1140,110,480
24709.5,25307,617,1138,110,480
24717,25515,618,1136,110,480
24726.4,25707,618,1133,109,480
24731.9,25819,619,1130,109,480
24741.2,25931,619,1128,109,480
24746.8,26011,620,1125,109,480
24755.8,26091,620,1123,109,480
24763.1,26187,620,1120,108,490
24772,26348,621,1118,108,490
24778.2,26460,621,1115,108,490
24785.1,26572,622,1113,108,490
24794.3,26620,622,1111,108,490
24800,26700,622,1108,107,490
24807.6,26780,623,1106,107,490
24815.4,26876,623,1104,107,490
24821.9,26940,624,1102,107,490
24829.8,27004,624,1100,107,490
24838.3,27084,624,1098,105,490
24845.7,27116,624,1096,105,490
24853.9,27260,625,1095,105,490
24860.6,27340,625,1093,105,490
24875.9,27388,625,1091,105,490
24876.9,27420,626,1089,105,490
24885.9,27516,626,1088,104,490
24890.6,27548,626,1086,104,490
24898.6,27644,627,1084,104,490
24907.3,27660,627,1083,104,490
24913.7,27772,627,1081,104,490
24922.2,27788,627,1080,104,490
24929.4,27852,627,1078,104,490
24937,27868,628,1076,104,490
24943.8,27820,628,1074,104,490
24951.6,27852,628,1072,103,490
24958.2,27852,629,1071,103,490
24965.6,27916,629,1069,103,490
24973.4,27948,629,1067,103,490
24980.2,27996,630,1065,103,490
24987.9,27996,630,1063,103,490
24995.7,28012,631,1062,103,490
25003.4,28076,631,1060,103,490
25010.2,28140,632,1058,102,490
25018.5,28188,633,1056,102,490
25025.5,28220,634,1054,102,490
25033.2,28284,634,1052,102,500
25040.1,28300,635,1051,102,500
25046.9,28316,635,1049,102,500
25054.6,28348,636,1048,102,500
25063.4,28380,636,1047,102,500
25069.2,28413,637,1046,102,500
25076.8,28493,637,1045,102,500
25084.7,28541,637,1045,102,500
25092.3,28589,637,1044,102,500
25099.3,28637,637,1044,102,500
25106.9,28733,637,1044,102,500
25114.1,28765,637,1044,102,500
25121.2,28829,637,1044,102,500
25135.9,28861,636,1045,102,500
25144.9,28829,635,1047,102,500
25151.2,28044,634,1050,102,500
25158.9,26220,633,1053,102,500
25165.9,23706,632,1057,101,500
25173.4,19993,631,1062,101,500
25181.4,11701,630,1068,101,500
25441,9284,616,1110,105,460
25448.4,9620,616,1110,105,460
25455.3,11093,616,1110,104,470
25462.6,11925,616,1110,104,470
25470.2,12309,616,1110,105,480
25478,12629,616,1108,105,480
25484.8,13846,616,1108,105,480
25492.6,15014,617,1109,105,480
25501,16295,618,1110,105,480
25507.1,17640,619,1112,105,480
25515.3,18920,621,1114,105,480
25522.4,19865,623,1117,106,480
25529.3,20553,625,1120,107,490
25537,21145,627,1124,107,490
25544.7,21673,630,1127,107,490
25551.6,22106,632,1131,108,490
25559.3,22506,635,1134,108,490
25567,22858,637,1137,109,480
25573.7,23066,640,1140,109,490
25581.5,23178,642,1142,111,490
25589,23418,644,1145,111,490
25596.4,23482,646,1147,112,490
25603.4,23642,648,1149,112,490
25611.8,23866,650,1151,112,490
25618.1,23962,652,1154,113,490
25625.8,24187,654,1156,114,500
25633.5,24379,656,1158,114,500
25640.6,24587,658,1161,115,490
25648.1,24843,660,1163,115,490
25655.9,25019,662,1166,115,490
25662.7,25307,664,1169,116,500
25670.8,25483,666,1172,117,500
25678.7,25675,668,1175,117,500
25686.2,25787,669,1178,117,500
25693.7,26091,671,1180,118,490
25700.8,26220,672,1183,119,500
25707.5,26508,674,1185,119,500
25715.1,26732,675,1188,120,500
25722.8,26972,676,1190,121,510
25730.1,27180,677,1192,121,510
25737.7,27388,678,1194,122,500
25745.4,27500,679,1196,123,510
25752.9,27612,680,1197,123,510
25759.7,27708,681,1198,125,510
25767.6,27804,681,1199,126,510
25775.1,27868,682,1200,126,510
25782.1,27900,682,1200,126,510
25790.3,27980,682,1200,127,510
25804.2,27916,681,1198,127,510
25811.9,27916,680,1196,127,510
25819.7,27820,678,1192,127,510
25826.5,27052,676,1188,126,510
25834.3,25483,673,1183,126,510
25841.9,22762,671,1178,126,510
25848.7,17303,668,1174,123,510
25856.6,5282,666,1170,122,500
26123,13045,645,1161,114,450
26131,13990,645,1161,115,460
26138.9,15831,645,1161,116,470
26145.3,16807,645,1161,117,480
26153.4,16887,645,1161,117,490
26161.4,16951,646,1161,118,490
26167.8,17079,647,1160,118,490
26175.6,17800,648,1159,118,490
26183.4,18856,650,1157,118,490
26189.9,19560,651,1156,117,500
26197.7,20345,653,1154,117,500
26205.6,21065,655,1152,117,500
26212.4,21673,656,1150,117,500
26220.2,22378,658,1147,117,500
26227.9,22938,660,1145,116,500
26234.5,23498,662,1142,116,500
26242.4,23994,663,1139,116,500
26250.1,24443,665,1137,116,500
26257.8,24811,667,1134,115,500
26264.7,24987,669,1131,115,510
26272.3,25147,670,1129,115,510
26278.8,25275,672,1126,114,510
26286.6,25483,673,1123,114,510
26294.4,25707,675,1120,114,510
26301.3,25915,677,1117,114,510
26308.8,26011,678,1115,113,520
26316.6,26203,680,1112,113,520
26323.6,26460,682,1110,114,530
26331.3,26684,683,1107,112,530
26338.9,26908,685,1105,112,530
26345.6,27100,686,1103,112,530
26354.1,27292,688,1101,112,530
26361.6,27436,689,1098,112,530
26368.3,27644,691,1096,112,540
26375.9,27852,693,1093,112,540
26385.5,27916,694,1091,112,540
26393.4,28076,696,1089,112,540
26398.7,28236,697,1087,112,540
26406.5,28364,699,1084,112,550
26413,28445,700,1082,111,550
26420.9,28477,701,1080,111,550
26428.6,28493,703,1078,111,550
26435.9,28396,704,1076,112,560
26443.4,28364,705,1074,112,560
26451.7,28348,707,1072,112,560
26457.8,28268,708,1070,112,560
26465.5,28332,709,1068,112,560
26473.5,28380,711,1066,112,560
26480.2,28396,712,1064,112,560
26487.8,28477,713,1062,110,560
26496.5,28493,714,1060,110,560
26503.6,28621,716,1058,110,560
26512,28637,717,1056,110,560
26517.9,28797,718,1054,110,560
26525.8,28813,719,1052,110,560
26532.8,28941,720,1050,110,560
26540.3,29053,722,1049,110,560
26548.9,29085,723,1047,111,570
26554.8,29181,724,1046,111,570
26562.6,29277,724,1045,111,570
26569.6,29341,725,1044,109,570
26578.1,29453,726,1043,109,570
26585.2,29469,726,1043,109,570
26592.6,29501,726,1043,109,570
26599.6,29549,726,1042,109,570
26607.2,29565,726,1042,109,570
26614.9,29597,726,1042,109,570
26621.6,29565,726,1042,109,570
26637.4,29597,726,1042,109,570
26643.9,29629,726,1042,109,570
26651.8,29565,724,1043,109,570
26659.5,29261,722,1044,109,570
26666.6,28060,720,1046,109,570
26674.2,26075,717,1048,109,570
26682,23386,713,1050,109,570
26689.8,19576,710,1053,109,570
26696.3,10933,706,1055,109,570
28150,8099,790,1213,119,450
28157.7,8611,790,1213,119,450
28164.5,8884,790,1213,120,460
28172.2,10324,790,1213,120,460
28179.9,10852,790,1213,121,470
28186.6,11749,790,1213,121,470
28194.4,12677,791,1212,121,470
28202,14198,791,1211,121,470
28209.1,15559,792,1209,121,470
28216.4,16647,793,1207,121,470
28224.6,17447,793,1205,122,470
28231,18008,794,1202,122,470
28238.7,18488,795,1200,122,470
28246.4,18888,796,1197,121,480
28253.3,19256,796,1194,121,480
28262.4,19624,797,1191,121,480
28268.7,20009,798,1188,121,480
28275.5,20409,799,1186,120,480
28283,20697,799,1183,120,480
28290.9,20969,800,1180,121,490
28297.6,21161,801,1177,119,490
28305.5,21401,801,1174,119,490
28313,21545,802,1172,119,490
28322.4,21785,803,1169,119,490
28327.7,21930,804,1166,118,490
28335.4,22122,805,1163,118,490
28342.6,22266,805,1161,118,490
28350.1,22378,806,1158,117,500
28358,22442,807,1156,117,500
28364.3,22554,808,1153,117,500
28372.3,22714,809,1151,117,500
28380.1,22874,809,1148,116,500
28387.7,23050,810,1146,116,500
28394.7,23242,811,1144,117,510
28402.2,23354,812,1141,115,510
28410,23530,812,1139,115,510
28416.9,23658,813,1137,115,510
28424.5,23786,814,1135,115,510
28432.1,23770,814,1133,114,510
28439,23786,815,1131,114,510
28446.7,23834,816,1129,114,510
28454.4,23866,816,1127,114,510
28461.2,23978,817,1126,113,520
28468.8,24010,818,1124,113,520
28476.4,24043,819,1122,113,520
28483.4,24107,820,1119,113,520
28491,24139,820,1117,113,520
28499.2,24171,821,1115,112,520
28505.8,24235,822,1113,112,520
28513.9,24267,822,1112,112,520
28521.3,24299,823,1110,112,530
28528.7,24331,824,1108,112,530
28535.5,24363,824,1107,112,530
28543.4,24411,825,1105,112,530
28551.3,24427,826,1104,112,530
28565.4,24427,827,1103,112,530
28572.5,24507,827,1102,112,530
28580.3,24507,828,1102,112,530
28587.9,24427,828,1102,112,530
28595.8,24475,828,1102,112,530
28602.6,24459,829,1102,112,530
28611.2,24379,829,1103,112,530
28617,24427,830,1105,112,530
28624.9,24507,830,1107,112,530
28632.7,24523,831,1109,112,530
28639.3,24587,832,1112,112,530
28647.1,24603,833,1114,112,530
28654.9,24571,834,1117,112,530
28661.5,24603,835,1120,112,530
28669.5,24635,835,1123,112,530
28677.1,24683,836,1125,114,530
28685,24667,837,1128,114,530
28692.5,24731,838,1131,114,530
28699.6,24747,839,1133,114,530
28706.1,24747,839,1136,115,520
28714.4,24811,840,1138,115,520
28721.9,24843,841,1141,115,520
28728.8,24763,842,1144,115,520
28736.3,24715,842,1146,116,520
28744.3,24619,843,1149,116,520
28751.9,24619,844,1151,116,520
28758.7,24651,844,1153,116,520
28766.4,24603,845,1155,117,520
28774.4,24667,845,1157,117,520
28781,24683,846,1159,117,520
28789.5,24827,846,1161,117,520
28796.7,24955,847,1163,119,510
28803.4,25115,847,1165,120,520
28811.3,25211,848,1168,120,520
28819.2,25355,848,1170,120,520
28825.8,25451,849,1172,121,520
28833.7,25547,849,1174,121,520
28841.4,25579,850,1177,121,520
28848.2,25707,850,1179,121,520
28856.2,25835,851,1181,121,520
28863.6,25947,851,1182,122,510
28871,26107,851,1184,122,510
28878.4,26203,852,1186,122,510
28886.7,26268,852,1188,122,510
28893,26316,853,1189,123,520
28900.7,26444,853,1191,123,520
28908.3,26492,853,1193,123,520
28916.4,26572,854,1194,123,520
28922.9,26684,854,1196,124,520
28930.7,26668,854,1198,124,520
28937.7,26764,855,1199,124,520
28945.4,26796,855,1201,124,520
28953.2,26860,855,1203,124,520
28959.9,26908,856,1204,124,520
28968.1,27020,856,1206,124,520
28975.4,27004,856,1208,125,530
28984,27084,856,1210,125,530
28989.8,27132,856,1212,127,520
28997.5,27132,857,1214,127,520
29004.5,27228,857,1216,127,520
29012.2,27212,857,1218,127,520
29019.9,27276,857,1220,127,520
29026.7,27356,857,1222,127,520
29034.9,27324,857,1224,128,530
29042.2,27388,857,1226,129,520
29049.9,27436,857,1228,129,520
29056.4,27516,857,1229,129,520
29065.1,27580,857,1231,129,520
29072.1,27660,857,1232,129,520
29079.8,27692,857,1234,130,520
29087,27756,857,1235,130,520
29093.8,27804,857,1236,130,520
29101.3,27820,857,1237,130,520
29109.1,27900,857,1238,130,520
29117,27900,857,1239,130,520
29123.8,27996,858,1239,132,510
29131.8,27980,858,1240,132,510
29139.3,28012,858,1240,132,510
29145.9,28028,858,1240,132,510
29154,27996,858,1240,132,510
29161.9,27948,857,1239,132,510
29168.2,27436,856,1237,132,510
29176.7,25979,854,1235,130,520
29183.8,23626,852,1231,130,520
29190.6,19224,849,1227,130,520
29198.3,7203,846,1222,129,510
29793.4,9412,842,1126,120,480
29800.5,11573,842,1126,121,490
29808.1,13045,842,1126,121,490
29815.6,13638,842,1126,122,500
29824.1,13814,842,1126,122,500
29830.4,14006,842,1125,122,500
29838.3,14662,842,1124,122,500
29846,15799,843,1122,122,500
29852.6,17095,843,1120,122,500
29860.5,18264,844,1118,122,500
29868.1,19224,844,1115,122,500
29874.9,20041,845,1113,122,500
29882.6,21049,845,1110,122,500
29890.4,21609,846,1107,122,500
29897.2,21946,846,1104,121,510
29904.9,22410,846,1102,121,510
29912.7,22890,847,1099,121,510
29920,23290,847,1096,121,510
29927.2,23722,847,1093,120,510
29935.3,24155,847,1090,120,510
29941.8,24571,847,1087,120,510
29949.5,24907,847,1084,119,510
29957.3,25099,848,1081,119,510
29965,25403,848,1078,119,510
29971.7,25563,848,1075,117,520
29979.4,25739,848,1072,117,520
29986.3,25835,848,1069,117,520
29993.9,25867,848,1066,115,510
30001.8,25995,848,1064,115,510
30008.5,26107,848,1061,115,510
30017.7,26252,849,1059,115,510
30024.1,26284,849,1056,114,510
30030.8,26444,849,1054,114,510
30038.8,26588,849,1051,114,510
30046.5,26748,849,1049,114,510
30053.3,26844,849,1047,113,520
30061.2,26876,850,1044,113,520
30068.9,26956,850,1042,113,520
30075.7,27036,850,1039,113,520
30083.3,27084,850,1037,112,520
30091.1,27196,851,1035,112,520
30098.5,27276,851,1032,112,520
30105.9,27308,851,1030,110,520
30114.3,27356,851,1027,110,520
30120.5,27484,852,1025,110,520
30128.1,27532,852,1023,110,520
30135.9,27596,852,1021,109,520
30142.8,27532,852,1019,109,520
30150.4,27468,853,1017,109,520
30158.1,27468,853,1015,109,520
30165.2,27436,853,1013,107,520
30172.6,27452,854,1011,107,520
30180.2,27436,854,1009,107,520
30188,27388,854,1007,107,520
30195.2,27404,854,1006,106,520
30202.5,27452,855,1004,106,520
30209.1,27484,855,1002,106,520
30217.1,27420,855,1000,106,520
30224.8,27468,855,999,104,520
30232.7,27500,856,997,104,520
30239.4,27532,856,995,104,520
30247.3,27484,856,994,104,520
30262.9,27564,857,992,104,520
30264.1,27500,857,990,103,520
30269.5,27548,857,989,103,520
30277.7,27596,857,987,103,520
30288.1,27612,858,985,103,520
30293.4,27644,858,984,103,520
30300.2,27708,858,982,103,520
30307,27708,859,980,102,520
30314.7,27740,859,978,102,520
30322.5,27788,859,976,102,520
30329.2,27900,860,974,102,520
30337.2,27916,860,972,102,520
30344.8,27964,860,970,102,520
30351.5,28076,861,968,102,520
30359.3,28092,861,966,101,510
30367.3,28156,862,965,101,510
30374,28108,862,963,101,510
30381.6,28060,863,962,101,510
30389.7,28060,863,961,101,510
30396.3,28044,863,959,101,510
30404.4,28044,864,958,101,510
30411.8,28060,864,957,101,510
30418.7,28092,864,955,101,510
30426.4,28108,864,953,101,510
30434,28060,865,952,101,510
30441,28060,865,951,101,510
30448.8,28028,865,950,103,510
30456.5,28092,865,950,103,510
30471.6,28124,865,950,103,510
30478.5,28140,865,950,104,510
30487,28204,865,950,104,510
30493.2,28188,864,950,105,510
30500.9,28220,864,950,105,510
30507.8,27724,863,951,105,510
30515.7,26812,863,952,106,510
30523.6,25483,862,953,106,510
30531.2,23690,862,954,106,510
30537.8,21161,861,955,106,510
30545.8,16327,861,956,108,510
30553.5,8900,860,957,108,510
31063.3,8611,926,1066,118,460
31071.4,8916,926,1066,119,470
31078.4,9684,926,1066,119,470
31085.8,10852,925,1069,120,480
31093.5,11541,925,1071,120,480
31101.1,12165,925,1073,120,480
31108.2,12821,925,1075,121,490
31115.9,13414,926,1078,121,490
31122.8,14006,926,1081,121,490
31130.8,14694,927,1083,121,490
31138.1,15303,928,1086,121,490
31145.3,15767,929,1089,122,480
31152.7,16135,930,1092,122,480
31160.5,16583,931,1095,122,480
31168.2,16823,932,1098,123,490
31175,17095,934,1100,124,490
31183.6,17239,936,1103,124,490
31189.7,17415,938,1105,125,480
31197.3,17640,941,1107,125,480
31204.9,17816,943,1109,126,490
31212.8,17976,946,1111,127,490
31225,18104,948,1113,127,490
31229.2,18296,951,1114,127,490
31235.6,18584,954,1115,129,490
31242.4,18952,957,1116,129,490
31250.2,19176,960,1116,129,490
31257.9,19416,963,1116,130,500
31264.5,19769,966,1116,130,500
31272.4,20009,969,1115,132,490
31280.3,20233,972,1114,133,500
31286.9,20489,975,1113,133,500
31294.9,20681,977,1112,133,500
31302.4,20905,979,1111,132,500
31309.1,21097,981,1109,133,510
31316.9,21193,983,1108,133,510
31325.4,21369,985,1106,133,510
31331.6,21561,986,1105,133,510
31339.7,21721,987,1103,132,510
31347.2,21817,988,1101,132,510
31353.8,22090,989,1099,133,520
31361.5,22138,990,1097,131,520
31369.7,22266,991,1095,131,520
31376.3,22474,992,1093,131,520
31384.3,22586,992,1090,130,530
31391.7,22810,993,1088,130,530
31398.5,22938,994,1085,130,530
31406.3,23130,994,1083,129,530
31414,23322,994,1080,129,530
31421.6,23498,995,1076,129,530
31428.7,23546,995,1073,129,530
31436.5,23562,995,1070,128,540
31443.2,23594,995,1066,128,540
31450.9,23626,995,1063,128,540
31458.6,23594,995,1060,128,540
31465.4,23642,995,1056,126,540
31473.4,23674,994,1053,125,540
31480.8,23642,994,1050,125,540
31488.6,23706,994,1047,124,540
31495.3,23738,993,1044,124,540
31503.7,23786,993,1041,124,540
31510.3,23802,992,1037,123,550
31518.6,23866,991,1034,123,550
31525.6,23882,990,1031,123,550
31532.4,23914,989,1027,121,550
31540.1,24010,988,1024,121,550
31548,24123,986,1022,119,540
31555.8,24059,985,1019,119,540
31562.5,23994,983,1017,119,540
31570.4,23978,981,1015,117,550
31578,23962,979,1013,117,540
31584.8,23962,977,1012,117,540
31592.6,23978,974,1010,117,540
31599.9,23914,972,1009,116,530
31607.3,23946,969,1008,114,530
31615.6,23946,967,1007,114,530
31622.7,23978,965,1006,114,530
31629.5,23978,963,1005,114,530
31637.3,24026,961,1005,114,530
31645.2,24043,959,1005,114,530
31651.8,24155,957,1005,114,530
31659.7,24107,955,1005,114,530
31667.1,24219,953,1005,114,530
31674,24219,951,1005,114,530
31682,24251,949,1005,114,530
31689.6,24171,947,1006,114,530
31696.9,24139,946,1007,114,530
31704.3,24123,944,1008,114,530
31712.4,24107,942,1009,114,530
31718.8,24010,941,1010,113,520
31726.5,23994,940,1012,113,520
31734.2,23962,938,1013,114,510
31741.1,24026,938,1015,114,510
31748.9,24043,937,1018,114,510
31756.7,24010,936,1020,114,510
31763.4,24026,936,1022,113,510
31771.4,24075,936,1025,113,510
31779,24075,936,1028,113,510
31785.8,24010,936,1031,115,500
31794,23946,936,1034,115,500
31801.2,23962,937,1037,115,510
31807.8,23914,937,1040,115,510
31816,23914,938,1043,117,510
31823.6,23914,938,1046,117,510
31830.5,23978,938,1049,117,510
31838.4,24059,939,1052,118,510
31846.1,24123,939,1055,118,510
31852.9,24267,939,1058,118,510
31860.7,24427,940,1061,118,510
31868.5,24603,940,1064,119,500
31876.1,24747,940,1067,119,500
31882.9,24923,940,1069,119,500
31890.8,25083,941,1072,119,500
31897.5,25243,941,1074,121,510
31904.9,25435,941,1076,121,510
31913,25515,942,1079,121,510
31919.8,25659,942,1081,121,510
31927.6,25771,942,1083,121,510
31935.2,25851,943,1085,122,500
31942.9,25835,943,1087,122,500
31949.8,25963,944,1089,122,500
31957.5,26027,944,1091,122,500
31965.4,26027,944,1093,122,500
31972.5,26091,945,1095,122,500
31980,26187,945,1097,123,510
31988.3,26268,946,1098,125,510
31994.7,26332,946,1100,125,510
32002.3,26300,946,1102,125,510
32010.1,26348,947,1103,125,510
32016.8,26428,947,1104,125,510
32024.8,26492,947,1106,125,510
32032.3,26540,947,1107,125,510
32039.2,26588,947,1108,125,510
32047.1,26652,947,1108,125,510
32054.7,26732,947,1109,125,510
32062.5,26796,947,1110,125,510
32069.8,26828,947,1110,125,510
32077.1,26860,947,1110,125,510
32084.8,26940,947,1111,125,510
32091.7,26988,947,1111,126,510
32099.2,27052,947,1111,126,510
32106.3,27116,947,1111,126,510
32114.3,27148,947,1111,126,510
32122.1,27164,947,1111,126,510
32128.8,27180,947,1111,126,510
32136.5,27148,947,1111,126,510
32144.2,27084,947,1111,126,510
32150.8,26988,947,1110,126,510
32159.6,26716,947,1109,126,510
32166.6,26139,947,1107,126,510
32173.1,24635,947,1105,124,520
32181.6,22394,946,1103,123,510
32188.9,18632,946,1101,123,510
32197.7,10804,946,1099,123,510
32948.9,1664,1084,1134,132,490
32956.4,2337,1084,1134,133,500
32963.1,3089,1084,1134,133,500
32970.7,4017,1084,1135,133,500
32978.4,4129,1084,1135,133,500
32985.2,5922,1083,1135,133,500
32993.1,7459,1083,1135,133,500
33000.9,8515,1083,1135,134,500
33007.7,10148,1082,1135,133,510
33016.3,11013,1082,1135,133,510
33023.1,12117,1082,1135,133,510
33030.7,12997,1081,1135,133,510
33037.7,13254,1081,1135,133,510
33045.4,13494,1080,1134,133,510
33051.9,13846,1079,1132,133,510
33059.9,14198,1079,1131,133,510
33067.4,14598,1078,1129,132,510
33075.1,15126,1077,1126,132,510
33082.2,15527,1076,1124,132,510
33089.7,15959,1075,1120,132,510
33097.3,16311,1075,1117,130,510
33104.3,16887,1074,1113,129,510
33112.9,17303,1073,1110,129,510
33119.3,17688,1072,1106,129,510
33126.4,18168,1072,1102,129,510
33134.3,18424,1072,1099,128,520
33141.8,18872,1072,1095,128,520
33148.7,19160,1072,1092,128,520
33159.3,19432,1072,1088,126,510
33167.2,19769,1073,1085,126,510
33171.8,20009,1074,1081,126,510
33179.1,20057,1075,1078,126,510
33186.9,20185,1077,1076,124,520
33194.7,20217,1079,1073,124,520
33201.5,20217,1081,1071,124,520
33209.8,20121,1083,1069,124,520
33216,20105,1086,1067,123,520
33223.8,19929,1088,1066,123,520
33231.6,19929,1091,1065,124,530
33238.2,19913,1094,1064,124,530
33245.9,19913,1097,1064,124,530
33253.6,19945,1100,1063,124,530
33260.3,20025,1103,1063,124,530
33268.1,20009,1106,1063,124,530
33275.9,20041,1109,1063,124,530
33283.4,20057,1111,1064,124,530
33290.7,20137,1114,1064,125,540
33297.9,20377,1116,1065,125,540
33304.9,20409,1118,1067,125,540
33312.2,20457,1120,1068,125,540
33320.4,20441,1122,1070,125,540
33327.1,20601,1123,1071,126,540
33334.9,20745,1125,1073,126,540
33342.5,20841,1127,1075,126,540
33350.1,20905,1128,1077,126,540
33357,20985,1129,1079,126,540
33364.8,20969,1130,1082,128,540
33372.5,21033,1131,1084,129,550
33379,20985,1132,1087,129,550
33387.3,21033,1133,1089,129,550
33393.7,21017,1134,1092,129,550
33401.2,20937,1135,1095,129,550
33409.1,20953,1135,1098,129,550
33417,21017,1136,1101,130,540
33423.6,21017,1137,1103,130,540
33431.4,21017,1137,1106,130,540
33439.1,21033,1137,1109,130,540
33445.9,21081,1138,1112,131,540
33453.7,21097,1138,1115,133,540
33461.3,21113,1139,1118,133,540
33468.2,21177,1139,1121,133,540
33475.8,21337,1139,1124,133,540
33484.2,21561,1140,1127,134,540
33490.4,21769,1140,1129,134,540
33498,21994,1140,1132,134,540
33505.6,22202,1140,1134,134,540
33513.3,22394,1140,1136,134,540
33520.5,22586,1141,1138,134,540
33528.1,22826,1141,1139,134,540
33534.9,23066,1141,1141,134,540
33542.7,23258,1141,1142,134,540
33550.5,23434,1141,1143,134,540
33557.2,23674,1141,1143,134,540
33565.2,23738,1141,1143,134,540
33572.8,23882,1141,1143,134,540
33580.5,23850,1142,1143,134,540
33587.3,23578,1142,1143,134,540
33594.9,23498,1142,1141,135,540
33601.9,23674,1142,1140,135,540
33609.4,23818,1143,1138,135,540
33617,24026,1143,1136,135,540
33624.2,24043,1143,1133,135,540
33631.7,24059,1143,1130,135,540
33639.6,23994,1143,1127,135,540
33646.5,23994,1143,1124,135,540
33654,24043,1143,1121,134,550
33661.8,24123,1143,1118,134,550
33668.3,24123,1143,1114,134,550
33677.4,24203,1143,1111,134,550
33684.1,24299,1143,1108,134,550
33691.2,24363,1143,1105,134,550
33698.5,24491,1144,1102,134,550
33706.5,24635,1144,1100,132,550
33713.4,24715,1145,1097,132,550
33721.2,24779,1146,1095,132,550
33729,24795,1146,1093,132,550
33735.7,24843,1147,1091,132,550
33743.7,24875,1148,1089,131,560
33751.3,24859,1149,1088,131,560
33759,24891,1150,1087,131,560
33765.7,24971,1152,1086,131,560
33774.3,24971,1153,1085,131,560
33781.4,24971,1154,1084,130,560
33789.4,25019,1155,1083,130,560
33796.1,24987,1156,1083,130,560
33803.8,24939,1158,1082,130,560
33810.6,24923,1159,1082,130,560
33818.3,24923,1160,1082,130,560
33826,24939,1161,1082,130,560
33832.6,24923,1163,1082,130,560
33840.5,24907,1164,1083,130,560
33848.2,25019,1165,1083,130,560
33855.7,25051,1167,1084,130,560
33862.9,24987,1168,1085,131,570
33871.5,25051,1169,1086,131,570
33877.1,25067,1171,1087,131,570
33885.3,25051,1172,1088,131,570
33893,25083,1173,1089,131,570
33899.7,25083,1174,1090,131,570
33907.5,25115,1175,1091,131,570
33915.2,25115,1176,1093,132,580
33922,25163,1177,1094,132,580
33929.8,25099,1179,1096,134,570
33937.6,25115,1180,1097,134,570
33944.2,25083,1181,1099,134,570
33952.5,25147,1181,1101,134,570
33959.6,25163,1182,1102,134,570
33966.2,25099,1183,1104,134,570
33973.9,25131,1184,1106,136,570
33981.8,25163,1185,1108,136,570
33988.6,25163,1186,1110,136,570
33996.1,25211,1186,1112,136,570
34003.9,25243,1187,1114,136,570
34010.6,25195,1187,1116,136,570
34018.4,25307,1188,1119,138,570
34026.1,25291,1188,1121,138,570
34033.5,25339,1189,1124,138,570
34040.8,25323,1189,1126,138,570
34048.6,25371,1189,1129,138,570
34056.2,25355,1189,1132,138,570
34062.7,25467,1189,1134,138,570
34070.7,25483,1190,1137,138,570
34077.4,25547,1190,1139,138,570
34085.2,25643,1190,1142,138,570
34092.8,25531,1190,1144,136,570
34100.6,25499,1190,1146,136,570
34107.3,25499,1190,1148,136,570
34115.2,25499,1190,1149,136,570
34127,25483,1190,1151,136,570
34133.5,25483,1190,1152,136,570
34138,25371,1190,1153,136,570
34146.6,25371,1190,1154,136,570
34152.5,25387,1190,1155,136,570
34160.3,25291,1190,1155,136,570
34168.2,24171,1190,1155,135,580
34174.9,19673,1188,1156,135,580
