2248.81,8547,60,1228,95,580
2255.95,9252,60,1228,95,580
2263.77,10052,60,1228,96,580
2271.02,10900,60,1228,96,570
2278.32,11669,60,1228,96,570
2292.46,11813,58,1230,96,570
2300.54,14790,58,1230,97,560
2307.71,15623,58,1230,97,560
2316.06,16247,58,1230,97,560
2322.3,16791,58,1230,97,560
2330.24,17351,58,1230,97,560
2337.64,17816,58,1230,97,550
2344.96,18360,58,1230,97,550
2352.9,18872,58,1230,96,550
2360.33,19432,58,1230,96,550
2367.06,19849,58,1230,96,550
2375.07,20281,58,1230,96,550
2382.69,20601,58,1230,96,550
2389.45,20985,58,1230,96,550
2397.35,21241,58,1230,96,550
2405.03,21353,58,1230,96,550
2411.56,21577,58,1230,96,550
2419.55,21769,58,1230,96,550
2427.09,21946,58,1230,95,540
2433.51,22042,58,1230,95,540
2441.49,22154,58,1230,95,540
2449.09,22346,58,1229,95,540
2455.92,22458,58,1228,95,540
2463.75,22586,58,1227,95,540
2471.3,22682,58,1226,95,540
2478.42,22810,58,1224,95,540
2485.8,22970,58,1223,96,550
2494.15,23178,58,1222,94,550
2500.18,23386,58,1221,94,550
2508.81,23402,58,1220,94,550
2515.66,23594,58,1218,94,550
2522.66,23706,58,1217,94,550
2530.3,23786,58,1215,94,550
2538.05,23930,59,1214,93,560
2545.77,23946,59,1213,93,560
2552.81,24043,59,1211,93,560
2560.42,24123,59,1210,93,560
2567.27,24171,59,1208,93,560
2574.74,24203,60,1206,93,560
2582.6,24331,60,1203,91,560
2590.77,24411,61,1200,91,560
2599.4,24507,61,1197,91,560
2605.17,24603,62,1193,91,560
2612.5,24667,63,1190,90,570
2619.51,24699,63,1186,90,570
2627.31,24731,64,1183,90,570
2635.16,24699,65,1179,90,570
2641.67,24715,65,1175,90,570
2649.8,24715,66,1172,88,570
2656.66,24811,67,1168,88,570
2664.38,24795,68,1164,87,570
2671.95,24923,68,1160,85,570
2679.54,25019,69,1156,85,570
2687.05,25163,69,1152,84,570
2693.96,25275,70,1149,84,570
2702.14,25403,71,1145,82,570
2709.55,25435,71,1141,82,570
2716.39,25547,72,1138,81,570
2723.83,25547,72,1134,81,570
2730.84,25499,73,1130,79,570
2738.57,25499,73,1126,79,570
2746.42,25499,74,1123,78,560
2753.35,25483,74,1119,78,560
2761.9,25563,75,1115,76,560
2768.65,25547,76,1111,76,560
2776.39,25659,76,1107,74,570
2784.01,25755,77,1104,74,570
2791.81,25739,77,1100,73,570
2797.69,25691,78,1096,73,570
2806.31,25899,79,1092,71,570
2813.27,26107,80,1089,71,570
2819.88,26091,80,1085,69,570
2827.73,26236,81,1082,69,570
2835.34,26284,82,1079,69,570
2843.17,26252,82,1077,67,570
2850.1,26364,83,1074,67,570
2858.77,26396,84,1072,67,570
2865.56,26540,84,1070,67,560
2871.86,26540,85,1068,67,560
2880.7,26604,85,1066,67,560
2886.47,26588,86,1064,67,560
2894.59,26668,86,1062,65,550
2902.16,26700,87,1060,65,550
2909.18,26668,87,1058,64,560
2916.59,26732,88,1056,64,560
2924.47,26732,88,1054,63,560
2931.46,26780,89,1052,63,560
2938.8,26828,89,1049,61,560
2946.68,26796,90,1047,61,560
2953.21,26876,90,1045,61,560
2961.5,26892,91,1042,58,570
2968.98,26924,91,1040,58,570
2977.28,26844,92,1037,58,570
2983.22,26844,92,1035,56,570
2991.08,26860,92,1032,56,570
2998.91,26956,92,1030,56,570
3005.56,27004,93,1028,56,570
3013.09,26988,93,1026,56,570
3020.79,27004,93,1025,54,570
3027.71,26844,93,1023,54,570
3035.5,26796,93,1022,54,570
3043.52,26844,93,1021,54,570
3049.73,26892,93,1020,55,560
3058.42,26924,93,1020,55,560
3065.47,26988,93,1020,55,560
3073.75,26988,93,1019,55,560
3080.01,27004,93,1019,55,560
3095.41,26908,93,1019,55,560
3102.54,26716,93,1019,55,560
3109.89,26508,93,1019,54,560
3117.71,26187,94,1019,54,560
3124.21,25531,94,1020,54,560
3132.12,24523,95,1021,55,560
3139.1,23594,96,1023,55,560
3146.57,22378,97,1027,54,570
3154.61,19721,98,1031,54,570
3160.77,12149,99,1036,54,570
3458.91,13542,131,1221,93,720
3466.79,13526,131,1221,93,700
3474.75,13574,131,1221,93,690
3481.47,13910,131,1221,92,670
3489.2,15158,132,1220,92,660
3496.85,16407,132,1220,92,650
3503.63,17415,132,1219,92,640
3511.52,17816,133,1218,92,630
3519.19,18472,133,1217,92,630
3526.28,19512,133,1216,92,630
3533.41,20249,134,1215,92,620
3541.82,20777,134,1214,92,620
3548.05,21161,134,1212,94,620
3556.11,21433,135,1209,94,620
3563.24,21866,135,1207,94,620
3572.46,22218,136,1203,94,620
3578.6,22554,136,1200,94,620
3586,22938,137,1196,92,620
3593.08,23322,138,1191,92,620
3600.87,23418,139,1187,92,620
3608.08,23578,139,1182,92,620
3616.03,23770,140,1177,90,620
3623.08,23882,141,1171,90,620
3630.26,24043,142,1166,90,620
3639.14,24155,143,1160,90,620
3645.13,24411,144,1154,88,620
3653.36,24651,144,1148,88,620
3659.58,24859,145,1141,86,620
3667.38,25211,146,1134,86,620
3675.15,25195,146,1126,84,620
3681.63,25211,146,1119,84,630
3689.85,25355,147,1111,82,630
3697.03,25467,147,1103,80,630
3705.2,25675,148,1095,78,630
3711.93,25643,148,1088,76,620
3719.95,25883,149,1082,74,630
3727.2,26203,150,1076,72,630
3734.14,26107,152,1071,70,630
3742.07,26187,153,1066,68,620
3749.43,26236,155,1061,65,630
3756.62,26203,157,1057,64,630
3764.23,26284,159,1054,62,620
3771.83,26236,161,1050,59,630
3778.67,26284,163,1047,57,620
3786.61,26396,165,1044,56,630
3794,26444,166,1041,54,620
3801.4,26492,168,1038,53,630
3808.6,26540,169,1036,51,630
3816.73,26604,171,1034,48,630
3823.21,26620,172,1032,47,630
3830.72,26652,173,1030,47,630
3838.9,26588,173,1030,45,630
3845.31,26492,173,1029,45,630
3853.03,26380,173,1029,45,630
3860.93,25883,173,1029,43,620
3867.56,24635,171,1029,43,620
3875.31,23562,169,1030,43,620
3883.13,22266,165,1032,43,620
3889.67,19913,161,1035,43,620
3897.79,16967,155,1038,42,610
3905.35,13462,149,1043,42,610
3912.27,10052,142,1048,44,610
3919.81,2080,136,1053,44,610
4060.97,15046,65,1110,62,600
4068.11,15158,65,1110,63,590
4076.05,15431,65,1110,65,600
4083.55,15655,65,1110,66,590
4091.73,16071,65,1110,67,590
4098.03,16519,62,1110,67,590
4106.09,16967,62,1110,68,580
4113.04,17175,62,1110,68,580
4120.33,17303,63,1110,68,580
4128.08,17496,64,1110,68,580
4135.98,17816,65,1111,68,580
4142.76,18088,68,1111,70,580
4150.54,18456,70,1112,70,580
4158.32,18888,74,1112,70,580
4164.47,19112,77,1113,70,580
4172.77,19432,81,1113,70,580
4180.49,19769,85,1113,71,590
4188.02,20121,90,1114,71,590
4194.72,20505,95,1114,72,580
4203.24,20809,100,1115,72,580
4209.06,21241,106,1116,72,580
4217.08,21577,112,1116,71,590
4224.89,21866,118,1117,71,590
4231.83,22314,125,1119,71,590
4239.39,22698,131,1120,71,590
4247.3,22746,137,1122,71,600
4253.98,22890,143,1123,72,600
4261.83,23082,148,1125,72,610
4269.29,23354,152,1126,72,610
4275.89,23514,156,1127,71,620
4284.41,23674,159,1127,71,620
4291.84,23754,161,1127,71,620
4298.34,23834,163,1128,73,620
4305.91,23946,165,1128,73,620
4314.03,24091,166,1128,73,620
4321.69,24283,167,1128,72,630
4328.71,24411,167,1127,72,630
4336.58,24475,168,1127,72,630
4342.98,24539,168,1127,72,630
4350.64,24635,168,1127,72,630
4358.47,24667,168,1127,72,630
4365.5,24699,168,1127,74,630
4372.87,24747,168,1127,73,640
4381.07,24859,168,1127,73,640
4388.3,24795,168,1126,73,640
4395.28,24683,168,1126,73,640
4402.6,22826,167,1125,73,640
4410.52,20393,167,1124,73,640
4417.39,15703,166,1122,73,640
4425.31,5186,166,1121,73,640
4981.12,17736,210,1144,69,590
4989.4,17688,210,1144,67,590
4996.96,17880,210,1144,67,590
5003.61,18216,210,1144,67,600
5011.52,18504,210,1144,67,600
5018.96,18984,205,1143,66,610
5026.33,19432,205,1142,66,610
5033.42,20377,204,1142,66,610
5041.84,21177,204,1141,66,610
5047.58,21625,204,1140,66,610
5055.85,21817,204,1139,66,610
5063.44,21898,204,1137,66,610
5070.08,21801,205,1134,66,610
5078.14,21850,207,1131,66,610
5085.51,21850,209,1128,66,610
5092.49,21817,212,1124,66,610
5100.29,21833,215,1120,65,620
5108.14,21817,219,1117,63,610
5114.83,21914,223,1114,63,610
5123.08,21930,226,1111,61,610
5129.99,22042,230,1109,60,620
5137.03,21994,234,1108,57,620
5144.49,22042,238,1108,57,620
5152.46,22250,242,1108,56,630
5159.03,22202,245,1108,56,630
5166.98,22330,248,1109,53,630
5174.52,22458,250,1111,51,640
5181.32,22474,252,1113,51,640
5189.86,22666,253,1115,50,650
5196.93,22586,254,1118,52,650
5204.02,22618,254,1121,50,660
5211.55,22938,254,1124,50,660
5219.55,23194,254,1127,49,670
5225.54,23338,254,1131,50,670
5233.44,23354,253,1135,50,670
5241.18,23530,251,1138,50,670
5249.51,23786,250,1141,52,680
5256.26,23946,248,1144,52,680
5264.04,23946,246,1147,52,680
5271.51,24026,244,1150,56,670
5277.92,24043,241,1152,56,670
5286.13,24139,239,1154,58,670
5293.87,24203,236,1156,60,670
5300.85,24363,234,1157,61,660
5307.97,24539,231,1158,61,660
5316.56,24763,228,1159,63,670
5322.47,24907,226,1159,64,660
5330.26,25003,223,1159,64,660
5338.29,25163,220,1159,65,650
5344.75,25419,218,1157,65,650
5352.84,25563,215,1155,65,650
5360.12,25771,212,1153,66,640
5367.52,25851,209,1150,66,640
5374.91,26091,207,1146,66,640
5383.11,26236,205,1142,67,630
5389.52,26412,203,1138,67,630
5397.46,26460,201,1133,67,630
5404.84,26316,200,1128,65,630
5412.58,26220,200,1123,65,630
5419.73,26139,199,1117,66,620
5427.1,26187,199,1112,64,630
5433.98,26107,199,1106,64,630
5441.84,26155,199,1101,62,620
5449.39,26171,200,1096,62,620
5456.48,26187,202,1091,60,620
5464.07,26380,204,1086,59,630
5471.94,26412,206,1082,57,620
5478.7,26508,209,1077,56,620
5486.11,26284,213,1073,56,620
5494.18,26123,217,1069,53,620
5504.95,26059,221,1065,53,620
5509.01,26059,225,1062,51,610
5516.67,26107,229,1059,50,620
5523.23,26059,234,1056,48,610
5530.7,26059,239,1054,47,620
5538.78,26171,244,1053,45,620
5546.47,26187,249,1052,43,620
5552.81,26316,254,1051,40,620
5560.87,26220,258,1050,40,620
5567.51,26171,261,1050,39,630
5575.43,26236,265,1051,37,630
5583.23,26236,267,1052,36,620
5591.13,26284,270,1053,34,630
5597.47,26300,273,1054,34,630
5605.93,26268,275,1056,32,630
5613.26,26220,278,1057,34,640
5620.08,26332,280,1059,32,650
5627.46,26396,282,1060,32,650
5635.85,26508,284,1062,32,650
5642.51,26540,285,1063,32,650
5649.86,26588,287,1064,31,660
5657.81,26636,288,1065,31,660
5664.16,26668,290,1066,31,660
5672.19,26732,291,1067,31,660
5679.99,26748,292,1068,32,670
5687.65,26748,293,1068,32,670
5694.37,26764,294,1069,32,670
5702.72,26844,294,1069,32,670
5708.72,26844,295,1070,30,670
5716.88,26828,296,1070,30,670
5724.16,26844,296,1070,30,670
5731.25,26924,297,1071,30,670
5739.14,26924,298,1072,30,670
5746.69,26892,299,1072,30,670
5753.6,26956,299,1073,30,670
5761.04,26908,300,1074,32,680
5769.51,27004,301,1074,32,680
5775.87,27020,302,1075,32,680
5783.52,27004,303,1076,32,680
5790.57,27036,304,1077,29,680
5797.47,27148,305,1078,31,690
5805.31,27116,306,1079,31,690
5812.57,27148,306,1080,31,690
5819.38,27196,307,1080,31,690
5827.45,27276,308,1081,31,690
5835.26,27260,309,1082,32,700
5841.93,27308,309,1082,32,700
5849.52,27292,310,1083,32,700
5857.29,27228,310,1083,32,700
5864.98,27244,310,1084,32,700
5871.78,27228,311,1084,32,700
5880.09,27260,311,1085,32,700
5886.19,27244,312,1085,30,710
5894.03,27180,312,1085,30,710
5901.41,27116,312,1086,30,710
5909.68,27100,312,1086,30,710
5915.96,27052,313,1087,30,710
5924.25,27004,313,1087,30,710
5930.69,26988,313,1088,32,710
5938.41,26972,313,1089,32,710
5946.15,27068,314,1089,32,710
5953.96,27100,314,1090,32,710
5961.18,27100,314,1090,29,720
5968.48,27148,315,1091,29,720
5983.1,27180,315,1092,29,720
5990.71,27212,316,1092,31,730
5998.29,27212,316,1093,31,730
6005.21,27228,316,1093,31,730
6012.55,27244,316,1094,31,730
6020.42,27244,317,1094,31,730
6027.56,27164,317,1095,28,730
6042.54,27164,318,1096,28,730
6049.42,27180,318,1097,28,730
6057.24,27196,318,1097,28,730
6064.94,27180,319,1098,29,740
6072.14,27196,319,1099,29,740
6079.26,27196,320,1100,29,740
6086.71,27196,320,1101,29,740
6093.59,27100,321,1101,26,740
6101.48,27132,322,1102,26,740
6109.21,27116,322,1103,26,740
6116.11,27148,323,1104,26,740
6124.02,27164,324,1105,26,740
6131.79,27148,324,1106,26,740
6138.56,27116,325,1107,26,740
6146.12,27132,326,1108,26,740
6154.31,27164,326,1109,28,750
6161.72,27180,327,1110,28,750
6168.36,27116,327,1111,28,750
6176.14,27116,328,1112,28,750
6183.85,27164,328,1113,28,750
6190.79,27180,329,1114,28,750
6198.43,27180,329,1115,30,760
6205.12,27180,330,1116,30,760
6213.04,27164,330,1117,30,760
6220.71,27164,330,1118,30,760
6227.42,27180,331,1119,30,760
6235.4,27116,331,1121,30,760
6243.08,27084,331,1122,30,760
6250.43,27036,331,1123,30,760
6257.27,27004,331,1124,32,770
6265.07,26908,331,1125,32,770
6273.24,26860,331,1127,32,770
6281.04,26796,331,1128,32,770
6287.6,26796,331,1129,32,770
6295.32,26860,331,1130,32,770
6302.26,26796,331,1131,35,780
6309.63,26860,331,1132,35,780
6317.54,26828,331,1133,35,780
6324.34,26844,331,1134,35,780
6331.97,26892,331,1135,35,780
6339.69,26908,330,1136,38,790
6347.39,26876,330,1138,34,790
6354.17,26924,330,1140,34,790
6362.78,27004,330,1141,34,790
6369.66,26956,329,1143,34,790
6376.55,26892,329,1145,37,800
6384.51,26924,329,1146,37,800
6391.29,26860,329,1148,41,790
6399.02,26860,329,1149,41,790
6406.75,26844,328,1150,45,800
6413.44,26876,328,1150,45,800
6421.11,26876,328,1151,45,800
6428.87,26860,328,1152,45,800
6435.75,26892,328,1153,45,800
6444.35,26796,327,1154,45,800
6451.16,26828,327,1155,49,810
6457.8,26828,326,1156,49,810
6469.81,26812,326,1157,49,810
6475.39,26844,326,1158,49,810
6480.35,26860,325,1159,49,810
6488.42,26892,324,1160,49,810
6496.26,26876,324,1161,49,810
6502.37,26892,323,1162,49,810
6510.62,26908,323,1163,49,810
6518.3,26940,322,1164,49,810
6525.41,26956,321,1165,49,810
6532.45,26956,321,1165,55,810
6541.33,26956,320,1166,55,810
6547.1,26956,320,1167,55,810
6555.13,26988,319,1167,55,810
6562.41,27020,319,1168,55,810
6569.73,27036,318,1168,55,810
6577.36,27052,317,1169,55,810
6584.88,27036,316,1169,55,810
6592.92,27068,315,1169,55,810
6599.14,27084,314,1170,55,810
6607.33,27132,313,1170,58,810
6613.96,27068,312,1171,58,810
6622.8,26972,310,1171,58,810
6629.33,26972,309,1172,58,810
6638.17,27004,308,1172,61,800
6644.11,27020,306,1172,61,800
6651.89,26972,305,1172,61,800
6659.19,26924,304,1172,61,800
6666.41,26780,302,1172,64,790
6673.97,26812,301,1171,64,790
6681.82,26908,300,1171,59,780
6688.91,26908,299,1171,62,780
6696.18,26940,298,1170,62,780
6704.04,26924,297,1170,62,780
6710.91,26812,295,1169,62,780
6718.57,26764,294,1169,62,780
6726.08,26748,293,1168,64,770
6732.87,26700,292,1167,64,770
6740.77,26764,291,1167,64,770
6748.42,26812,290,1166,64,770
6755.07,26892,289,1165,64,770
6763.15,26844,288,1164,60,760
6770.9,26828,287,1163,62,750
6777.7,26908,286,1162,62,750
6785.34,26908,285,1162,62,750
6792.94,26940,285,1161,62,750
6799.7,26956,284,1160,62,750
6807.62,26972,283,1159,62,750
6815.78,26972,282,1158,59,750
6821.83,26972,281,1157,61,740
6829.72,26956,281,1155,61,740
6837.58,26972,280,1154,61,740
6845.35,26988,279,1152,61,740
6852,27004,278,1150,61,740
6859.91,27116,278,1149,58,740
6866.78,27116,277,1147,58,740
6874.34,27116,277,1145,58,740
6882.25,27212,276,1144,58,740
6888.89,27212,276,1142,58,740
6896.66,27228,276,1140,58,740
6904.21,27308,276,1139,59,730
6911.7,27260,276,1137,59,730
6918.66,27196,276,1135,57,720
6926.72,27196,276,1134,57,720
6933.14,27212,276,1131,57,720
6942.06,27148,276,1131,57,720
6948.79,27084,276,1127,57,720
6955.96,27068,277,1125,54,720
6963.53,27068,278,1122,52,720
6971.12,27068,279,1120,52,720
6978.76,26988,280,1117,52,720
6985.67,27036,281,1115,50,720
6993.44,26972,282,1113,50,720
7001.28,27020,283,1110,50,720
7008.53,26972,284,1108,47,710
7015.37,26988,285,1106,45,720
7023.07,27020,286,1104,45,720
7030.02,27068,287,1102,45,720
7038.04,27100,289,1101,45,720
7045.39,27068,290,1099,43,710
7052.27,27180,291,1097,40,720
7060.3,27180,292,1096,40,720
7067.74,27164,293,1095,40,720
7074.81,27164,294,1094,40,720
7082.6,27180,296,1093,40,720
7090.24,27292,297,1092,38,720
7097.83,27260,298,1091,38,720
7105.17,27244,299,1090,38,720
7112.17,27260,301,1090,38,720
7119.71,27212,302,1089,36,720
7126.49,27292,304,1088,36,720
7134.55,27244,306,1088,33,720
7141.07,27212,308,1087,33,720
7149.32,27196,311,1086,33,720
7156.89,27212,313,1086,33,720
7163.55,27356,316,1086,33,720
7171.42,27308,318,1085,31,730
7178.77,27196,321,1085,31,730
7186.68,27228,323,1085,31,730
7193.49,27228,326,1085,28,730
7202.44,27148,328,1084,28,730
7207.75,27020,330,1084,28,730
7215.8,26892,332,1084,25,740
7223.51,26876,334,1084,25,740
7231.25,26844,336,1084,25,740
7237.97,26828,337,1084,23,730
7245.83,26844,339,1084,23,730
7253.65,26892,340,1084,23,730
7260.17,26924,341,1085,23,730
7268.01,26908,342,1085,23,730
7275.87,26956,343,1085,23,730
7283.29,26972,344,1085,23,730
7290.32,26956,345,1085,20,730
7297.25,26940,346,1086,20,730
7304.74,26828,347,1086,20,730
7312.74,26620,349,1087,20,730
7320.3,26540,350,1088,20,730
7327.1,26492,352,1089,20,730
7334.63,26380,354,1090,20,730
7341.54,26380,356,1092,18,740
7349.49,26476,359,1093,18,740
7357.1,26556,361,1095,18,740
7364.91,26668,363,1097,18,740
7371.31,26748,365,1099,18,740
7379.58,26764,367,1100,15,750
7387.02,26796,369,1101,16,750
7393.95,26828,371,1103,16,750
7401.49,26828,372,1104,16,750
7409.35,26812,374,1105,16,750
7415.95,26764,375,1107,12,760
7423.68,26620,376,1108,12,760
7439.62,26540,377,1109,12,760
7440.32,26492,378,1111,12,760
7446.15,26540,380,1113,12,760
7453.81,26700,381,1116,8,760
7461.95,26636,382,1118,9,770
7468.59,26604,384,1121,9,770
7476.9,26572,385,1124,9,770
7483.09,26572,386,1126,4,770
7490.51,26572,387,1129,4,770
7498.42,26524,388,1131,5,780
7505.55,26444,389,1133,5,780
7518.71,26508,389,1135,5,780
7521.99,26476,389,1137,5,790
7563.46,26396,389,1139,5,790
7564.3,26380,389,1141,5,790
7565.11,26476,389,1143,5,790
7565.93,26316,389,1145,6,800
7566.92,26316,389,1147,6,800
7568.37,26236,389,1148,6,800
7575.37,26171,389,1150,6,800
7581.64,26203,388,1152,6,800
7589.55,26139,387,1153,6,800
7596.43,26075,387,1154,6,800
7604.23,26043,386,1155,6,800
7611.82,26139,385,1156,6,810
7618.87,26139,384,1156,6,810
7626.71,26236,383,1157,6,810
7634.4,26268,382,1158,12,810
7641.81,26300,381,1159,12,810
7648.35,26348,380,1160,12,810
7656.76,26396,378,1160,12,810
7664.16,26492,376,1161,12,810
7671.32,26476,375,1162,18,810
7678.57,26444,373,1162,18,810
7686.34,26444,371,1163,18,810
7693.21,26364,369,1164,24,800
7701.2,26364,368,1164,24,800
7708.63,26396,366,1164,29,800
7715.46,26412,364,1165,29,800
7723.37,26332,362,1165,34,790
7729.75,26348,360,1165,34,790
7737.86,26332,358,1165,34,790
7745.53,26316,357,1165,38,790
7753.15,26332,355,1165,38,790
7759.69,26364,354,1165,38,790
7768.08,26412,352,1164,38,790
7775.34,26412,351,1164,38,790
7781.7,26412,349,1163,42,780
7789.55,26316,348,1162,42,780
7797.62,26300,347,1162,42,780
7804.82,26348,345,1161,42,780
7812.11,26380,344,1160,42,780
7820.06,26540,343,1159,42,780
7826.77,26588,342,1157,45,770
7834.26,26572,341,1156,45,770
7841.98,26588,340,1155,45,770
7849.72,26540,339,1154,42,770
7856.46,26396,339,1152,42,770
7864.69,26604,338,1151,42,770
7871.37,26652,338,1149,42,770
7878.86,26748,338,1147,42,770
7886.65,26844,338,1146,45,760
7893.34,26924,338,1144,45,760
7900.94,26940,339,1141,45,760
7909.01,27020,339,1139,45,760
7915.64,27036,339,1137,42,750
7923.32,26956,340,1135,42,750
7931.13,26908,341,1133,42,750
7938.66,26860,341,1131,39,760
7946.26,26860,342,1129,37,750
7953.03,26860,343,1126,37,750
7961.26,26876,344,1124,37,750
7968.85,26828,344,1122,34,740
7975.65,26812,345,1119,34,740
7982.59,26844,346,1117,34,740
7991.4,26812,347,1115,32,740
7998.06,26892,348,1112,29,740
8004.75,26812,349,1110,29,740
8012.79,26876,350,1109,28,730
8020.36,26892,351,1107,28,730
8027.52,26892,352,1105,28,730
8034.89,26940,353,1104,28,730
8043.44,26876,355,1103,23,730
8049.08,26876,356,1103,23,730
8057.14,26844,358,1102,23,730
8065.29,26860,360,1101,23,730
8071.88,26828,361,1101,23,730
8079.32,26844,363,1100,22,720
8087.31,26924,366,1100,22,720
8094.01,26908,368,1100,22,720
8101.93,26892,370,1100,19,720
8110.25,26892,373,1100,19,720
8117.31,26956,375,1100,19,720
8124.95,26908,377,1100,19,720
8131.62,26988,380,1100,19,720
8140.19,26972,382,1100,16,720
8146.01,26828,385,1100,16,720
8153.9,26764,387,1100,16,720
8161.64,26748,390,1101,13,730
8168.42,26748,392,1101,13,730
8176.08,26716,395,1102,13,730
8184.09,26684,397,1102,13,730
8190.89,26716,400,1103,10,730
8198.53,26668,402,1103,10,730
8206.37,26700,405,1104,10,730
8212.66,26764,407,1104,10,730
8221.45,26780,409,1104,9,720
8228.37,26732,411,1104,9,720
8237,26796,413,1105,6,720
8242.82,26812,415,1105,6,720
8250.66,26764,417,1105,6,720
8258.62,26892,418,1105,6,720
8265.25,26844,420,1105,6,720
8272.91,26892,421,1105,6,720
8279.94,26876,423,1106,6,720
8287.67,26876,424,1106,6,720
8295.31,26924,426,1106,3,720
8302.37,26924,427,1106,3,720
8310.01,26924,428,1106,3,720
8317.91,26956,429,1106,3,720
8324.63,26940,430,1107,3,720
8332.47,26876,430,1107,3,720
8339.5,26940,430,1107,3,720
8346.52,26844,430,1107,3,720
8354.56,26636,430,1107,3,720
8362.48,26220,430,1107,3,720
8369.96,25595,430,1107,3,720
8376.61,24475,429,1107,3,720
8384.43,23130,427,1108,3,720
8392.09,19640,426,1109,3,720
8399,15222,425,1110,3,720
8409.91,7811,424,1111,6,720
8800.96,18056,450,1175,21,760
8806.86,18280,450,1175,19,750
8814.98,18056,449,1175,19,750
8822.62,18280,449,1175,16,750
8829.49,18744,449,1175,16,750
8836.96,19673,448,1175,16,750
8844.79,20585,448,1175,16,750
8852.74,21353,447,1175,16,750
8859.31,22010,446,1175,16,750
8867.04,22458,446,1175,16,750
8873.74,22746,444,1175,16,750
8881.74,23002,443,1175,16,750
8889.14,23210,442,1175,16,750
8896.03,23370,441,1175,16,750
8903.84,23514,440,1175,16,750
8911.81,23754,438,1175,19,750
8919.15,23994,437,1175,18,740
8926.4,24267,436,1174,18,740
8933.61,24651,434,1174,21,740
8940.53,24907,433,1173,21,740
8949.33,25035,432,1172,21,740
8955.73,25211,430,1171,21,740
8963.19,25435,429,1170,25,740
8970.5,25643,428,1169,25,740
8978.95,25771,427,1168,25,740
8984.77,25979,426,1167,25,740
8992.88,26011,425,1166,25,740
9000.8,26107,425,1164,26,720
9007.28,26107,425,1163,26,720
9015.13,26187,424,1162,23,730
9023.17,26300,424,1160,23,730
9030.73,26348,425,1159,23,730
9037.44,26508,425,1157,23,730
9045.43,26636,427,1155,23,730
9051.92,26716,428,1153,23,730
9060.86,26716,430,1151,22,720
9067.49,26812,431,1149,19,720
9074.84,26876,433,1147,19,720
9081.84,26812,435,1145,19,720
9089.79,26908,438,1144,19,720
9097.51,26940,440,1142,16,720
9104.53,26924,442,1141,16,720
9111.94,27052,445,1139,15,710
9120.18,26956,447,1138,12,720
9127.73,26860,450,1137,12,720
9134.41,26780,452,1136,9,720
9142.32,26732,454,1135,9,720
9149.11,26716,456,1134,6,720
9156.71,26620,458,1133,6,720
9164.47,26572,459,1132,3,720
9171.33,26556,461,1132,3,720
9178.58,26476,463,1131,0,710
9186.56,26476,465,1131,0,710
9194.34,26444,466,1131,0,710
9201.44,26332,468,1131,0,710
9208.77,26300,470,1131,0,710
9215.69,26332,472,1131,0,710
9223.45,26332,473,1131,0,710
9231.18,26316,475,1131,357,710
9238.38,26187,477,1132,357,710
9245.34,26236,478,1133,357,710
9253.48,26139,480,1133,357,710
9260.21,26123,482,1134,357,710
9268.39,26155,483,1135,354,710
9275.51,26075,485,1136,354,710
9282.3,26075,486,1138,354,720
9290.2,26011,487,1139,354,720
9298.28,25947,489,1140,354,720
9305.03,25883,489,1142,354,720
9312.65,25771,490,1143,354,720
9320.54,25627,491,1145,353,730
9327.29,25483,492,1147,353,730
9335.17,25483,492,1148,353,730
9342.75,25403,493,1150,353,730
9350.21,25307,493,1152,353,730
9357.18,25243,494,1153,353,730
9365.72,25131,494,1155,353,730
9373.55,25147,494,1156,353,730
9382.04,25115,494,1158,353,740
9387.55,25083,494,1159,353,740
9394.58,25067,494,1160,353,740
9401.96,24955,494,1162,353,740
9409.72,24923,493,1163,353,740
9417.4,24859,492,1164,353,740
9424.21,24811,492,1165,353,740
9431.77,24827,491,1166,357,740
9438.57,24747,489,1167,357,740
9446.73,24715,488,1167,357,740
9454.1,24731,486,1168,357,740
9462.19,24875,484,1169,356,750
9468.34,24939,482,1170,356,750
9476.29,25003,480,1171,0,750
9484.24,25051,478,1171,0,750
9490.63,24987,476,1172,0,750
9499.09,25083,474,1173,0,750
9505.6,25019,472,1174,0,750
9514.11,25099,471,1175,0,760
9521.02,25051,469,1176,0,760
9528.87,25083,468,1176,0,760
9535.47,25083,466,1177,0,760
9543.87,25115,465,1177,0,760
9550.97,25227,463,1178,4,760
9557.78,25227,462,1178,4,760
9565.39,25179,460,1178,4,760
9573.18,25291,458,1179,4,760
9580.03,25307,456,1179,4,760
9587.87,25339,454,1179,8,760
9595.26,25355,452,1180,8,760
9602.01,25467,449,1180,8,760
9610.16,25419,447,1180,8,760
9617.93,25435,446,1180,8,760
9625.04,25515,444,1180,12,760
9632.28,25579,442,1180,12,760
9640.62,25675,440,1180,12,760
9646.89,25691,439,1180,16,750
9654.67,25547,437,1179,16,750
9662.12,25627,436,1179,19,750
9669.14,25595,434,1178,19,750
9676.95,25515,433,1177,19,750
9684.76,25403,432,1177,23,750
9691.64,25451,431,1176,23,750
9698.94,25547,431,1175,23,750
9707.05,25531,430,1174,23,750
9713.6,25515,430,1173,26,740
9721.9,25563,430,1172,26,740
9729.36,25611,430,1171,26,740
9738.01,25611,430,1170,26,740
9743.3,25595,430,1169,26,740
9751.47,25595,430,1168,25,740
9758.15,25755,430,1167,25,740
9765.98,25899,430,1166,25,740
9773.58,25947,430,1164,25,740
9780.62,26027,431,1163,25,740
9788.2,26027,431,1162,25,740
9796.03,26059,432,1160,21,740
9804.03,26155,432,1159,21,740
9810.95,26091,433,1158,20,730
9818.67,26155,434,1157,20,730
9824.87,26123,435,1156,20,730
9834.19,26107,436,1155,20,730
9840.41,26187,437,1155,20,730
9848.24,26171,437,1154,17,730
9855.15,26123,437,1154,16,720
9863.43,26011,438,1154,16,720
9869.63,25979,438,1154,16,720
9877.41,25771,438,1154,16,720
9885.21,25387,438,1154,16,720
9892.49,24795,438,1154,16,720
9899.88,23978,438,1154,16,720
9907.63,22906,438,1154,17,730
9915.31,21577,438,1154,17,730
9921.42,19048,437,1154,17,730
9929.37,15447,435,1154,17,730
9937.24,11637,433,1154,17,730
12028.5,11269,573,1193,60,640
12035.3,11541,573,1193,60,640
12042.8,11893,573,1193,58,650
12050.5,12229,573,1193,58,650
12058.2,12693,573,1193,57,650
12064.9,13158,573,1193,57,650
12072.5,13430,570,1192,57,650
12080.6,13862,569,1192,57,650
12087,14310,569,1192,57,650
12094.7,14902,569,1192,57,650
12102,15335,569,1192,57,650
12109.2,15623,569,1192,57,650
12117.2,15783,569,1192,57,650
12124.6,16023,569,1192,57,650
12131.6,16327,569,1192,57,650
12139.3,16839,569,1192,57,650
12147.2,17496,569,1192,57,650
12153.9,18248,569,1192,57,650
12161.7,19224,569,1192,57,650
12168.9,20233,569,1192,57,650
12176.3,21145,569,1192,59,660
12183.5,21769,569,1192,59,660
12191.5,22490,569,1192,59,660
12197.7,23290,569,1192,59,660
12206.1,23914,569,1192,59,660
12213.4,24299,569,1192,58,670
12220.3,24651,569,1192,58,670
12228.6,24955,569,1192,60,670
12236,25211,569,1192,60,670
12242.5,25451,569,1192,60,670
12250.4,25675,569,1191,60,670
12257.9,26011,569,1191,60,670
12268.1,26348,569,1191,60,670
12273.3,26620,569,1191,60,670
12280.2,26828,569,1191,60,670
12287,26940,569,1191,60,670
12294.9,26988,569,1191,60,670
12303.2,27036,569,1191,60,670
12310.3,27052,569,1191,60,670
12317.1,27100,569,1191,60,670
12325.2,27164,569,1191,60,670
12331.6,27180,569,1191,60,670
12339.5,27260,569,1191,62,680
12347,27356,569,1191,62,680
12354.8,27548,569,1191,62,680
12361.3,27676,569,1191,62,680
12369.7,27724,569,1191,62,680
12376.9,27852,569,1190,62,680
12383.7,27900,570,1190,62,680
12391.3,27932,570,1189,62,680
12398.1,27980,571,1189,61,680
12406.9,28012,572,1188,61,680
12413.8,28044,572,1187,61,680
12421.5,28108,573,1187,61,680
12428.1,28076,573,1186,61,680
12436.2,28188,574,1186,61,680
12443.7,28316,574,1185,61,680
12451.3,28332,575,1184,61,680
12458.2,28461,575,1184,61,680
12466.6,28605,576,1183,61,680
12473.7,28781,576,1182,61,680
12480.4,28877,577,1181,59,690
12488,29005,577,1181,59,690
12495.1,29181,578,1180,59,690
12503.8,29309,578,1179,59,690
12510.7,29437,579,1178,59,690
12517.7,29469,580,1177,59,690
12525.2,29581,580,1175,59,690
12533.1,29693,581,1174,59,690
12539.6,29789,582,1173,59,690
12547.8,29789,583,1172,59,690
12554.9,29885,584,1170,59,690
12561.8,29949,584,1169,59,690
12569.6,29981,585,1167,59,690
12577.3,29981,586,1166,59,690
12583.8,30045,587,1164,59,690
12592,30077,589,1162,55,700
12599.6,30109,590,1160,55,700
12606.4,30125,591,1157,55,700
12614.1,30157,593,1155,55,700
12622.1,30141,594,1152,53,690
12628.7,30205,596,1149,53,690
12636.4,30333,597,1147,53,690
12644.6,30317,599,1144,51,680
12650.7,30445,600,1142,49,690
12659.2,30429,601,1140,49,690
12666.5,30445,602,1139,49,690
12674.1,30445,603,1137,47,690
12681.1,30397,605,1135,47,690
12688.9,30269,606,1133,47,690
12695.8,30253,607,1132,43,690
12704.5,30141,608,1131,43,690
12711.3,30253,608,1130,43,690
12718,30285,609,1129,43,690
12725.7,30237,610,1128,41,680
12733.3,30269,610,1127,41,680
12741.5,30205,611,1126,41,680
12747.6,30189,612,1125,41,680
12755.2,29965,612,1124,40,670
12763.1,30157,613,1123,40,670
12770.3,30173,613,1123,40,670
12777.7,30205,614,1122,38,680
12792.5,30221,614,1122,36,670
12807.8,30253,614,1122,36,670
12814,30237,614,1122,36,670
12822.2,30253,614,1122,36,670
12830.2,30269,614,1122,36,670
12837.6,30205,614,1122,36,670
12844,30173,614,1122,36,670
12852.3,30125,614,1122,36,670
12859.9,30109,614,1122,36,670
12866.8,30077,614,1122,36,670
12874.2,30013,614,1122,36,670
12881.6,29965,614,1122,36,670
12889.9,29901,614,1122,36,670
12896.9,29853,614,1122,36,670
12903.6,29773,614,1122,36,670
12911.2,29693,614,1122,36,670
12919,29597,614,1122,36,670
12926.4,29517,614,1122,36,670
12933.9,29437,614,1122,36,670
12940.5,29389,614,1122,36,670
12948.4,29325,614,1122,36,670
12955.2,29277,615,1123,36,670
12963,29309,615,1123,36,670
12969.7,29325,615,1124,36,670
12977.7,29357,616,1124,36,670
12985.5,29389,616,1125,36,670
12993,29405,617,1126,36,670
12999.9,29453,617,1127,38,680
13007.7,29549,618,1127,38,680
13015.1,29581,619,1128,38,680
13022.1,29565,619,1129,38,680
13030.8,29597,620,1130,38,680
13036.3,29645,620,1131,38,680
13044.4,29741,621,1132,38,680
13052.3,29741,621,1133,39,680
13060.1,29757,621,1134,39,680
13066.8,29837,622,1135,39,680
13074.7,29837,622,1136,39,680
13082.5,29949,622,1137,39,680
13089.1,29981,622,1138,41,690
13097,29981,623,1138,41,690
13104.7,29981,623,1140,41,690
13112.3,30125,623,1141,41,690
13119.1,30077,623,1142,43,700
13127.9,30045,623,1143,43,700
13133.5,30093,624,1145,43,700
13141.4,30013,624,1147,43,700
13148.7,29981,625,1149,43,700
13155.8,29997,625,1151,43,700
13163.7,29981,626,1154,45,710
13171,30045,627,1156,43,710
13178.8,30061,628,1159,43,710
13186.1,30093,629,1162,43,710
13193.8,30077,630,1165,43,710
13200.2,30189,631,1168,45,720
13208.6,30157,632,1171,45,720
13215.9,30205,633,1173,45,720
13222.6,30237,634,1175,45,720
13230,30333,635,1177,45,720
13240,30317,636,1179,45,730
13245,30349,637,1181,45,730
13252.9,30381,638,1183,45,730
13260.3,30397,639,1186,48,740
13268.2,30397,640,1188,48,740
13275.2,30413,640,1190,48,740
13282.7,30461,641,1192,48,740
13289.6,30461,642,1193,50,750
13297.3,30525,643,1195,50,750
13305.5,30509,643,1196,50,750
13311.7,30509,644,1197,53,750
13319.1,30445,644,1198,53,750
13326.8,30413,645,1200,53,750
13334,30381,646,1201,53,750
13341.3,30397,646,1202,57,760
13349.6,30413,647,1203,57,760
13356.4,30381,648,1204,57,760
13364.9,30317,648,1206,57,760
13371.6,30333,649,1207,60,760
13378.4,30349,650,1208,60,760
13386.6,30349,650,1209,60,760
13394,30317,651,1210,62,780
13402.5,30365,652,1212,62,780
13408.4,30397,653,1213,62,780
13416.2,30317,654,1214,66,780
13423.9,30349,654,1215,66,780
13430.8,30381,655,1215,66,780
13438.4,30413,655,1216,66,780
13445.4,30381,655,1216,66,780
13453.2,30413,655,1216,66,780
13461.1,30461,655,1216,66,780
13475.2,30477,655,1216,66,780
13483.2,30413,655,1216,66,780
13490.4,30397,655,1216,66,780
13498.3,30509,655,1216,66,780
13505.1,30445,655,1216,66,780
13512.9,30461,655,1216,66,780
13519.2,30493,655,1216,66,780
13527.4,30461,655,1216,66,780
13535.3,30509,655,1216,66,780
13542.1,30525,655,1216,66,780
13549.8,30606,655,1216,66,780
13557.7,30525,655,1216,66,780
13564.4,30541,655,1216,66,780
13579.6,30541,656,1216,66,780
13594.5,30557,656,1215,66,780
13601.6,30622,656,1214,66,780
13608.3,30686,656,1213,66,780
13616.4,30830,657,1211,68,770
13624.2,30878,657,1209,68,770
13630.9,31038,658,1207,62,780
13638.7,31070,658,1204,62,780
13646.4,31102,659,1201,62,780
13654.2,31150,659,1198,62,780
13661,31294,660,1195,58,770
13668.6,31198,660,1191,58,770
13676.3,31166,661,1188,54,770
13682.6,31054,661,1185,54,770
13691.1,31038,662,1182,51,760
13697.6,30990,662,1179,48,750
13705.2,30958,663,1176,48,750
13713.8,30846,663,1172,45,750
13721,30878,664,1169,45,750
13727.7,30894,665,1165,40,750
13735.9,30894,665,1162,40,750
13742.3,30894,666,1158,37,740
13751,30830,667,1155,37,740
13757.9,30638,668,1151,37,740
13765.5,30782,669,1148,35,730
13772.7,30926,670,1145,32,740
13780,30942,672,1142,32,740
13788.4,30926,673,1140,31,730
13794.5,31070,674,1137,31,730
13802.4,30990,675,1135,31,730
13809.1,30798,676,1133,29,720
13817.8,30830,677,1131,29,720
13824.7,30782,678,1130,29,720
13831.5,30782,679,1129,29,720
13839,30782,679,1128,27,710
13846.8,30814,680,1127,27,710
13854.5,30798,681,1126,25,710
13861.2,30798,681,1125,25,710
13869.9,30782,682,1124,25,710
13877,30686,683,1123,23,710
13883.7,30429,683,1122,23,710
13891,30477,684,1121,23,710
13899.3,30509,684,1121,23,710
13906.7,30509,685,1120,23,710
13913.9,30525,685,1120,22,700
13921.2,30525,685,1119,22,700
13928.1,30541,685,1119,22,700
13943.7,30525,686,1119,22,700
13950.7,30493,686,1119,22,700
13957.9,30445,686,1119,22,700
13966.4,30413,686,1119,22,700
13972.2,30317,686,1119,22,700
13981.6,30221,686,1119,22,700
13987.8,30093,686,1119,22,700
13994.9,29965,686,1119,22,700
14002.5,29869,686,1119,22,700
14010.5,29917,686,1119,22,700
14017.2,29885,686,1119,22,700
14024.6,29901,686,1119,22,700
14032.3,29869,686,1119,22,700
14039.4,29821,686,1119,22,700
14054.3,29789,686,1119,22,700
14061.2,29773,686,1119,22,700
14068.7,29773,687,1120,22,700
14076.7,29773,687,1121,22,700
14084.1,29821,687,1122,22,700
14091.2,29837,688,1124,22,700
14099.1,29965,688,1125,22,700
14105.8,29981,689,1127,22,700
14113.7,29997,689,1129,23,710
14121.2,29981,689,1131,23,710
14128.5,30077,690,1134,23,710
14136.7,30077,690,1137,23,710
14143.9,30189,690,1140,23,710
14150.2,30333,691,1144,25,710
14158,30141,691,1149,25,710
14166.5,30093,692,1153,25,710
14173.6,30045,692,1158,25,710
14180.2,30013,693,1163,26,720
14188.1,29917,693,1167,26,720
14195.5,29917,694,1172,26,720
14202.2,29949,694,1176,28,730
14210.4,30029,695,1179,28,730
14218.3,30045,696,1183,28,730
14225.9,30093,696,1187,28,730
14232.3,30237,697,1190,29,740
14240.8,30301,698,1194,29,740
14247.2,30381,698,1197,29,740
14254.9,30445,699,1201,31,750
14262.4,30205,699,1204,31,750
14269.8,30125,700,1207,33,760
14277.3,30157,701,1210,33,760
14285.1,30045,701,1212,36,770
14291.7,30077,702,1215,36,770
14300.4,30013,702,1217,39,770
14307.4,30045,703,1219,39,770
14314.1,30077,703,1220,42,780
14321.9,30045,704,1222,42,780
14329.5,30061,704,1223,42,780
14337.8,30109,705,1224,42,780
14343.6,30109,705,1225,45,790
14351.9,30045,706,1226,41,790
14359.2,30077,706,1226,41,790
14367.2,30061,706,1227,41,790
14373.9,30077,707,1227,41,790
14380.9,30061,707,1227,41,790
14388.5,29949,707,1227,41,790
14396.1,29869,707,1227,45,800
14404.3,29725,707,1227,45,800
14410.7,29549,707,1227,49,790
14418.6,29261,707,1227,49,790
14424.9,29005,707,1227,49,790
14433.7,28653,707,1227,49,790
14440.6,28172,707,1227,49,790
14447.5,27724,707,1226,49,790
14455,27004,707,1226,49,790
14463.2,26123,707,1225,49,790
14469.8,24923,707,1224,49,790
14477.7,23450,707,1222,49,790
14485.6,21161,707,1221,49,790
14492.9,17175,707,1219,49,790
14499.8,11525,707,1218,49,790
15003.4,4065,758,1203,40,720
15011.1,20601,758,1202,38,710
15018.2,20905,758,1201,37,700
15026,21097,758,1200,37,700
15033.7,21177,758,1200,37,700
15041.5,21241,758,1200,34,710
15048.4,21305,758,1200,32,700
15055.7,21321,758,1200,32,700
15062.6,21401,758,1200,32,700
15070.2,21481,758,1200,32,700
15078.3,21465,758,1200,32,700
15084.8,21593,757,1201,32,700
15093.4,21721,757,1201,32,700
15100.1,21882,757,1201,31,690
15107.1,21930,756,1202,31,690
15115.1,22074,755,1203,33,690
15122.8,22362,754,1203,35,700
15129.6,22826,753,1203,35,700
15137.1,23354,752,1203,35,700
15145.2,23818,751,1203,35,700
15152.8,24283,749,1203,37,690
15159.7,24603,748,1202,37,690
15168.8,24907,746,1201,37,690
15175,25099,744,1200,37,690
15181.9,25355,743,1198,37,690
15190,25483,741,1197,39,680
15196.2,25595,739,1195,39,680
15204,25611,738,1193,39,680
15211.6,25659,736,1190,39,680
15218.5,25771,735,1188,39,680
15226.4,25803,734,1185,39,680
15233.6,25691,733,1181,40,670
15241.8,25755,732,1178,40,670
15248.4,25739,732,1173,38,660
15256.1,25803,732,1169,38,660
15262.7,25787,732,1164,36,660
15271.1,25835,732,1159,34,660
15278.1,25819,732,1155,33,650
15286.8,25883,733,1151,33,650
15293.1,25963,734,1147,32,650
15300.5,25963,736,1144,30,650
15308.6,26043,738,1142,30,650
15315,25979,740,1139,29,640
15323,26059,744,1137,27,650
15330.6,25851,747,1135,27,650
15337.7,25803,750,1134,24,640
15345.4,25755,754,1133,24,640
15352.9,25739,758,1133,22,640
15359.6,25755,763,1134,20,650
15367.9,25835,767,1135,19,640
15375.2,25915,772,1137,17,640
15382,25899,776,1140,17,640
15389.5,25915,780,1143,15,650
15397.7,25803,784,1146,13,650
15405.1,25675,787,1148,13,650
15412.3,25675,790,1150,11,660
15420,25707,792,1152,11,660
15426.8,25643,794,1154,9,670
15434.7,25707,796,1156,9,670
15442,25707,798,1157,9,670
15449.3,25771,799,1159,7,670
15456.5,25723,801,1162,7,670
15464.7,25739,802,1164,7,680
15470.9,25819,804,1167,7,680
15478.8,25771,805,1170,7,680
15486.3,25835,806,1173,7,680
15493.5,25899,807,1176,8,690
15501.1,26027,808,1179,8,690
15508.8,26091,808,1182,8,690
15515.6,26107,808,1186,8,700
15523.4,26139,808,1189,8,700
15531.3,26252,808,1192,8,700
15537.6,26252,808,1195,9,710
15545.9,26316,808,1198,9,710
15553,26268,808,1201,9,720
15560.2,26252,808,1203,9,720
15567.7,26252,807,1205,10,730
15575.4,26203,806,1207,10,730
15582,26187,805,1209,10,740
15590,26123,804,1211,10,740
15597.3,26123,803,1213,11,750
15605.4,26139,801,1214,15,750
15612.7,26171,800,1215,15,750
15619.9,26155,798,1216,16,750
15627.6,26171,796,1217,16,750
15634,26236,794,1218,19,750
15641.8,26268,791,1218,19,750
15649.5,26236,789,1219,21,760
15657,26284,786,1219,24,760
15664.4,26332,786,1219,24,760
15672.1,26348,781,1219,24,760
15678.8,26428,779,1219,28,750
15686.7,26476,777,1219,30,760
15694.6,26476,775,1219,30,760
15701.2,26492,772,1218,33,760
15708.9,26508,770,1217,33,760
15716.7,26636,768,1216,33,760
15723.7,26636,766,1215,33,760
15731.3,26668,764,1213,37,750
15739.3,26732,762,1212,37,750
15745.3,26748,760,1210,37,750
15754,26748,758,1209,37,750
15761.2,26684,756,1207,40,750
15767.7,26684,755,1206,40,750
15775.5,26668,754,1204,37,740
15783.5,26636,753,1203,40,730
15790.5,26668,752,1202,40,730
15798.2,26572,751,1200,40,730
15805.7,26556,750,1199,40,730
15812.6,26508,750,1198,43,730
15820.3,26332,749,1197,43,730
15828.1,26059,749,1195,40,720
15836.2,25499,749,1194,40,720
15842.4,24779,749,1193,40,720
15850.7,23162,749,1192,43,710
15856.8,21417,749,1192,43,710
15864.9,18056,749,1191,41,710
15872.3,12613,749,1191,41,710
16442.1,16151,854,1225,77,610
16448.9,16103,854,1225,77,610
16456.2,15991,853,1226,77,610
16464.3,15975,853,1226,79,620
16470.8,16215,853,1226,79,620
16478.5,16423,853,1226,79,620
16486.5,16807,853,1226,79,620
16494.2,17175,853,1226,78,630
16500.8,17544,853,1226,78,630
16508.6,18104,853,1226,80,630
16516.2,18776,853,1226,80,630
16523.1,19576,853,1226,80,630
16530.7,20457,854,1224,80,630
16537.6,21081,854,1223,80,630
16545.4,21625,855,1221,80,630
16552.9,22074,856,1218,80,630
16559.8,22490,856,1215,80,630
16567.4,22986,857,1211,80,640
16575.4,23290,858,1207,80,640
16581.7,23626,858,1203,80,640
16590.3,23850,859,1199,78,630
16597.6,24123,859,1194,78,630
16604.3,24203,860,1189,75,640
16612,24299,860,1184,75,640
16619.7,24427,860,1180,73,640
16627,24427,861,1175,72,650
16634.4,24635,861,1170,70,650
16641.8,24779,862,1166,70,650
16649.6,24923,862,1161,67,650
16656.5,24987,863,1156,67,650
16664.2,25179,863,1151,65,650
16671.7,25291,864,1146,63,650
16678.2,25419,865,1141,62,650
16687.1,25691,866,1136,62,650
16694.4,25531,866,1132,60,650
16701,25515,867,1128,60,650
16708.3,25627,867,1125,57,650
16716.4,25771,868,1122,57,650
16723.2,25771,868,1119,55,650
16730.8,25979,868,1117,55,650
16738.8,25995,869,1114,54,660
16745,26091,869,1112,52,650
16753,26171,869,1109,52,650
16760.7,26203,870,1107,52,650
16768,26236,870,1104,50,650
16775.4,26380,870,1102,50,650
16783.8,26380,871,1100,50,650
16789.9,26508,871,1098,50,650
16797.6,26524,871,1096,48,650
16805.1,26588,872,1094,47,650
16812,26588,872,1093,47,650
16820.1,26716,872,1091,47,650
16827.8,26732,872,1090,47,650
16835.3,26716,872,1089,47,650
16841.6,26700,872,1089,47,650
16849,26828,872,1088,47,650
16855.6,26812,872,1088,47,650
16864.1,26764,872,1088,47,650
16871.1,26732,872,1087,45,640
16878,26524,872,1087,45,640
16886.1,26396,872,1087,45,640
16893.8,26203,872,1087,45,640
16900.2,26091,872,1087,45,640
16908.4,25947,872,1087,45,640
16916.2,25915,872,1087,45,640
16922.6,26139,872,1088,45,640
16930.6,26220,872,1089,45,640
16938.1,26380,872,1090,45,640
16945,26556,872,1092,45,640
16952.7,26620,871,1094,45,640
16960.9,26620,871,1096,45,640
16968.1,26700,870,1099,45,640
16974.8,26652,869,1102,47,650
16982.5,26732,869,1106,47,650
16989.3,26700,868,1109,47,650
16996.9,26700,868,1112,47,650
17005,26732,868,1114,47,650
17012,26764,868,1116,48,650
17019.7,26732,868,1118,48,650
17027.3,26764,868,1119,48,650
17034.8,26796,868,1120,50,650
17041.8,26764,868,1120,50,650
17049.2,26780,868,1121,50,650
17057.7,26812,868,1121,50,650
17063.5,26812,868,1122,50,650
17071.5,26844,868,1123,50,650
17079.5,26828,869,1124,50,650
17086.2,26828,869,1126,50,650
17095.6,26892,869,1128,50,650
17105.7,26892,869,1130,50,650
17109.5,26972,869,1132,52,650
17116.7,26972,869,1134,52,650
17124.4,27084,869,1137,52,650
17131.3,27084,869,1140,52,650
17139.1,27180,869,1142,52,650
17146.8,27116,869,1144,54,660
17155.2,27052,869,1146,54,660
17161,26972,869,1148,54,660
17168.7,26956,868,1150,54,660
17175.7,26988,868,1151,54,660
17183.4,26988,868,1152,54,660
17191.1,26988,867,1153,55,650
17197.7,26908,867,1155,55,650
17205.8,26940,866,1156,55,650
17213.4,26956,865,1157,55,650
17221.1,26988,865,1159,55,650
17227.6,26940,864,1161,55,650
17235.8,26956,862,1163,57,650
17242.2,26956,861,1166,57,650
17250.3,26956,860,1168,57,650
17257.9,27004,859,1170,57,650
17264.8,26924,858,1173,57,650
17272.1,27004,857,1175,59,660
17280.2,26972,856,1177,60,650
17287.8,27004,855,1179,60,650
17294.7,27004,855,1181,60,650
17302.4,27036,854,1184,60,650
17309.3,27036,854,1186,62,650
17318,27036,853,1189,62,650
17324.8,27084,853,1193,63,650
17332.5,27148,853,1196,63,650
17339.3,27180,853,1200,65,650
17347,27132,853,1204,65,650
17354.8,27036,854,1208,65,650
17361.7,26972,855,1211,67,650
17369.3,26892,855,1215,68,640
17376.2,26876,857,1219,68,640
17383.8,26924,858,1222,70,650
17391.7,26860,859,1226,70,650
17399.6,26892,860,1229,72,650
17405.8,26956,861,1232,72,650
17414.1,26972,863,1235,72,650
17421.6,27020,864,1237,72,650
17429.3,27036,865,1240,75,650
17435.9,27084,866,1242,75,650
17444.5,27084,868,1244,75,650
17450.2,27036,869,1246,75,650
17458.2,27132,871,1248,77,650
17465.8,27132,872,1251,77,650
17473.1,27180,875,1253,77,650
17480.6,27308,877,1256,77,650
17488.5,27228,879,1259,77,650
17495.2,27308,881,1261,78,670
17502.9,27292,884,1264,78,670
17510.4,27228,886,1267,78,670
17517.1,27212,888,1269,81,670
17525.9,27196,890,1271,81,670
17532.8,27084,891,1273,80,680
17539.6,27084,893,1275,83,680
17547.1,27068,895,1276,83,680
17554.8,27036,896,1278,83,680
17561.8,27052,898,1280,83,680
17569.6,27068,899,1282,85,680
17577.3,27100,901,1284,85,680
17584,27036,903,1286,85,680
17591.9,27084,905,1288,85,680
17599.4,27020,908,1290,85,680
17607,26988,910,1292,88,680
17614,26988,912,1294,88,680
17622.7,26892,914,1295,88,680
17628.5,26892,916,1296,88,680
17636.5,26876,918,1297,88,680
17643.8,26972,919,1298,90,690
17650.9,26924,921,1298,90,690
17658.7,26956,922,1298,90,690
17666.2,26940,923,1298,90,690
17673.1,26988,925,1298,90,700
17680.8,27068,926,1298,90,700
17688.8,27164,928,1298,90,700
17695.3,27196,930,1297,90,710
17703.1,27292,932,1295,90,710
17710.7,27484,934,1294,90,710
17718.8,27692,936,1291,90,720
17725.1,27756,938,1289,90,720
17733,27932,940,1286,90,720
17739.4,28012,942,1284,90,730
17747.5,28092,943,1281,90,730
17755.1,28188,944,1277,90,730
17762.8,28380,945,1274,90,740
17769.7,28396,946,1270,87,740
17777.4,28461,947,1266,87,740
17785,28621,948,1262,83,750
17791.8,28733,948,1258,83,750
17799.8,28813,948,1253,79,750
17807.2,28893,948,1249,78,760
17816,28829,948,1245,74,750
17822.1,28781,948,1240,74,750
17829.6,28573,947,1236,71,750
17836.3,28573,946,1231,67,750
17844.4,28557,944,1227,67,750
17851.7,28621,943,1223,64,740
17858.8,28653,942,1220,61,740
17867.1,28829,940,1218,61,740
17874.3,28861,939,1216,58,740
17881.2,28893,938,1215,58,740
17889.2,28701,938,1214,55,730
17897.3,28573,937,1214,55,730
17903.1,28653,936,1214,55,730
17911.7,28877,934,1215,55,730
17918.9,29053,933,1217,52,720
17925.5,29005,932,1218,52,720
17933.4,28973,930,1220,52,720
17941.3,28973,929,1223,52,720
17948.3,28893,928,1224,55,730
17955.8,28909,928,1226,55,730
17963.9,28957,927,1227,57,720
17969.9,28941,927,1228,57,720
17977.9,28973,927,1229,57,720
17985.7,29021,927,1229,59,730
17992.9,28941,927,1230,59,730
18000,28989,926,1230,61,720
18029.6,28957,926,1230,61,720
18044.5,28893,926,1230,64,720
18052.1,28829,926,1230,64,720
18067.5,28813,926,1230,64,720
18074.6,28797,926,1230,64,720
18081.3,28781,926,1230,64,720
18089.2,28733,926,1230,62,730
18096.1,28573,926,1230,62,730
18104.5,28220,926,1230,62,730
18111,27724,926,1230,62,730
18118.7,27100,926,1230,62,730
18125.4,26476,926,1230,62,730
18133.6,25579,926,1230,62,730
18141,24843,926,1230,65,740
18148.7,23994,926,1229,65,740
18155.4,22906,926,1229,65,740
18163.2,21657,927,1229,65,740
18170.9,19656,927,1229,65,740
18177.6,17512,927,1229,65,740
18186,15591,928,1229,65,740
18192.7,13270,929,1230,69,740
18200,10756,929,1230,69,740
18207.6,8067,930,1230,69,740
18215.5,6563,930,1230,69,740
18222.3,3937,931,1230,69,740
18800.4,18904,979,1280,87,730
18806.8,19240,978,1281,87,730
18815.2,19080,978,1281,87,740
18822.4,19048,978,1281,87,740
18830.2,19160,978,1281,86,750
18837.1,19496,978,1281,86,750
18845.1,20489,978,1281,86,750
18852.4,21401,978,1281,86,750
18859.3,22106,978,1280,86,750
18866.6,22586,978,1279,86,750
18873.7,23098,978,1278,86,750
18881.1,23482,978,1276,86,750
18888.9,23818,978,1273,86,750
18896.9,24123,979,1271,86,750
18903.6,24523,979,1268,86,750
18911.3,24859,980,1266,83,750
18918.9,25115,980,1263,83,750
18926.2,25467,980,1261,82,760
18933.2,25707,980,1258,78,760
18941.8,25963,981,1256,78,760
18947.9,26220,981,1253,78,760
18955.6,26492,981,1250,74,750
18963.3,26588,981,1247,74,750
18970.4,26732,981,1243,71,750
18978,26860,981,1240,71,750
18985.9,27052,981,1236,67,750
18992.6,27244,981,1232,67,750
19000.3,27356,981,1228,64,740
19007.9,27644,981,1223,62,750
19014.5,27836,981,1219,59,750
19022.8,27948,980,1214,59,750
19032.2,28044,980,1210,56,740
19040.2,28188,980,1205,56,740
19044.9,28316,980,1201,53,740
19052.2,28525,980,1196,50,750
19059.8,28749,980,1192,48,740
19067.3,28701,980,1188,45,730
19074.6,28557,980,1183,45,730
19082.6,28589,980,1179,43,730
19089.5,28461,981,1175,43,730
19097.1,28717,981,1170,38,720
19104.9,28813,982,1166,36,720
19111.7,28669,982,1162,36,720
19120.3,28557,983,1158,34,710
19126.9,28685,984,1154,34,710
19133.8,28685,984,1151,30,710
19141.6,29021,984,1148,28,700
19149.5,29133,985,1144,28,700
19156.4,29229,985,1141,28,700
19164.1,29181,985,1138,25,690
19171.8,29325,985,1134,25,690
19178.3,28989,985,1130,24,680
19186.1,28893,985,1127,24,680
19193,28845,985,1123,24,680
19201.3,28717,985,1120,22,670
19208.5,28861,985,1116,20,680
19217.1,28797,985,1113,19,670
19222.8,28797,985,1110,19,670
19230.7,28781,985,1108,19,670
19238.3,28941,985,1106,18,660
19245.3,29005,985,1103,18,660
19253.1,29149,985,1101,18,660
19260.5,29197,985,1100,15,650
19267.7,29181,985,1098,15,650
19275.3,29213,985,1096,15,650
19283.3,29245,985,1094,15,650
19290,29293,985,1093,15,640
19297.7,29325,985,1091,15,640
19305.5,29325,984,1090,15,640
19312.9,29325,984,1088,15,640
19319.4,29357,984,1086,15,640
19327.5,29357,984,1085,15,640
19334.2,29485,984,1083,15,640
19342.1,29421,984,1082,15,640
19349.9,29469,984,1080,15,640
19356.6,29373,984,1079,15,640
19364.6,29341,984,1078,15,640
19372.1,29293,984,1077,15,640
19378.9,29293,984,1075,15,640
19386.8,29261,984,1074,15,640
19394.8,29213,984,1073,15,640
19400.8,29149,984,1073,15,640
19409.7,29181,984,1072,15,640
19416.4,29149,984,1072,15,640
19424.3,29133,984,1072,15,640
19430.9,29085,984,1072,15,640
19438.9,29053,984,1072,15,640
19445.9,28973,984,1072,15,640
19454.4,28893,984,1072,15,640
19461.4,28765,984,1072,15,640
19469.3,28525,984,1072,15,640
19475.9,28044,984,1072,15,640
19483.4,27196,984,1072,15,640
19491,26139,985,1072,15,640
19498.1,24619,985,1072,15,640
19505.9,22570,986,1074,15,640
19513.1,19993,986,1076,15,640
19520.2,15431,987,1079,15,640
19527.9,7715,988,1083,15,640
20127.6,15655,1099,1276,58,740
20135.9,15991,1099,1276,58,740
20143.4,15639,1099,1276,59,750
20150.7,16007,1099,1276,59,750
20157.6,16599,1099,1276,57,760
20165.5,17736,1099,1276,57,760
20172.2,19144,1099,1276,57,760
20180.1,20345,1099,1276,57,760
20187.7,21097,1099,1276,57,760
20194.9,21705,1099,1276,57,760
20202.6,22218,1099,1276,57,760
20210.2,22794,1099,1276,57,760
20217.1,23354,1099,1276,57,760
20224.6,23898,1099,1276,57,760
20232.5,24251,1099,1275,57,760
20238.8,24507,1099,1274,57,760
20247.6,25035,1099,1272,57,760
20254.2,25371,1099,1271,57,760
20262.7,25835,1098,1269,57,760
20269.2,26203,1098,1266,57,760
20276.6,26540,1097,1264,57,760
20284,26764,1097,1261,53,750
20291,26956,1096,1257,53,750
20299.1,27212,1095,1254,51,760
20305.5,27548,1094,1250,51,760
20313.3,27820,1093,1246,48,750
20321.2,27996,1092,1242,48,750
20328.9,28140,1091,1238,45,750
20335.6,28284,1090,1235,45,750
20343.8,28477,1090,1231,40,750
20351.1,28685,1089,1228,37,740
20357.9,28861,1089,1224,37,740
20365.6,28925,1089,1221,35,730
20373.6,29037,1088,1217,35,730
20380.2,29053,1088,1213,31,730
20388,29197,1088,1210,31,730
20395.7,29421,1088,1206,29,720
20402.6,29485,1088,1202,27,710
20410.5,29581,1088,1198,27,710
20417.7,29773,1088,1194,27,710
20425.7,29805,1088,1190,23,710
20432.2,29677,1088,1186,23,710
20440.7,29629,1088,1182,22,700
20446.8,29597,1088,1178,22,700
20454.8,29645,1088,1174,22,700
20462.3,29581,1088,1174,19,690
20469.1,29645,1090,1164,19,690
20476.9,29805,1091,1159,18,680
20484.7,29629,1092,1154,18,680
20491.5,29549,1093,1149,15,670
20499.2,29645,1093,1145,14,660
20507,29837,1094,1141,14,660
20514.5,30045,1094,1137,11,660
20521.7,29997,1095,1134,11,660
20529,29965,1096,1131,11,650
20535.8,29965,1096,1128,11,650
20543.5,29869,1097,1125,9,650
20551.3,29837,1098,1122,8,640
20558.1,29805,1098,1119,8,640
20565.9,29757,1099,1117,6,640
20573.7,29725,1099,1114,6,630
20581.1,29805,1099,1112,6,630
20589,29853,1100,1110,6,620
20596,29901,1100,1107,4,620
20603.6,29885,1100,1105,4,620
20610.3,29965,1101,1104,4,610
20618.8,29917,1101,1102,4,610
20625,29949,1101,1100,4,610
20634,30029,1102,1099,4,610
20640.1,30045,1102,1098,3,600
20648.2,30077,1102,1098,3,600
20654.6,30045,1102,1097,3,600
20662.6,30077,1102,1097,3,600
20670.5,30029,1102,1097,3,600
20676.8,30045,1102,1096,3,600
20685,29981,1102,1096,3,600
20692.6,29997,1102,1096,3,590
20699.6,29965,1102,1096,3,590
20707.1,29933,1102,1096,3,590
20715.5,29853,1102,1096,3,590
20721.8,29837,1102,1096,3,590
20729.2,29773,1102,1096,3,590
20736.7,29709,1102,1096,3,590
20743.8,29661,1102,1097,3,590
20751.1,29645,1102,1098,3,590
20759.2,29629,1101,1099,3,590
20765.9,29629,1101,1100,3,590
20773.3,29613,1101,1100,3,590
20781.3,29613,1100,1104,3,590
20788.3,29581,1099,1105,3,600
20796,29549,1098,1107,3,600
20803.4,29565,1098,1109,3,600
20810.6,29549,1097,1111,3,600
20818.1,29501,1097,1113,5,600
20825.7,29581,1096,1115,5,600
20832.3,29581,1096,1117,5,610
20840.3,29597,1095,1119,5,610
20847.8,29597,1095,1122,7,610
20854.9,29629,1094,1124,7,610
20862.7,29597,1094,1127,7,620
20870.2,29661,1093,1129,7,620
20877,29661,1093,1132,7,620
20884.8,29725,1092,1135,10,630
20892.4,29757,1092,1138,10,630
20900.2,29869,1091,1141,10,630
20907,29805,1091,1144,10,630
20915.2,29725,1091,1148,10,640
20922.4,29645,1090,1151,10,640
20929.1,29549,1090,1154,12,630
20936.9,29533,1090,1157,12,630
20943.4,29533,1090,1160,12,630
20951.6,29517,1090,1162,13,640
20959.1,29485,1090,1165,13,640
20968.9,29501,1090,1168,13,640
20974,29517,1090,1171,15,640
20981.8,29469,1090,1174,15,640
20989.6,29501,1090,1176,15,650
20996,29533,1090,1179,15,650
21004.5,29533,1090,1182,15,650
21011.7,29581,1090,1185,16,660
21018.4,29661,1091,1188,16,660
21025.9,29693,1091,1191,18,660
21034.1,29741,1091,1193,19,670
21041.3,29805,1091,1196,19,670
21048.8,29837,1091,1199,20,680
21056.3,29773,1091,1201,20,680
21063,29693,1091,1203,20,680
21070.7,29645,1091,1206,21,690
21078.6,29629,1091,1208,21,690
21085.8,29613,1091,1210,24,680
21092.9,29533,1091,1212,25,690
21101,29581,1091,1214,25,690
21107.3,29581,1091,1217,25,690
21115.3,29501,1091,1219,25,690
21122.8,29533,1091,1221,25,690
21129.8,29549,1091,1222,25,690
21137.8,29565,1090,1224,26,700
21145.5,29581,1090,1225,26,700
21152.9,29613,1090,1226,26,700
21159.6,29645,1090,1228,26,700
21167.3,29613,1089,1229,28,700
21174.2,29661,1089,1230,30,710
21183.3,29645,1088,1231,30,710
21189.3,29677,1088,1232,30,710
21196.5,29693,1087,1234,30,710
21203.9,29741,1087,1235,30,710
21211.9,29837,1086,1236,32,710
21218.8,29869,1085,1237,32,710
21226.5,29885,1085,1238,32,710
21234.4,29869,1084,1239,32,710
21241,29965,1083,1240,32,710
21256.2,29949,1082,1241,32,710
21263.7,29981,1081,1242,32,710
21270.8,30061,1080,1242,33,720
21279.3,30077,1079,1243,33,720
21286.6,30093,1077,1243,36,720
21293.1,30077,1076,1244,36,720
21300.9,30125,1074,1244,36,720
21308.9,30061,1072,1245,36,720
21315.4,30045,1071,1245,36,720
21323.2,30029,1069,1245,38,710
21330.2,30045,1067,1245,38,710
21338.7,29949,1065,1245,38,710
21345.9,29949,1063,1244,41,710
21352.9,29965,1061,1244,41,710
21360.8,29933,1059,1243,41,710
21367.7,29869,1057,1241,41,710
21376.1,29853,1055,1240,43,700
21382.2,29837,1053,1238,43,700
21389.9,29741,1051,1236,43,700
21397.8,29693,1048,1233,43,700
21404.5,29677,1046,1230,43,700
21412.6,29709,1044,1227,45,690
21420,29661,1042,1224,45,690
21427,29693,1040,1221,43,690
21435.8,29677,1039,1217,43,690
21442.3,29693,1037,1212,41,680
21449.3,29725,1036,1208,41,680
21457.4,29757,1035,1204,41,680
21464.5,29741,1035,1199,40,670
21471.6,29789,1035,1194,40,670
21479,29757,1035,1190,38,660
21486.9,29613,1036,1185,38,660
21493.5,29501,1037,1180,34,660
21501.3,29309,1039,1175,33,650
21508.9,29213,1041,1170,33,650
21515.8,29325,1044,1165,32,650
21524,29277,1047,1161,29,640
21531.5,29181,1050,1156,29,640
21538.3,29213,1053,1151,26,640
21545.6,29325,1057,1147,26,640
21554,29437,1060,1144,23,630
21561.3,29437,1063,1141,20,630
21567.9,29517,1067,1138,20,630
21575.5,29485,1070,1136,18,630
21582.5,29389,1072,1134,17,620
21590.2,29325,1075,1132,15,620
21598.1,29373,1078,1131,15,620
21604.9,29293,1081,1130,13,610
21612.4,29181,1084,1129,13,610
21620.2,29053,1087,1129,11,620
21627.6,28989,1090,1129,9,620
21634.4,28941,1093,1129,9,610
21642.2,28781,1096,1129,7,610
21649.7,28813,1099,1129,7,610
21656.5,28765,1102,1130,5,610
21664.3,28685,1106,1131,5,610
21671.1,28685,1109,1132,4,610
21678.8,28685,1113,1134,4,610
21686.4,28685,1116,1136,2,610
21694.8,28685,1120,1138,2,610
21701.5,28621,1123,1140,0,610
21709.5,28701,1125,1142,0,620
21715.9,28621,1128,1144,0,620
21723.6,28509,1129,1146,0,620
21731.5,28429,1131,1147,0,620
21738.8,28348,1132,1148,0,620
21746.8,28316,1133,1149,0,620
21753.5,28236,1134,1149,0,620
21761.7,28188,1134,1150,0,620
21768,28204,1134,1150,358,620
21776.1,28268,1134,1150,358,630
21783.7,28236,1134,1150,358,630
21790.6,28140,1134,1150,358,630
21798.3,27964,1134,1150,358,630
21806.1,27644,1134,1150,358,630
21813,27116,1134,1150,358,630
21820.5,26540,1134,1150,358,630
21828.5,25915,1134,1150,358,630
21834.5,25531,1134,1150,358,630
21843.4,25003,1134,1150,358,630
21850.2,24523,1134,1150,358,630
21857.4,23978,1134,1150,358,630
21864.5,22842,1134,1150,358,630
21872.6,21385,1134,1150,358,630
21879.5,19352,1134,1150,358,630
21887.1,17047,1133,1151,0,630
21895,13558,1132,1151,0,630
21901.6,8852,1131,1152,0,630
